2026-04-29 20:50:43,968 [INFO] in AsyncAppender-Worker-ASYNCSTDOUT - 20:50:43.963 [+2543 ms] INFO  c.jpro.activity - Starting the server - AsyncAppender-Worker-ASYNCSTDOUT
2026-04-29 20:50:43,969 [INFO] in AsyncAppender-Worker-ASYNCSTDOUT - 20:50:43.965 [+2545 ms] INFO  c.j.i.s.JProInitializer$ -  *** Starting JPro: https://www.jpro.one/ *** - AsyncAppender-Worker-ASYNCSTDOUT
2026-04-29 20:50:43,969 [INFO] in AsyncAppender-Worker-ASYNCSTDOUT - 20:50:43.965 [+2545 ms] INFO  c.j.i.s.JProInitializer$ - OS: Windows 11 - AsyncAppender-Worker-ASYNCSTDOUT
2026-04-29 20:50:43,977 [INFO] in AsyncAppender-Worker-ASYNCSTDOUT - 20:50:43.977 [+2557 ms] INFO  c.j.i.s.JProInitializer$ - JPro: 2026.1.1 - AsyncAppender-Worker-ASYNCSTDOUT
2026-04-29 20:50:43,978 [INFO] in AsyncAppender-Worker-ASYNCSTDOUT - 20:50:43.977 [+2557 ms] INFO  c.j.i.s.JProInitializer$ - Java version: 26.0.1 - AsyncAppender-Worker-ASYNCSTDOUT
2026-04-29 20:50:43,978 [INFO] in AsyncAppender-Worker-ASYNCSTDOUT - 20:50:43.977 [+2557 ms] INFO  c.j.i.s.JProInitializer$ - JVM: 26.0.1 Oracle Corporation - AsyncAppender-Worker-ASYNCSTDOUT
2026-04-29 20:50:43,981 [INFO] in AsyncAppender-Worker-ASYNCSTDOUT - 20:50:43.980 [+2560 ms] INFO  c.j.i.s.JProInitializer$ - JavaFX jar: file:/C:/Users/lehas/.m2/repository/org/openjfx/javafx-graphics/25.0.2-jpro+1/javafx-graphics-25.0.2-jpro+1-win.jar - AsyncAppender-Worker-ASYNCSTDOUT
2026-04-29 20:50:43,986 [INFO] in AsyncAppender-Worker-ASYNCSTDOUT - 20:50:43.984 [+2564 ms] INFO  c.j.i.s.JProInitializer$ - Configuring logging from url: 'jar:file:/C:/Users/lehas/.m2/repository/one/jpro/jpro-server_2.12/2026.1.1/jpro-server_2.12-2026.1.1.jar!/logback-jpro-default.xml' - AsyncAppender-Worker-ASYNCSTDOUT
2026-04-29 20:50:45,218 [INFO] in AsyncAppender-Worker-ASYNCSTDOUT - 20:50:45.217 [+3797 ms] INFO  c.j.i.s.JProInitializer$ - JavaFX version: 25.0.2-jpro+1 - AsyncAppender-Worker-ASYNCSTDOUT
2026-04-29 20:50:45,303 [INFO] in JavaFX Application Thread - G1 Young Generation - JavaFX Application Thread
2026-04-29 20:50:45,303 [INFO] in JavaFX Application Thread - G1 Concurrent GC - JavaFX Application Thread
2026-04-29 20:50:45,303 [INFO] in JavaFX Application Thread - G1 Old Generation - JavaFX Application Thread
2026-04-29 20:50:45,314 [INFO] in AsyncAppender-Worker-ASYNCSTDOUT - 20:50:45.313 [+3893 ms] INFO  c.j.i.s.JProInitializer$ - finished init! - AsyncAppender-Worker-ASYNCSTDOUT
2026-04-29 20:50:45,317 [INFO] in AsyncAppender-Worker-ASYNCSTDOUT - 20:50:45.317 [+3897 ms] INFO  c.j.i.s.JProInitializer$ - [JPro] -> Server started: {start_time: 1777470643961, os_name: Windows 11, jpro_version: 2026.1.1, pid: 25092, servername: N610} - AsyncAppender-Worker-ASYNCSTDOUT
2026-04-29 20:50:45,411 [INFO] in AsyncAppender-Worker-ASYNCSTDOUT - 20:50:45.410 [+3990 ms] INFO  c.j.i.s.Route$ - Creating routing for JPro server - AsyncAppender-Worker-ASYNCSTDOUT
2026-04-29 20:50:45,483 [INFO] in AsyncAppender-Worker-ASYNCSTDOUT - 20:50:45.483 [+4063 ms] INFO  i.h.c.f.HelidonFeatures - Helidon SE 4.2.6 features: [Config, Encoding, Media, Metrics, Registry, WebServer, WebSocket] - AsyncAppender-Worker-ASYNCSTDOUT
2026-04-29 20:50:45,491 [INFO] in AsyncAppender-Worker-ASYNCSTDOUT - 20:50:45.491 [+4071 ms] INFO  i.h.w.ServerListener - [0x69355ba8] http://0.0.0.0:8080 bound for socket '@default' - AsyncAppender-Worker-ASYNCSTDOUT
2026-04-29 20:50:45,493 [ERROR] in Thread-0 - There is no Helidon logging implementation on classpath, skipping log configuration. - Thread-0
2026-04-29 20:50:45,502 [INFO] in AsyncAppender-Worker-ASYNCSTDOUT - 20:50:45.501 [+4081 ms] INFO  i.h.w.LoomServer - Started all channels in 21 milliseconds. 4456 milliseconds since JVM startup. Java 26.0.1+8-34 - AsyncAppender-Worker-ASYNCSTDOUT
2026-04-29 20:50:45,503 [INFO] in Thread-0 - Server started at http://localhost:8080 - Thread-0
2026-04-29 20:50:47,655 [INFO] in AsyncAppender-Worker-ASYNCSTDOUT - 20:50:47.655 [+6235 ms] INFO  c.j.i.s.JProWSEndpoint - application requested: default params: Map() - AsyncAppender-Worker-ASYNCSTDOUT
2026-04-29 20:50:47,655 [INFO] in AsyncAppender-Worker-ASYNCSTDOUT - 20:50:47.655 [+6235 ms] INFO  c.j.i.s.JProWSEndpoint - Creating Application: default - AsyncAppender-Worker-ASYNCSTDOUT
2026-04-29 20:50:47,656 [INFO] in AsyncAppender-Worker-ASYNCSTDOUT - 20:50:47.655 [+6235 ms] INFO  c.j.i.s.JProWSEndpoint - remoteAddress 0:0:0:0:0:0:0:1 - AsyncAppender-Worker-ASYNCSTDOUT
2026-04-29 20:50:47,656 [INFO] in AsyncAppender-Worker-ASYNCSTDOUT - 20:50:47.655 [+6235 ms] INFO  c.j.i.s.JProWSEndpoint - host           - AsyncAppender-Worker-ASYNCSTDOUT
2026-04-29 20:50:47,656 [INFO] in AsyncAppender-Worker-ASYNCSTDOUT - 20:50:47.656 [+6236 ms] INFO  c.j.i.s.JProWSEndpoint - uri           /app/ws/default - AsyncAppender-Worker-ASYNCSTDOUT
2026-04-29 20:50:47,664 [INFO] in AsyncAppender-Worker-ASYNCSTDOUT - 20:50:47.663 [+6243 ms] INFO  c.j.i.s.JProWSEndpoint - Application found. - AsyncAppender-Worker-ASYNCSTDOUT
2026-04-29 20:50:47,677 [INFO] in AsyncAppender-Worker-ASYNCSTDOUT - 20:50:47.677 [+6257 ms] INFO  c.j.i.s.JProWSEndpoint - Handshake received: 1fc848e7be83856bef963b103116f03f - AsyncAppender-Worker-ASYNCSTDOUT
2026-04-29 20:50:47,874 [INFO] in AsyncAppender-Worker-ASYNCSTDOUT - 20:50:47.873 [+6453 ms] INFO  c.j.i.s.ViewInfo$ - [JPro] -> View created: {app_name: default, host_name: localhost:8080, instance_id: 97g7m2mntmbphgbaz0hu6thzm, browser: Microsoft Edge 147.0.0.0, browser_url: http://localhost:8080/, client_ip: 0:0:0:0:0:0:0:1} - AsyncAppender-Worker-ASYNCSTDOUT
2026-04-29 20:50:48,606 [INFO] in JavaFX Application Thread - Menu Controller đã được khởi tạo! - JavaFX Application Thread
2026-04-29 20:50:50,822 [INFO] in JavaFX Application Thread - Nhạc nền menu đang phát... - JavaFX Application Thread
2026-04-29 20:50:51,201 [INFO] in AsyncAppender-Worker-ASYNCSTDOUT - 20:50:51.201 [+9781 ms] INFO  c.j.i.c.InstanceImpl - [JPro] -> Instance created: {app_name: default, host_name: localhost:8080, instance_id: 97g7m2mntmbphgbaz0hu6thzm, browser: Microsoft Edge 147.0.0.0, browser_url: http://localhost:8080/, client_ip: 0:0:0:0:0:0:0:1} - AsyncAppender-Worker-ASYNCSTDOUT
2026-04-29 20:51:05,487 [INFO] in JavaFX Application Thread - Nút Start đã được bấm! Đang khởi tạo GameView... - JavaFX Application Thread
2026-04-29 20:51:05,503 [INFO] in JavaFX Application Thread - Đã khởi tạo Difficulty Controller - JavaFX Application Thread
2026-04-29 20:51:05,541 [INFO] in AsyncAppender-Worker-ASYNCSTDOUT - 20:51:05.541 [+24121 ms] INFO  c.j.m.t.SceneInputListener - On disposing SceneInputListener: primaryScene.window was null. Skipped the forced release of the mouse. - AsyncAppender-Worker-ASYNCSTDOUT
2026-04-29 20:51:06,496 [INFO] in JavaFX Application Thread - Medium Mode - JavaFX Application Thread
2026-04-29 20:51:06,516 [INFO] in AsyncAppender-Worker-ASYNCSTDOUT - 20:51:06.516 [+25096 ms] INFO  c.j.m.t.SceneInputListener - On disposing SceneInputListener: primaryScene.window was null. Skipped the forced release of the mouse. - AsyncAppender-Worker-ASYNCSTDOUT
2026-04-29 20:51:12,372 [INFO] in AsyncAppender-Worker-ASYNCSTDOUT - 20:51:12.372 [+30952 ms] WARN  c.j.m.s.FXSerializer$$anon$1 - Unsupported Object: com.sun.scenario.effect.DropShadow@72d041f ... com.sun.scenario.effect.DropShadow - AsyncAppender-Worker-ASYNCSTDOUT
2026-04-29 20:51:12,385 [INFO] in AsyncAppender-Worker-ASYNCSTDOUT - 20:51:12.385 [+30965 ms] WARN  c.j.m.s.FXSerializer$$anon$1 - Unsupported Object: com.sun.scenario.effect.DropShadow@2952fb25 ... com.sun.scenario.effect.DropShadow - AsyncAppender-Worker-ASYNCSTDOUT
2026-04-29 20:51:12,401 [INFO] in AsyncAppender-Worker-ASYNCSTDOUT - 20:51:12.401 [+30981 ms] WARN  c.j.m.s.FXSerializer$$anon$1 - Unsupported Object: com.sun.scenario.effect.DropShadow@4b476de7 ... com.sun.scenario.effect.DropShadow - AsyncAppender-Worker-ASYNCSTDOUT
2026-04-29 20:51:12,416 [INFO] in AsyncAppender-Worker-ASYNCSTDOUT - 20:51:12.416 [+30996 ms] WARN  c.j.m.s.FXSerializer$$anon$1 - Unsupported Object: com.sun.scenario.effect.DropShadow@417dbf98 ... com.sun.scenario.effect.DropShadow - AsyncAppender-Worker-ASYNCSTDOUT
2026-04-29 20:51:12,434 [INFO] in AsyncAppender-Worker-ASYNCSTDOUT - 20:51:12.434 [+31014 ms] WARN  c.j.m.s.FXSerializer$$anon$1 - Unsupported Object: com.sun.scenario.effect.DropShadow@1155736a ... com.sun.scenario.effect.DropShadow - AsyncAppender-Worker-ASYNCSTDOUT
2026-04-29 20:51:12,449 [INFO] in AsyncAppender-Worker-ASYNCSTDOUT - 20:51:12.449 [+31029 ms] WARN  c.j.m.s.FXSerializer$$anon$1 - Unsupported Object: com.sun.scenario.effect.DropShadow@e2acbb2 ... com.sun.scenario.effect.DropShadow - AsyncAppender-Worker-ASYNCSTDOUT
2026-04-29 20:51:12,465 [INFO] in AsyncAppender-Worker-ASYNCSTDOUT - 20:51:12.465 [+31045 ms] WARN  c.j.m.s.FXSerializer$$anon$1 - Unsupported Object: com.sun.scenario.effect.DropShadow@1b0e51b7 ... com.sun.scenario.effect.DropShadow - AsyncAppender-Worker-ASYNCSTDOUT
2026-04-29 20:51:12,481 [INFO] in AsyncAppender-Worker-ASYNCSTDOUT - 20:51:12.481 [+31061 ms] WARN  c.j.m.s.FXSerializer$$anon$1 - Unsupported Object: com.sun.scenario.effect.DropShadow@4c2f6cb6 ... com.sun.scenario.effect.DropShadow - AsyncAppender-Worker-ASYNCSTDOUT
2026-04-29 20:51:12,497 [INFO] in AsyncAppender-Worker-ASYNCSTDOUT - 20:51:12.497 [+31077 ms] WARN  c.j.m.s.FXSerializer$$anon$1 - Unsupported Object: com.sun.scenario.effect.DropShadow@26eede58 ... com.sun.scenario.effect.DropShadow - AsyncAppender-Worker-ASYNCSTDOUT
2026-04-29 20:51:12,513 [INFO] in AsyncAppender-Worker-ASYNCSTDOUT - 20:51:12.512 [+31092 ms] WARN  c.j.m.s.FXSerializer$$anon$1 - Unsupported Object: com.sun.scenario.effect.DropShadow@4ebfb03 ... com.sun.scenario.effect.DropShadow - AsyncAppender-Worker-ASYNCSTDOUT
2026-04-29 20:51:12,529 [INFO] in AsyncAppender-Worker-ASYNCSTDOUT - 20:51:12.529 [+31109 ms] WARN  c.j.m.s.FXSerializer$$anon$1 - Unsupported Object: com.sun.scenario.effect.DropShadow@1ba5cfd6 ... com.sun.scenario.effect.DropShadow - AsyncAppender-Worker-ASYNCSTDOUT
2026-04-29 20:51:12,544 [INFO] in AsyncAppender-Worker-ASYNCSTDOUT - 20:51:12.544 [+31124 ms] WARN  c.j.m.s.FXSerializer$$anon$1 - Unsupported Object: com.sun.scenario.effect.DropShadow@2198532b ... com.sun.scenario.effect.DropShadow - AsyncAppender-Worker-ASYNCSTDOUT
2026-04-29 20:51:12,561 [INFO] in AsyncAppender-Worker-ASYNCSTDOUT - 20:51:12.561 [+31141 ms] WARN  c.j.m.s.FXSerializer$$anon$1 - Unsupported Object: com.sun.scenario.effect.DropShadow@45d01cb3 ... com.sun.scenario.effect.DropShadow - AsyncAppender-Worker-ASYNCSTDOUT
2026-04-29 20:51:12,578 [INFO] in AsyncAppender-Worker-ASYNCSTDOUT - 20:51:12.578 [+31158 ms] WARN  c.j.m.s.FXSerializer$$anon$1 - Unsupported Object: com.sun.scenario.effect.DropShadow@7adf9a17 ... com.sun.scenario.effect.DropShadow - AsyncAppender-Worker-ASYNCSTDOUT
2026-04-29 20:51:12,592 [INFO] in AsyncAppender-Worker-ASYNCSTDOUT - 20:51:12.592 [+31172 ms] WARN  c.j.m.s.FXSerializer$$anon$1 - Unsupported Object: com.sun.scenario.effect.DropShadow@71161bf1 ... com.sun.scenario.effect.DropShadow - AsyncAppender-Worker-ASYNCSTDOUT
2026-04-29 20:51:12,609 [INFO] in AsyncAppender-Worker-ASYNCSTDOUT - 20:51:12.609 [+31189 ms] WARN  c.j.m.s.FXSerializer$$anon$1 - Unsupported Object: com.sun.scenario.effect.DropShadow@5e033660 ... com.sun.scenario.effect.DropShadow - AsyncAppender-Worker-ASYNCSTDOUT
2026-04-29 20:51:12,625 [INFO] in AsyncAppender-Worker-ASYNCSTDOUT - 20:51:12.625 [+31205 ms] WARN  c.j.m.s.FXSerializer$$anon$1 - Unsupported Object: com.sun.scenario.effect.DropShadow@1fe2a9c4 ... com.sun.scenario.effect.DropShadow - AsyncAppender-Worker-ASYNCSTDOUT
2026-04-29 20:51:12,640 [INFO] in AsyncAppender-Worker-ASYNCSTDOUT - 20:51:12.640 [+31220 ms] WARN  c.j.m.s.FXSerializer$$anon$1 - Unsupported Object: com.sun.scenario.effect.DropShadow@49333261 ... com.sun.scenario.effect.DropShadow - AsyncAppender-Worker-ASYNCSTDOUT
2026-04-29 20:51:12,656 [INFO] in AsyncAppender-Worker-ASYNCSTDOUT - 20:51:12.656 [+31236 ms] WARN  c.j.m.s.FXSerializer$$anon$1 - Unsupported Object: com.sun.scenario.effect.DropShadow@22fc76d0 ... com.sun.scenario.effect.DropShadow - AsyncAppender-Worker-ASYNCSTDOUT
2026-04-29 20:51:18,383 [INFO] in AsyncAppender-Worker-ASYNCSTDOUT - 20:51:18.383 [+36963 ms] WARN  c.j.m.s.FXSerializer$$anon$1 - Unsupported Object: com.sun.scenario.effect.DropShadow@1bd11048 ... com.sun.scenario.effect.DropShadow - AsyncAppender-Worker-ASYNCSTDOUT
2026-04-29 20:51:18,401 [INFO] in AsyncAppender-Worker-ASYNCSTDOUT - 20:51:18.401 [+36981 ms] WARN  c.j.m.s.FXSerializer$$anon$1 - Unsupported Object: com.sun.scenario.effect.DropShadow@511bbdc1 ... com.sun.scenario.effect.DropShadow - AsyncAppender-Worker-ASYNCSTDOUT
2026-04-29 20:51:18,416 [INFO] in AsyncAppender-Worker-ASYNCSTDOUT - 20:51:18.416 [+36996 ms] WARN  c.j.m.s.FXSerializer$$anon$1 - Unsupported Object: com.sun.scenario.effect.DropShadow@3a62124f ... com.sun.scenario.effect.DropShadow - AsyncAppender-Worker-ASYNCSTDOUT
2026-04-29 20:51:18,432 [INFO] in AsyncAppender-Worker-ASYNCSTDOUT - 20:51:18.432 [+37012 ms] WARN  c.j.m.s.FXSerializer$$anon$1 - Unsupported Object: com.sun.scenario.effect.DropShadow@336b3751 ... com.sun.scenario.effect.DropShadow - AsyncAppender-Worker-ASYNCSTDOUT
2026-04-29 20:51:18,450 [INFO] in AsyncAppender-Worker-ASYNCSTDOUT - 20:51:18.449 [+37029 ms] WARN  c.j.m.s.FXSerializer$$anon$1 - Unsupported Object: com.sun.scenario.effect.DropShadow@1d5e3100 ... com.sun.scenario.effect.DropShadow - AsyncAppender-Worker-ASYNCSTDOUT
2026-04-29 20:51:18,464 [INFO] in AsyncAppender-Worker-ASYNCSTDOUT - 20:51:18.464 [+37044 ms] WARN  c.j.m.s.FXSerializer$$anon$1 - Unsupported Object: com.sun.scenario.effect.DropShadow@36e2bf80 ... com.sun.scenario.effect.DropShadow - AsyncAppender-Worker-ASYNCSTDOUT
2026-04-29 20:51:18,481 [INFO] in AsyncAppender-Worker-ASYNCSTDOUT - 20:51:18.481 [+37061 ms] WARN  c.j.m.s.FXSerializer$$anon$1 - Unsupported Object: com.sun.scenario.effect.DropShadow@70b4985 ... com.sun.scenario.effect.DropShadow - AsyncAppender-Worker-ASYNCSTDOUT
2026-04-29 20:51:18,497 [INFO] in AsyncAppender-Worker-ASYNCSTDOUT - 20:51:18.496 [+37076 ms] WARN  c.j.m.s.FXSerializer$$anon$1 - Unsupported Object: com.sun.scenario.effect.DropShadow@17202df1 ... com.sun.scenario.effect.DropShadow - AsyncAppender-Worker-ASYNCSTDOUT
2026-04-29 20:51:18,513 [INFO] in AsyncAppender-Worker-ASYNCSTDOUT - 20:51:18.512 [+37092 ms] WARN  c.j.m.s.FXSerializer$$anon$1 - Unsupported Object: com.sun.scenario.effect.DropShadow@204d860c ... com.sun.scenario.effect.DropShadow - AsyncAppender-Worker-ASYNCSTDOUT
2026-04-29 20:51:18,527 [INFO] in AsyncAppender-Worker-ASYNCSTDOUT - 20:51:18.527 [+37107 ms] WARN  c.j.m.s.FXSerializer$$anon$1 - Unsupported Object: com.sun.scenario.effect.DropShadow@5f7ec6f0 ... com.sun.scenario.effect.DropShadow - AsyncAppender-Worker-ASYNCSTDOUT
2026-04-29 20:51:18,545 [INFO] in AsyncAppender-Worker-ASYNCSTDOUT - 20:51:18.545 [+37125 ms] WARN  c.j.m.s.FXSerializer$$anon$1 - Unsupported Object: com.sun.scenario.effect.DropShadow@50bc31a3 ... com.sun.scenario.effect.DropShadow - AsyncAppender-Worker-ASYNCSTDOUT
2026-04-29 20:51:18,561 [INFO] in AsyncAppender-Worker-ASYNCSTDOUT - 20:51:18.561 [+37141 ms] WARN  c.j.m.s.FXSerializer$$anon$1 - Unsupported Object: com.sun.scenario.effect.DropShadow@1ae3b398 ... com.sun.scenario.effect.DropShadow - AsyncAppender-Worker-ASYNCSTDOUT
2026-04-29 20:51:18,577 [INFO] in AsyncAppender-Worker-ASYNCSTDOUT - 20:51:18.576 [+37156 ms] WARN  c.j.m.s.FXSerializer$$anon$1 - Unsupported Object: com.sun.scenario.effect.DropShadow@69bb1414 ... com.sun.scenario.effect.DropShadow - AsyncAppender-Worker-ASYNCSTDOUT
2026-04-29 20:51:18,592 [INFO] in AsyncAppender-Worker-ASYNCSTDOUT - 20:51:18.591 [+37171 ms] WARN  c.j.m.s.FXSerializer$$anon$1 - Unsupported Object: com.sun.scenario.effect.DropShadow@78e89603 ... com.sun.scenario.effect.DropShadow - AsyncAppender-Worker-ASYNCSTDOUT
2026-04-29 20:51:18,607 [INFO] in AsyncAppender-Worker-ASYNCSTDOUT - 20:51:18.607 [+37187 ms] WARN  c.j.m.s.FXSerializer$$anon$1 - Unsupported Object: com.sun.scenario.effect.DropShadow@a3e7791 ... com.sun.scenario.effect.DropShadow - AsyncAppender-Worker-ASYNCSTDOUT
2026-04-29 20:51:18,624 [INFO] in AsyncAppender-Worker-ASYNCSTDOUT - 20:51:18.624 [+37204 ms] WARN  c.j.m.s.FXSerializer$$anon$1 - Unsupported Object: com.sun.scenario.effect.DropShadow@72d81c1 ... com.sun.scenario.effect.DropShadow - AsyncAppender-Worker-ASYNCSTDOUT
2026-04-29 20:51:18,641 [INFO] in AsyncAppender-Worker-ASYNCSTDOUT - 20:51:18.640 [+37220 ms] WARN  c.j.m.s.FXSerializer$$anon$1 - Unsupported Object: com.sun.scenario.effect.DropShadow@49c2391c ... com.sun.scenario.effect.DropShadow - AsyncAppender-Worker-ASYNCSTDOUT
2026-04-29 20:51:18,657 [INFO] in AsyncAppender-Worker-ASYNCSTDOUT - 20:51:18.656 [+37236 ms] WARN  c.j.m.s.FXSerializer$$anon$1 - Unsupported Object: com.sun.scenario.effect.DropShadow@412f8162 ... com.sun.scenario.effect.DropShadow - AsyncAppender-Worker-ASYNCSTDOUT
2026-04-29 20:51:18,674 [INFO] in AsyncAppender-Worker-ASYNCSTDOUT - 20:51:18.673 [+37253 ms] WARN  c.j.m.s.FXSerializer$$anon$1 - Unsupported Object: com.sun.scenario.effect.DropShadow@5eb78882 ... com.sun.scenario.effect.DropShadow - AsyncAppender-Worker-ASYNCSTDOUT
2026-04-29 20:51:23,602 [INFO] in AsyncAppender-Worker-ASYNCSTDOUT - 20:51:23.601 [+42181 ms] WARN  c.j.m.s.FXSerializer$$anon$1 - Unsupported Object: com.sun.scenario.effect.DropShadow@2fd7dc68 ... com.sun.scenario.effect.DropShadow - AsyncAppender-Worker-ASYNCSTDOUT
2026-04-29 20:51:23,616 [INFO] in AsyncAppender-Worker-ASYNCSTDOUT - 20:51:23.616 [+42196 ms] WARN  c.j.m.s.FXSerializer$$anon$1 - Unsupported Object: com.sun.scenario.effect.DropShadow@756c4b4d ... com.sun.scenario.effect.DropShadow - AsyncAppender-Worker-ASYNCSTDOUT
2026-04-29 20:51:23,640 [INFO] in AsyncAppender-Worker-ASYNCSTDOUT - 20:51:23.633 [+42213 ms] WARN  c.j.m.s.FXSerializer$$anon$1 - Unsupported Object: com.sun.scenario.effect.DropShadow@62de6ca3 ... com.sun.scenario.effect.DropShadow - AsyncAppender-Worker-ASYNCSTDOUT
2026-04-29 20:51:23,647 [INFO] in AsyncAppender-Worker-ASYNCSTDOUT - 20:51:23.647 [+42227 ms] WARN  c.j.m.s.FXSerializer$$anon$1 - Unsupported Object: com.sun.scenario.effect.DropShadow@1372e697 ... com.sun.scenario.effect.DropShadow - AsyncAppender-Worker-ASYNCSTDOUT
2026-04-29 20:51:23,664 [INFO] in AsyncAppender-Worker-ASYNCSTDOUT - 20:51:23.663 [+42243 ms] WARN  c.j.m.s.FXSerializer$$anon$1 - Unsupported Object: com.sun.scenario.effect.DropShadow@644e5fc4 ... com.sun.scenario.effect.DropShadow - AsyncAppender-Worker-ASYNCSTDOUT
2026-04-29 20:51:23,681 [INFO] in AsyncAppender-Worker-ASYNCSTDOUT - 20:51:23.680 [+42260 ms] WARN  c.j.m.s.FXSerializer$$anon$1 - Unsupported Object: com.sun.scenario.effect.DropShadow@525094ba ... com.sun.scenario.effect.DropShadow - AsyncAppender-Worker-ASYNCSTDOUT
2026-04-29 20:51:23,697 [INFO] in AsyncAppender-Worker-ASYNCSTDOUT - 20:51:23.697 [+42277 ms] WARN  c.j.m.s.FXSerializer$$anon$1 - Unsupported Object: com.sun.scenario.effect.DropShadow@1b1a7a65 ... com.sun.scenario.effect.DropShadow - AsyncAppender-Worker-ASYNCSTDOUT
2026-04-29 20:51:23,713 [INFO] in AsyncAppender-Worker-ASYNCSTDOUT - 20:51:23.712 [+42292 ms] WARN  c.j.m.s.FXSerializer$$anon$1 - Unsupported Object: com.sun.scenario.effect.DropShadow@3ac44b3a ... com.sun.scenario.effect.DropShadow - AsyncAppender-Worker-ASYNCSTDOUT
2026-04-29 20:51:23,727 [INFO] in AsyncAppender-Worker-ASYNCSTDOUT - 20:51:23.727 [+42307 ms] WARN  c.j.m.s.FXSerializer$$anon$1 - Unsupported Object: com.sun.scenario.effect.DropShadow@3468e582 ... com.sun.scenario.effect.DropShadow - AsyncAppender-Worker-ASYNCSTDOUT
2026-04-29 20:51:23,745 [INFO] in AsyncAppender-Worker-ASYNCSTDOUT - 20:51:23.745 [+42325 ms] WARN  c.j.m.s.FXSerializer$$anon$1 - Unsupported Object: com.sun.scenario.effect.DropShadow@6bbaa2d3 ... com.sun.scenario.effect.DropShadow - AsyncAppender-Worker-ASYNCSTDOUT
2026-04-29 20:51:23,761 [INFO] in AsyncAppender-Worker-ASYNCSTDOUT - 20:51:23.760 [+42340 ms] WARN  c.j.m.s.FXSerializer$$anon$1 - Unsupported Object: com.sun.scenario.effect.DropShadow@185d21b3 ... com.sun.scenario.effect.DropShadow - AsyncAppender-Worker-ASYNCSTDOUT
2026-04-29 20:51:23,776 [INFO] in AsyncAppender-Worker-ASYNCSTDOUT - 20:51:23.775 [+42355 ms] WARN  c.j.m.s.FXSerializer$$anon$1 - Unsupported Object: com.sun.scenario.effect.DropShadow@670dfc7b ... com.sun.scenario.effect.DropShadow - AsyncAppender-Worker-ASYNCSTDOUT
2026-04-29 20:51:23,793 [INFO] in AsyncAppender-Worker-ASYNCSTDOUT - 20:51:23.792 [+42372 ms] WARN  c.j.m.s.FXSerializer$$anon$1 - Unsupported Object: com.sun.scenario.effect.DropShadow@2bc9f7b7 ... com.sun.scenario.effect.DropShadow - AsyncAppender-Worker-ASYNCSTDOUT
2026-04-29 20:51:23,809 [INFO] in AsyncAppender-Worker-ASYNCSTDOUT - 20:51:23.809 [+42389 ms] WARN  c.j.m.s.FXSerializer$$anon$1 - Unsupported Object: com.sun.scenario.effect.DropShadow@2eb2a982 ... com.sun.scenario.effect.DropShadow - AsyncAppender-Worker-ASYNCSTDOUT
2026-04-29 20:51:23,824 [INFO] in AsyncAppender-Worker-ASYNCSTDOUT - 20:51:23.823 [+42403 ms] WARN  c.j.m.s.FXSerializer$$anon$1 - Unsupported Object: com.sun.scenario.effect.DropShadow@4a38ba6c ... com.sun.scenario.effect.DropShadow - AsyncAppender-Worker-ASYNCSTDOUT
2026-04-29 20:51:23,841 [INFO] in AsyncAppender-Worker-ASYNCSTDOUT - 20:51:23.841 [+42421 ms] WARN  c.j.m.s.FXSerializer$$anon$1 - Unsupported Object: com.sun.scenario.effect.DropShadow@bdc990a ... com.sun.scenario.effect.DropShadow - AsyncAppender-Worker-ASYNCSTDOUT
2026-04-29 20:51:23,856 [INFO] in AsyncAppender-Worker-ASYNCSTDOUT - 20:51:23.855 [+42435 ms] WARN  c.j.m.s.FXSerializer$$anon$1 - Unsupported Object: com.sun.scenario.effect.DropShadow@69024b4c ... com.sun.scenario.effect.DropShadow - AsyncAppender-Worker-ASYNCSTDOUT
2026-04-29 20:51:23,873 [INFO] in AsyncAppender-Worker-ASYNCSTDOUT - 20:51:23.872 [+42452 ms] WARN  c.j.m.s.FXSerializer$$anon$1 - Unsupported Object: com.sun.scenario.effect.DropShadow@6cb6970f ... com.sun.scenario.effect.DropShadow - AsyncAppender-Worker-ASYNCSTDOUT
2026-04-29 20:51:23,889 [INFO] in AsyncAppender-Worker-ASYNCSTDOUT - 20:51:23.889 [+42469 ms] WARN  c.j.m.s.FXSerializer$$anon$1 - Unsupported Object: com.sun.scenario.effect.DropShadow@54bd5619 ... com.sun.scenario.effect.DropShadow - AsyncAppender-Worker-ASYNCSTDOUT
2026-04-29 20:51:28,785 [INFO] in AsyncAppender-Worker-ASYNCSTDOUT - 20:51:28.784 [+47364 ms] WARN  c.j.m.s.FXSerializer$$anon$1 - Unsupported Object: com.sun.scenario.effect.DropShadow@330cffcd ... com.sun.scenario.effect.DropShadow - AsyncAppender-Worker-ASYNCSTDOUT
2026-04-29 20:51:28,800 [INFO] in AsyncAppender-Worker-ASYNCSTDOUT - 20:51:28.800 [+47380 ms] WARN  c.j.m.s.FXSerializer$$anon$1 - Unsupported Object: com.sun.scenario.effect.DropShadow@3c25a835 ... com.sun.scenario.effect.DropShadow - AsyncAppender-Worker-ASYNCSTDOUT
2026-04-29 20:51:28,817 [INFO] in AsyncAppender-Worker-ASYNCSTDOUT - 20:51:28.817 [+47397 ms] WARN  c.j.m.s.FXSerializer$$anon$1 - Unsupported Object: com.sun.scenario.effect.DropShadow@6f780d78 ... com.sun.scenario.effect.DropShadow - AsyncAppender-Worker-ASYNCSTDOUT
2026-04-29 20:51:28,832 [INFO] in AsyncAppender-Worker-ASYNCSTDOUT - 20:51:28.832 [+47412 ms] WARN  c.j.m.s.FXSerializer$$anon$1 - Unsupported Object: com.sun.scenario.effect.DropShadow@4c03bfe7 ... com.sun.scenario.effect.DropShadow - AsyncAppender-Worker-ASYNCSTDOUT
2026-04-29 20:51:28,849 [INFO] in AsyncAppender-Worker-ASYNCSTDOUT - 20:51:28.849 [+47429 ms] WARN  c.j.m.s.FXSerializer$$anon$1 - Unsupported Object: com.sun.scenario.effect.DropShadow@7e62b2ed ... com.sun.scenario.effect.DropShadow - AsyncAppender-Worker-ASYNCSTDOUT
2026-04-29 20:51:28,865 [INFO] in AsyncAppender-Worker-ASYNCSTDOUT - 20:51:28.865 [+47445 ms] WARN  c.j.m.s.FXSerializer$$anon$1 - Unsupported Object: com.sun.scenario.effect.DropShadow@3c86164d ... com.sun.scenario.effect.DropShadow - AsyncAppender-Worker-ASYNCSTDOUT
2026-04-29 20:51:28,881 [INFO] in AsyncAppender-Worker-ASYNCSTDOUT - 20:51:28.881 [+47461 ms] WARN  c.j.m.s.FXSerializer$$anon$1 - Unsupported Object: com.sun.scenario.effect.DropShadow@181e44ab ... com.sun.scenario.effect.DropShadow - AsyncAppender-Worker-ASYNCSTDOUT
2026-04-29 20:51:28,897 [INFO] in AsyncAppender-Worker-ASYNCSTDOUT - 20:51:28.897 [+47477 ms] WARN  c.j.m.s.FXSerializer$$anon$1 - Unsupported Object: com.sun.scenario.effect.DropShadow@8b74734 ... com.sun.scenario.effect.DropShadow - AsyncAppender-Worker-ASYNCSTDOUT
2026-04-29 20:51:28,912 [INFO] in AsyncAppender-Worker-ASYNCSTDOUT - 20:51:28.912 [+47492 ms] WARN  c.j.m.s.FXSerializer$$anon$1 - Unsupported Object: com.sun.scenario.effect.DropShadow@55a62ab1 ... com.sun.scenario.effect.DropShadow - AsyncAppender-Worker-ASYNCSTDOUT
2026-04-29 20:51:28,929 [INFO] in AsyncAppender-Worker-ASYNCSTDOUT - 20:51:28.929 [+47509 ms] WARN  c.j.m.s.FXSerializer$$anon$1 - Unsupported Object: com.sun.scenario.effect.DropShadow@7b60d129 ... com.sun.scenario.effect.DropShadow - AsyncAppender-Worker-ASYNCSTDOUT
2026-04-29 20:51:28,944 [INFO] in AsyncAppender-Worker-ASYNCSTDOUT - 20:51:28.943 [+47523 ms] WARN  c.j.m.s.FXSerializer$$anon$1 - Unsupported Object: com.sun.scenario.effect.DropShadow@169025b ... com.sun.scenario.effect.DropShadow - AsyncAppender-Worker-ASYNCSTDOUT
2026-04-29 20:51:28,960 [INFO] in AsyncAppender-Worker-ASYNCSTDOUT - 20:51:28.960 [+47540 ms] WARN  c.j.m.s.FXSerializer$$anon$1 - Unsupported Object: com.sun.scenario.effect.DropShadow@3548bb7f ... com.sun.scenario.effect.DropShadow - AsyncAppender-Worker-ASYNCSTDOUT
2026-04-29 20:51:28,976 [INFO] in AsyncAppender-Worker-ASYNCSTDOUT - 20:51:28.975 [+47555 ms] WARN  c.j.m.s.FXSerializer$$anon$1 - Unsupported Object: com.sun.scenario.effect.DropShadow@73d6acb4 ... com.sun.scenario.effect.DropShadow - AsyncAppender-Worker-ASYNCSTDOUT
2026-04-29 20:51:28,994 [INFO] in AsyncAppender-Worker-ASYNCSTDOUT - 20:51:28.993 [+47573 ms] WARN  c.j.m.s.FXSerializer$$anon$1 - Unsupported Object: com.sun.scenario.effect.DropShadow@3f16ec2a ... com.sun.scenario.effect.DropShadow - AsyncAppender-Worker-ASYNCSTDOUT
2026-04-29 20:51:29,009 [INFO] in AsyncAppender-Worker-ASYNCSTDOUT - 20:51:29.008 [+47588 ms] WARN  c.j.m.s.FXSerializer$$anon$1 - Unsupported Object: com.sun.scenario.effect.DropShadow@394c34b2 ... com.sun.scenario.effect.DropShadow - AsyncAppender-Worker-ASYNCSTDOUT
2026-04-29 20:51:29,024 [INFO] in AsyncAppender-Worker-ASYNCSTDOUT - 20:51:29.023 [+47603 ms] WARN  c.j.m.s.FXSerializer$$anon$1 - Unsupported Object: com.sun.scenario.effect.DropShadow@2259b3bd ... com.sun.scenario.effect.DropShadow - AsyncAppender-Worker-ASYNCSTDOUT
2026-04-29 20:51:29,050 [INFO] in AsyncAppender-Worker-ASYNCSTDOUT - 20:51:29.040 [+47620 ms] WARN  c.j.m.s.FXSerializer$$anon$1 - Unsupported Object: com.sun.scenario.effect.DropShadow@4f9dd12 ... com.sun.scenario.effect.DropShadow - AsyncAppender-Worker-ASYNCSTDOUT
2026-04-29 20:51:29,058 [INFO] in AsyncAppender-Worker-ASYNCSTDOUT - 20:51:29.058 [+47638 ms] WARN  c.j.m.s.FXSerializer$$anon$1 - Unsupported Object: com.sun.scenario.effect.DropShadow@7b35cd16 ... com.sun.scenario.effect.DropShadow - AsyncAppender-Worker-ASYNCSTDOUT
2026-04-29 20:51:29,072 [INFO] in AsyncAppender-Worker-ASYNCSTDOUT - 20:51:29.072 [+47652 ms] WARN  c.j.m.s.FXSerializer$$anon$1 - Unsupported Object: com.sun.scenario.effect.DropShadow@6f7116b0 ... com.sun.scenario.effect.DropShadow - AsyncAppender-Worker-ASYNCSTDOUT
2026-04-29 20:51:34,272 [INFO] in AsyncAppender-Worker-ASYNCSTDOUT - 20:51:34.272 [+52852 ms] WARN  c.j.m.s.FXSerializer$$anon$1 - Unsupported Object: com.sun.scenario.effect.DropShadow@36dfcc26 ... com.sun.scenario.effect.DropShadow - AsyncAppender-Worker-ASYNCSTDOUT
2026-04-29 20:51:34,288 [INFO] in AsyncAppender-Worker-ASYNCSTDOUT - 20:51:34.287 [+52867 ms] WARN  c.j.m.s.FXSerializer$$anon$1 - Unsupported Object: com.sun.scenario.effect.DropShadow@1fc111eb ... com.sun.scenario.effect.DropShadow - AsyncAppender-Worker-ASYNCSTDOUT
2026-04-29 20:51:34,304 [INFO] in AsyncAppender-Worker-ASYNCSTDOUT - 20:51:34.304 [+52884 ms] WARN  c.j.m.s.FXSerializer$$anon$1 - Unsupported Object: com.sun.scenario.effect.DropShadow@4651a08b ... com.sun.scenario.effect.DropShadow - AsyncAppender-Worker-ASYNCSTDOUT
2026-04-29 20:51:34,321 [INFO] in AsyncAppender-Worker-ASYNCSTDOUT - 20:51:34.320 [+52900 ms] WARN  c.j.m.s.FXSerializer$$anon$1 - Unsupported Object: com.sun.scenario.effect.DropShadow@7d20b076 ... com.sun.scenario.effect.DropShadow - AsyncAppender-Worker-ASYNCSTDOUT
2026-04-29 20:51:34,337 [INFO] in AsyncAppender-Worker-ASYNCSTDOUT - 20:51:34.337 [+52917 ms] WARN  c.j.m.s.FXSerializer$$anon$1 - Unsupported Object: com.sun.scenario.effect.DropShadow@7b3067bc ... com.sun.scenario.effect.DropShadow - AsyncAppender-Worker-ASYNCSTDOUT
2026-04-29 20:51:34,352 [INFO] in AsyncAppender-Worker-ASYNCSTDOUT - 20:51:34.351 [+52931 ms] WARN  c.j.m.s.FXSerializer$$anon$1 - Unsupported Object: com.sun.scenario.effect.DropShadow@51804264 ... com.sun.scenario.effect.DropShadow - AsyncAppender-Worker-ASYNCSTDOUT
2026-04-29 20:51:34,367 [INFO] in AsyncAppender-Worker-ASYNCSTDOUT - 20:51:34.367 [+52947 ms] WARN  c.j.m.s.FXSerializer$$anon$1 - Unsupported Object: com.sun.scenario.effect.DropShadow@71113bea ... com.sun.scenario.effect.DropShadow - AsyncAppender-Worker-ASYNCSTDOUT
2026-04-29 20:51:34,384 [INFO] in AsyncAppender-Worker-ASYNCSTDOUT - 20:51:34.383 [+52963 ms] WARN  c.j.m.s.FXSerializer$$anon$1 - Unsupported Object: com.sun.scenario.effect.DropShadow@35bca2a1 ... com.sun.scenario.effect.DropShadow - AsyncAppender-Worker-ASYNCSTDOUT
2026-04-29 20:51:34,400 [INFO] in AsyncAppender-Worker-ASYNCSTDOUT - 20:51:34.400 [+52980 ms] WARN  c.j.m.s.FXSerializer$$anon$1 - Unsupported Object: com.sun.scenario.effect.DropShadow@cbed458 ... com.sun.scenario.effect.DropShadow - AsyncAppender-Worker-ASYNCSTDOUT
2026-04-29 20:51:34,416 [INFO] in AsyncAppender-Worker-ASYNCSTDOUT - 20:51:34.415 [+52995 ms] WARN  c.j.m.s.FXSerializer$$anon$1 - Unsupported Object: com.sun.scenario.effect.DropShadow@78a14ee8 ... com.sun.scenario.effect.DropShadow - AsyncAppender-Worker-ASYNCSTDOUT
2026-04-29 20:51:34,433 [INFO] in AsyncAppender-Worker-ASYNCSTDOUT - 20:51:34.432 [+53012 ms] WARN  c.j.m.s.FXSerializer$$anon$1 - Unsupported Object: com.sun.scenario.effect.DropShadow@2a3e0aab ... com.sun.scenario.effect.DropShadow - AsyncAppender-Worker-ASYNCSTDOUT
2026-04-29 20:51:34,450 [INFO] in AsyncAppender-Worker-ASYNCSTDOUT - 20:51:34.449 [+53029 ms] WARN  c.j.m.s.FXSerializer$$anon$1 - Unsupported Object: com.sun.scenario.effect.DropShadow@cbba6dc ... com.sun.scenario.effect.DropShadow - AsyncAppender-Worker-ASYNCSTDOUT
2026-04-29 20:51:34,464 [INFO] in AsyncAppender-Worker-ASYNCSTDOUT - 20:51:34.463 [+53043 ms] WARN  c.j.m.s.FXSerializer$$anon$1 - Unsupported Object: com.sun.scenario.effect.DropShadow@22b0de1d ... com.sun.scenario.effect.DropShadow - AsyncAppender-Worker-ASYNCSTDOUT
2026-04-29 20:51:34,480 [INFO] in AsyncAppender-Worker-ASYNCSTDOUT - 20:51:34.480 [+53060 ms] WARN  c.j.m.s.FXSerializer$$anon$1 - Unsupported Object: com.sun.scenario.effect.DropShadow@72083d78 ... com.sun.scenario.effect.DropShadow - AsyncAppender-Worker-ASYNCSTDOUT
2026-04-29 20:51:34,497 [INFO] in AsyncAppender-Worker-ASYNCSTDOUT - 20:51:34.497 [+53077 ms] WARN  c.j.m.s.FXSerializer$$anon$1 - Unsupported Object: com.sun.scenario.effect.DropShadow@25a1dc90 ... com.sun.scenario.effect.DropShadow - AsyncAppender-Worker-ASYNCSTDOUT
2026-04-29 20:51:34,512 [INFO] in AsyncAppender-Worker-ASYNCSTDOUT - 20:51:34.511 [+53091 ms] WARN  c.j.m.s.FXSerializer$$anon$1 - Unsupported Object: com.sun.scenario.effect.DropShadow@680c0728 ... com.sun.scenario.effect.DropShadow - AsyncAppender-Worker-ASYNCSTDOUT
2026-04-29 20:51:34,527 [INFO] in AsyncAppender-Worker-ASYNCSTDOUT - 20:51:34.527 [+53107 ms] WARN  c.j.m.s.FXSerializer$$anon$1 - Unsupported Object: com.sun.scenario.effect.DropShadow@4e7100c6 ... com.sun.scenario.effect.DropShadow - AsyncAppender-Worker-ASYNCSTDOUT
2026-04-29 20:51:34,545 [INFO] in AsyncAppender-Worker-ASYNCSTDOUT - 20:51:34.544 [+53124 ms] WARN  c.j.m.s.FXSerializer$$anon$1 - Unsupported Object: com.sun.scenario.effect.DropShadow@55f27c68 ... com.sun.scenario.effect.DropShadow - AsyncAppender-Worker-ASYNCSTDOUT
2026-04-29 20:51:34,561 [INFO] in AsyncAppender-Worker-ASYNCSTDOUT - 20:51:34.560 [+53140 ms] WARN  c.j.m.s.FXSerializer$$anon$1 - Unsupported Object: com.sun.scenario.effect.DropShadow@345088cf ... com.sun.scenario.effect.DropShadow - AsyncAppender-Worker-ASYNCSTDOUT
2026-04-29 20:51:40,241 [INFO] in AsyncAppender-Worker-ASYNCSTDOUT - 20:51:40.240 [+58820 ms] WARN  c.j.m.s.FXSerializer$$anon$1 - Unsupported Object: com.sun.scenario.effect.DropShadow@626b93df ... com.sun.scenario.effect.DropShadow - AsyncAppender-Worker-ASYNCSTDOUT
2026-04-29 20:51:40,257 [INFO] in AsyncAppender-Worker-ASYNCSTDOUT - 20:51:40.256 [+58836 ms] WARN  c.j.m.s.FXSerializer$$anon$1 - Unsupported Object: com.sun.scenario.effect.DropShadow@38a87bf1 ... com.sun.scenario.effect.DropShadow - AsyncAppender-Worker-ASYNCSTDOUT
2026-04-29 20:51:40,273 [INFO] in AsyncAppender-Worker-ASYNCSTDOUT - 20:51:40.272 [+58852 ms] WARN  c.j.m.s.FXSerializer$$anon$1 - Unsupported Object: com.sun.scenario.effect.DropShadow@2a5e2461 ... com.sun.scenario.effect.DropShadow - AsyncAppender-Worker-ASYNCSTDOUT
2026-04-29 20:51:40,287 [INFO] in AsyncAppender-Worker-ASYNCSTDOUT - 20:51:40.287 [+58867 ms] WARN  c.j.m.s.FXSerializer$$anon$1 - Unsupported Object: com.sun.scenario.effect.DropShadow@3de06f0e ... com.sun.scenario.effect.DropShadow - AsyncAppender-Worker-ASYNCSTDOUT
2026-04-29 20:51:40,304 [INFO] in AsyncAppender-Worker-ASYNCSTDOUT - 20:51:40.303 [+58883 ms] WARN  c.j.m.s.FXSerializer$$anon$1 - Unsupported Object: com.sun.scenario.effect.DropShadow@689c6ab8 ... com.sun.scenario.effect.DropShadow - AsyncAppender-Worker-ASYNCSTDOUT
2026-04-29 20:51:40,321 [INFO] in AsyncAppender-Worker-ASYNCSTDOUT - 20:51:40.320 [+58900 ms] WARN  c.j.m.s.FXSerializer$$anon$1 - Unsupported Object: com.sun.scenario.effect.DropShadow@5cdf9dff ... com.sun.scenario.effect.DropShadow - AsyncAppender-Worker-ASYNCSTDOUT
2026-04-29 20:51:40,337 [INFO] in AsyncAppender-Worker-ASYNCSTDOUT - 20:51:40.336 [+58916 ms] WARN  c.j.m.s.FXSerializer$$anon$1 - Unsupported Object: com.sun.scenario.effect.DropShadow@4842d761 ... com.sun.scenario.effect.DropShadow - AsyncAppender-Worker-ASYNCSTDOUT
2026-04-29 20:51:40,352 [INFO] in AsyncAppender-Worker-ASYNCSTDOUT - 20:51:40.351 [+58931 ms] WARN  c.j.m.s.FXSerializer$$anon$1 - Unsupported Object: com.sun.scenario.effect.DropShadow@42bdd817 ... com.sun.scenario.effect.DropShadow - AsyncAppender-Worker-ASYNCSTDOUT
2026-04-29 20:51:40,368 [INFO] in AsyncAppender-Worker-ASYNCSTDOUT - 20:51:40.368 [+58948 ms] WARN  c.j.m.s.FXSerializer$$anon$1 - Unsupported Object: com.sun.scenario.effect.DropShadow@605cb46e ... com.sun.scenario.effect.DropShadow - AsyncAppender-Worker-ASYNCSTDOUT
2026-04-29 20:51:40,386 [INFO] in AsyncAppender-Worker-ASYNCSTDOUT - 20:51:40.385 [+58965 ms] WARN  c.j.m.s.FXSerializer$$anon$1 - Unsupported Object: com.sun.scenario.effect.DropShadow@1b5b9468 ... com.sun.scenario.effect.DropShadow - AsyncAppender-Worker-ASYNCSTDOUT
2026-04-29 20:51:40,401 [INFO] in AsyncAppender-Worker-ASYNCSTDOUT - 20:51:40.400 [+58980 ms] WARN  c.j.m.s.FXSerializer$$anon$1 - Unsupported Object: com.sun.scenario.effect.DropShadow@40671c6f ... com.sun.scenario.effect.DropShadow - AsyncAppender-Worker-ASYNCSTDOUT
2026-04-29 20:51:40,417 [INFO] in AsyncAppender-Worker-ASYNCSTDOUT - 20:51:40.416 [+58996 ms] WARN  c.j.m.s.FXSerializer$$anon$1 - Unsupported Object: com.sun.scenario.effect.DropShadow@6d4bbb91 ... com.sun.scenario.effect.DropShadow - AsyncAppender-Worker-ASYNCSTDOUT
2026-04-29 20:51:40,434 [INFO] in AsyncAppender-Worker-ASYNCSTDOUT - 20:51:40.433 [+59013 ms] WARN  c.j.m.s.FXSerializer$$anon$1 - Unsupported Object: com.sun.scenario.effect.DropShadow@48b2e213 ... com.sun.scenario.effect.DropShadow - AsyncAppender-Worker-ASYNCSTDOUT
2026-04-29 20:51:40,447 [INFO] in AsyncAppender-Worker-ASYNCSTDOUT - 20:51:40.447 [+59027 ms] WARN  c.j.m.s.FXSerializer$$anon$1 - Unsupported Object: com.sun.scenario.effect.DropShadow@4f040045 ... com.sun.scenario.effect.DropShadow - AsyncAppender-Worker-ASYNCSTDOUT
2026-04-29 20:51:40,465 [INFO] in AsyncAppender-Worker-ASYNCSTDOUT - 20:51:40.465 [+59045 ms] WARN  c.j.m.s.FXSerializer$$anon$1 - Unsupported Object: com.sun.scenario.effect.DropShadow@b4882e3 ... com.sun.scenario.effect.DropShadow - AsyncAppender-Worker-ASYNCSTDOUT
2026-04-29 20:51:40,480 [INFO] in AsyncAppender-Worker-ASYNCSTDOUT - 20:51:40.480 [+59060 ms] WARN  c.j.m.s.FXSerializer$$anon$1 - Unsupported Object: com.sun.scenario.effect.DropShadow@6c970636 ... com.sun.scenario.effect.DropShadow - AsyncAppender-Worker-ASYNCSTDOUT
2026-04-29 20:51:40,497 [INFO] in AsyncAppender-Worker-ASYNCSTDOUT - 20:51:40.496 [+59076 ms] WARN  c.j.m.s.FXSerializer$$anon$1 - Unsupported Object: com.sun.scenario.effect.DropShadow@62e4ce95 ... com.sun.scenario.effect.DropShadow - AsyncAppender-Worker-ASYNCSTDOUT
2026-04-29 20:51:40,512 [INFO] in AsyncAppender-Worker-ASYNCSTDOUT - 20:51:40.511 [+59091 ms] WARN  c.j.m.s.FXSerializer$$anon$1 - Unsupported Object: com.sun.scenario.effect.DropShadow@7360e881 ... com.sun.scenario.effect.DropShadow - AsyncAppender-Worker-ASYNCSTDOUT
2026-04-29 20:51:40,529 [INFO] in AsyncAppender-Worker-ASYNCSTDOUT - 20:51:40.529 [+59109 ms] WARN  c.j.m.s.FXSerializer$$anon$1 - Unsupported Object: com.sun.scenario.effect.DropShadow@291cac86 ... com.sun.scenario.effect.DropShadow - AsyncAppender-Worker-ASYNCSTDOUT
2026-04-29 20:51:49,171 [INFO] in AsyncAppender-Worker-ASYNCSTDOUT - 20:51:49.171 [+67751 ms] WARN  javafx.css - Caught 'java.lang.ClassCastException: class java.lang.String cannot be cast to class javafx.scene.paint.Paint (java.lang.String is in module java.base of loader 'bootstrap'; javafx.scene.paint.Paint is in unnamed module of loader 'app')' while converting value for '-fx-background-color' from inline style on Button@53f13461[styleClass=button exit-back-button]'' - AsyncAppender-Worker-ASYNCSTDOUT
2026-04-29 20:51:49,204 [INFO] in AsyncAppender-Worker-ASYNCSTDOUT - 20:51:49.203 [+67783 ms] INFO  c.j.m.t.SceneInputListener - On disposing SceneInputListener: primaryScene.window was null. Skipped the forced release of the mouse. - AsyncAppender-Worker-ASYNCSTDOUT
2026-04-29 20:51:57,824 [INFO] in AsyncAppender-Worker-ASYNCSTDOUT - 20:51:57.824 [+76404 ms] WARN  javafx.css - Caught 'java.lang.ClassCastException: class java.lang.String cannot be cast to class javafx.scene.paint.Paint (java.lang.String is in module java.base of loader 'bootstrap'; javafx.scene.paint.Paint is in unnamed module of loader 'app')' while converting value for '-fx-background-color' from inline style on Button@53f13461[styleClass=button exit-back-button]'' - AsyncAppender-Worker-ASYNCSTDOUT
2026-04-29 20:51:58,803 [INFO] in JavaFX Application Thread - Menu Controller đã được khởi tạo! - JavaFX Application Thread
2026-04-29 20:51:58,809 [INFO] in JavaFX Application Thread - Nhạc nền menu đang phát... - JavaFX Application Thread
2026-04-29 20:51:58,826 [INFO] in AsyncAppender-Worker-ASYNCSTDOUT - 20:51:58.826 [+77406 ms] INFO  c.j.m.t.SceneInputListener - On disposing SceneInputListener: primaryScene.window was null. Skipped the forced release of the mouse. - AsyncAppender-Worker-ASYNCSTDOUT
2026-04-29 20:52:01,251 [INFO] in JavaFX Application Thread - Nút Settings đã được bấm!  - JavaFX Application Thread
2026-04-29 20:54:13,085 [INFO] in AsyncAppender-Worker-ASYNCSTDOUT - 20:54:13.081 [+567 ms] INFO  c.jpro.activity - Starting the server - AsyncAppender-Worker-ASYNCSTDOUT
2026-04-29 20:54:13,086 [INFO] in AsyncAppender-Worker-ASYNCSTDOUT - 20:54:13.083 [+569 ms] INFO  c.j.i.s.JProInitializer$ -  *** Starting JPro: https://www.jpro.one/ *** - AsyncAppender-Worker-ASYNCSTDOUT
2026-04-29 20:54:13,086 [INFO] in AsyncAppender-Worker-ASYNCSTDOUT - 20:54:13.083 [+569 ms] INFO  c.j.i.s.JProInitializer$ - OS: Windows 11 - AsyncAppender-Worker-ASYNCSTDOUT
2026-04-29 20:54:13,091 [INFO] in AsyncAppender-Worker-ASYNCSTDOUT - 20:54:13.091 [+577 ms] INFO  c.j.i.s.JProInitializer$ - JPro: 2026.1.1 - AsyncAppender-Worker-ASYNCSTDOUT
2026-04-29 20:54:13,091 [INFO] in AsyncAppender-Worker-ASYNCSTDOUT - 20:54:13.091 [+577 ms] INFO  c.j.i.s.JProInitializer$ - Java version: 26.0.1 - AsyncAppender-Worker-ASYNCSTDOUT
2026-04-29 20:54:13,091 [INFO] in AsyncAppender-Worker-ASYNCSTDOUT - 20:54:13.091 [+577 ms] INFO  c.j.i.s.JProInitializer$ - JVM: 26.0.1 Oracle Corporation - AsyncAppender-Worker-ASYNCSTDOUT
2026-04-29 20:54:13,093 [INFO] in AsyncAppender-Worker-ASYNCSTDOUT - 20:54:13.093 [+579 ms] INFO  c.j.i.s.JProInitializer$ - JavaFX jar: file:/C:/Users/lehas/.m2/repository/org/openjfx/javafx-graphics/25.0.2-jpro+1/javafx-graphics-25.0.2-jpro+1-win.jar - AsyncAppender-Worker-ASYNCSTDOUT
2026-04-29 20:54:13,096 [INFO] in AsyncAppender-Worker-ASYNCSTDOUT - 20:54:13.095 [+581 ms] INFO  c.j.i.s.JProInitializer$ - Configuring logging from url: 'jar:file:/C:/Users/lehas/.m2/repository/one/jpro/jpro-server_2.12/2026.1.1/jpro-server_2.12-2026.1.1.jar!/logback-jpro-default.xml' - AsyncAppender-Worker-ASYNCSTDOUT
2026-04-29 20:54:13,818 [INFO] in AsyncAppender-Worker-ASYNCSTDOUT - 20:54:13.818 [+1304 ms] INFO  c.j.i.s.JProInitializer$ - JavaFX version: 25.0.2-jpro+1 - AsyncAppender-Worker-ASYNCSTDOUT
2026-04-29 20:54:13,911 [INFO] in JavaFX Application Thread - G1 Young Generation - JavaFX Application Thread
2026-04-29 20:54:13,912 [INFO] in JavaFX Application Thread - G1 Concurrent GC - JavaFX Application Thread
2026-04-29 20:54:13,912 [INFO] in JavaFX Application Thread - G1 Old Generation - JavaFX Application Thread
2026-04-29 20:54:13,926 [INFO] in AsyncAppender-Worker-ASYNCSTDOUT - 20:54:13.926 [+1412 ms] INFO  c.j.i.s.JProInitializer$ - finished init! - AsyncAppender-Worker-ASYNCSTDOUT
2026-04-29 20:54:13,933 [INFO] in AsyncAppender-Worker-ASYNCSTDOUT - 20:54:13.932 [+1418 ms] INFO  c.j.i.s.JProInitializer$ - [JPro] -> Server started: {start_time: 1777470853081, os_name: Windows 11, jpro_version: 2026.1.1, pid: 4412, servername: I59} - AsyncAppender-Worker-ASYNCSTDOUT
2026-04-29 20:54:14,074 [INFO] in AsyncAppender-Worker-ASYNCSTDOUT - 20:54:14.074 [+1560 ms] INFO  c.j.i.s.Route$ - Creating routing for JPro server - AsyncAppender-Worker-ASYNCSTDOUT
2026-04-29 20:54:14,179 [INFO] in AsyncAppender-Worker-ASYNCSTDOUT - 20:54:14.178 [+1664 ms] INFO  i.h.c.f.HelidonFeatures - Helidon SE 4.2.6 features: [Config, Encoding, Media, Metrics, Registry, WebServer, WebSocket] - AsyncAppender-Worker-ASYNCSTDOUT
2026-04-29 20:54:14,186 [INFO] in AsyncAppender-Worker-ASYNCSTDOUT - 20:54:14.186 [+1672 ms] INFO  i.h.w.ServerListener - [0x71d6aa45] http://0.0.0.0:8080 bound for socket '@default' - AsyncAppender-Worker-ASYNCSTDOUT
2026-04-29 20:54:14,188 [ERROR] in Thread-0 - There is no Helidon logging implementation on classpath, skipping log configuration. - Thread-0
2026-04-29 20:54:14,193 [INFO] in AsyncAppender-Worker-ASYNCSTDOUT - 20:54:14.193 [+1679 ms] INFO  i.h.w.LoomServer - Started all channels in 22 milliseconds. 2087 milliseconds since JVM startup. Java 26.0.1+8-34 - AsyncAppender-Worker-ASYNCSTDOUT
2026-04-29 20:54:14,194 [INFO] in Thread-0 - Server started at http://localhost:8080 - Thread-0
2026-04-29 20:54:15,340 [INFO] in AsyncAppender-Worker-ASYNCSTDOUT - 20:54:15.340 [+2826 ms] INFO  c.j.i.s.JProWSEndpoint - application requested: default params: Map() - AsyncAppender-Worker-ASYNCSTDOUT
2026-04-29 20:54:15,343 [INFO] in AsyncAppender-Worker-ASYNCSTDOUT - 20:54:15.342 [+2828 ms] INFO  c.j.i.s.JProWSEndpoint - Creating Application: default - AsyncAppender-Worker-ASYNCSTDOUT
2026-04-29 20:54:15,344 [INFO] in AsyncAppender-Worker-ASYNCSTDOUT - 20:54:15.342 [+2828 ms] INFO  c.j.i.s.JProWSEndpoint - remoteAddress 0:0:0:0:0:0:0:1 - AsyncAppender-Worker-ASYNCSTDOUT
2026-04-29 20:54:15,344 [INFO] in AsyncAppender-Worker-ASYNCSTDOUT - 20:54:15.342 [+2828 ms] INFO  c.j.i.s.JProWSEndpoint - host           - AsyncAppender-Worker-ASYNCSTDOUT
2026-04-29 20:54:15,344 [INFO] in AsyncAppender-Worker-ASYNCSTDOUT - 20:54:15.342 [+2828 ms] INFO  c.j.i.s.JProWSEndpoint - uri           /app/ws/default - AsyncAppender-Worker-ASYNCSTDOUT
2026-04-29 20:54:15,355 [INFO] in AsyncAppender-Worker-ASYNCSTDOUT - 20:54:15.354 [+2840 ms] INFO  c.j.i.s.JProWSEndpoint - Application found. - AsyncAppender-Worker-ASYNCSTDOUT
2026-04-29 20:54:15,422 [INFO] in AsyncAppender-Worker-ASYNCSTDOUT - 20:54:15.422 [+2908 ms] INFO  c.j.i.s.JProWSEndpoint - Handshake received: 1fc848e7be83856bef963b103116f03f - AsyncAppender-Worker-ASYNCSTDOUT
2026-04-29 20:54:15,727 [INFO] in AsyncAppender-Worker-ASYNCSTDOUT - 20:54:15.726 [+3212 ms] INFO  c.j.i.s.ViewInfo$ - [JPro] -> View created: {app_name: default, host_name: localhost:8080, instance_id: 3fkcue0k2zh231mxrv0e3dzmr, browser: Microsoft Edge 147.0.0.0, browser_url: http://localhost:8080/, client_ip: 0:0:0:0:0:0:0:1} - AsyncAppender-Worker-ASYNCSTDOUT
2026-04-29 20:54:15,987 [INFO] in JavaFX Application Thread - Menu Controller đã được khởi tạo! - JavaFX Application Thread
2026-04-29 20:54:16,592 [INFO] in JavaFX Application Thread - Nhạc nền menu đang phát... - JavaFX Application Thread
2026-04-29 20:54:17,116 [INFO] in AsyncAppender-Worker-ASYNCSTDOUT - 20:54:17.116 [+4602 ms] INFO  c.j.i.c.InstanceImpl - [JPro] -> Instance created: {app_name: default, host_name: localhost:8080, instance_id: 3fkcue0k2zh231mxrv0e3dzmr, browser: Microsoft Edge 147.0.0.0, browser_url: http://localhost:8080/, client_ip: 0:0:0:0:0:0:0:1} - AsyncAppender-Worker-ASYNCSTDOUT
2026-04-29 20:54:20,246 [INFO] in AsyncAppender-Worker-ASYNCSTDOUT - 20:54:20.245 [+7731 ms] INFO  c.j.i.s.JProWSEndpoint - application requested: default params: Map(instanceID -> 97g7m2mntmbphgbaz0hu6thzm) - AsyncAppender-Worker-ASYNCSTDOUT
2026-04-29 20:54:20,246 [INFO] in AsyncAppender-Worker-ASYNCSTDOUT - 20:54:20.245 [+7731 ms] INFO  c.j.i.s.JProWSEndpoint - Creating Application: default - AsyncAppender-Worker-ASYNCSTDOUT
2026-04-29 20:54:20,246 [INFO] in AsyncAppender-Worker-ASYNCSTDOUT - 20:54:20.245 [+7731 ms] INFO  c.j.i.s.JProWSEndpoint - remoteAddress 0:0:0:0:0:0:0:1 - AsyncAppender-Worker-ASYNCSTDOUT
2026-04-29 20:54:20,246 [INFO] in AsyncAppender-Worker-ASYNCSTDOUT - 20:54:20.246 [+7732 ms] INFO  c.j.i.s.JProWSEndpoint - host           - AsyncAppender-Worker-ASYNCSTDOUT
2026-04-29 20:54:20,246 [INFO] in AsyncAppender-Worker-ASYNCSTDOUT - 20:54:20.246 [+7732 ms] INFO  c.j.i.s.JProWSEndpoint - uri           /app/ws/default?instanceID=97g7m2mntmbphgbaz0hu6thzm - AsyncAppender-Worker-ASYNCSTDOUT
2026-04-29 20:54:20,247 [INFO] in AsyncAppender-Worker-ASYNCSTDOUT - 20:54:20.246 [+7732 ms] INFO  c.j.i.s.JProWSEndpoint - Application found. - AsyncAppender-Worker-ASYNCSTDOUT
2026-04-29 20:54:20,266 [INFO] in AsyncAppender-Worker-ASYNCSTDOUT - 20:54:20.266 [+7752 ms] INFO  c.j.i.s.JProWSEndpoint - Handshake received: 1fc848e7be83856bef963b103116f03f - AsyncAppender-Worker-ASYNCSTDOUT
2026-04-29 20:54:20,272 [INFO] in AsyncAppender-Worker-ASYNCSTDOUT - 20:54:20.272 [+7758 ms] INFO  c.j.i.s.ViewInfo$ - [JPro] -> View created: {app_name: default, host_name: localhost:8080, instance_id: 34aw0dl4tvivvbl3l05nklpyt, browser: Microsoft Edge 147.0.0.0, browser_url: http://localhost:8080/, client_ip: 0:0:0:0:0:0:0:1} - AsyncAppender-Worker-ASYNCSTDOUT
2026-04-29 20:54:20,331 [INFO] in JavaFX Application Thread - Menu Controller đã được khởi tạo! - JavaFX Application Thread
2026-04-29 20:54:20,337 [INFO] in JavaFX Application Thread - Nhạc nền menu đang phát... - JavaFX Application Thread
2026-04-29 20:54:20,432 [INFO] in AsyncAppender-Worker-ASYNCSTDOUT - 20:54:20.432 [+7918 ms] INFO  c.j.i.c.InstanceImpl - [JPro] -> Instance created: {app_name: default, host_name: localhost:8080, instance_id: 34aw0dl4tvivvbl3l05nklpyt, browser: Microsoft Edge 147.0.0.0, browser_url: http://localhost:8080/, client_ip: 0:0:0:0:0:0:0:1} - AsyncAppender-Worker-ASYNCSTDOUT
2026-04-29 20:54:23,542 [INFO] in AsyncAppender-Worker-ASYNCSTDOUT - 20:54:23.542 [+11028 ms] INFO  c.j.i.s.JProWSEndpoint - Frame received after poison, ignoring - AsyncAppender-Worker-ASYNCSTDOUT
2026-04-29 20:54:23,542 [INFO] in AsyncAppender-Worker-ASYNCSTDOUT - 20:54:23.542 [+11028 ms] INFO  c.j.i.s.JProWSEndpoint - WebSocket for [default] closed: 1000 – tab-closed - AsyncAppender-Worker-ASYNCSTDOUT
2026-04-29 20:54:23,544 [INFO] in AsyncAppender-Worker-ASYNCSTDOUT - 20:54:23.544 [+11030 ms] INFO  c.j.i.s.ViewInfo$ - [JPro] -> View closed: {app_name: default, host_name: localhost:8080, instance_id: 3fkcue0k2zh231mxrv0e3dzmr, browser: Microsoft Edge 147.0.0.0, browser_url: http://localhost:8080/, client_ip: 0:0:0:0:0:0:0:1, reason: tab-closed} - AsyncAppender-Worker-ASYNCSTDOUT
2026-04-29 20:54:23,545 [INFO] in AsyncAppender-Worker-ASYNCSTDOUT - 20:54:23.545 [+11031 ms] INFO  c.j.i.s.ViewInfo$ -  - AsyncAppender-Worker-ASYNCSTDOUT
2026-04-29 20:54:23,545 [INFO] in AsyncAppender-Worker-ASYNCSTDOUT - 20:54:23.545 [+11031 ms] INFO  c.j.i.s.ViewInfo$ - Application closed: - AsyncAppender-Worker-ASYNCSTDOUT
2026-04-29 20:54:23,553 [INFO] in AsyncAppender-Worker-ASYNCSTDOUT - 20:54:23.553 [+11039 ms] INFO  c.j.i.s.ViewInfo$ - startTime      : Wed Apr 29 20:54:15 GMT+07:00 2026       - AsyncAppender-Worker-ASYNCSTDOUT
2026-04-29 20:54:23,554 [INFO] in AsyncAppender-Worker-ASYNCSTDOUT - 20:54:23.553 [+11039 ms] INFO  c.j.i.s.ViewInfo$ - duration       : 00:00:07.923  - AsyncAppender-Worker-ASYNCSTDOUT
2026-04-29 20:54:23,554 [INFO] in AsyncAppender-Worker-ASYNCSTDOUT - 20:54:23.553 [+11039 ms] INFO  c.j.i.s.ViewInfo$ - averageLatency : 00:00:00.004  - AsyncAppender-Worker-ASYNCSTDOUT
2026-04-29 20:54:23,554 [INFO] in AsyncAppender-Worker-ASYNCSTDOUT - 20:54:23.554 [+11040 ms] INFO  c.j.i.s.ViewInfo$ - averageJitter  : 00:00:00.007   - AsyncAppender-Worker-ASYNCSTDOUT
2026-04-29 20:54:23,554 [INFO] in AsyncAppender-Worker-ASYNCSTDOUT - 20:54:23.554 [+11040 ms] INFO  c.j.i.s.ViewInfo$ - framerateServer: 00:00:00.000 - AsyncAppender-Worker-ASYNCSTDOUT
2026-04-29 20:54:23,555 [INFO] in AsyncAppender-Worker-ASYNCSTDOUT - 20:54:23.554 [+11040 ms] INFO  c.j.i.s.ViewInfo$ - framerateClient: 00:00:00.000 - AsyncAppender-Worker-ASYNCSTDOUT
2026-04-29 20:54:23,555 [INFO] in AsyncAppender-Worker-ASYNCSTDOUT - 20:54:23.554 [+11040 ms] INFO  c.j.i.s.ViewInfo$ - raw            : 27470 - AsyncAppender-Worker-ASYNCSTDOUT
2026-04-29 20:54:23,555 [INFO] in AsyncAppender-Worker-ASYNCSTDOUT - 20:54:23.554 [+11040 ms] INFO  c.j.i.s.ViewInfo$ - zipped         : 5105 - AsyncAppender-Worker-ASYNCSTDOUT
2026-04-29 20:54:23,555 [INFO] in AsyncAppender-Worker-ASYNCSTDOUT - 20:54:23.554 [+11040 ms] INFO  c.j.i.s.ViewInfo$ -  - AsyncAppender-Worker-ASYNCSTDOUT
2026-04-29 20:54:23,557 [ERROR] in JavaFX Application Thread - java.lang.AssertionError: assertion failed: Can't dispose, the JPro view is no longer active. Close reason was: tab-closed - JavaFX Application Thread
2026-04-29 20:54:23,557 [ERROR] in JavaFX Application Thread - 	at scala.Predef$.assert(Predef.scala:223) - JavaFX Application Thread
2026-04-29 20:54:23,557 [ERROR] in JavaFX Application Thread - 	at com.jpro.internal.communicator.ViewImpl.dispose(ViewImpl.scala:226) - JavaFX Application Thread
2026-04-29 20:54:23,558 [ERROR] in JavaFX Application Thread - 	at com.jpro.internal.server.JProWSEndpoint.$anonfun$disposeIfNeeded$1(JProWSEndpoint.scala:242) - JavaFX Application Thread
2026-04-29 20:54:23,558 [ERROR] in JavaFX Application Thread - 	at scala.runtime.java8.JFunction0$mcV$sp.apply(JFunction0$mcV$sp.java:23) - JavaFX Application Thread
2026-04-29 20:54:23,558 [ERROR] in JavaFX Application Thread - 	at simplefx.cores.standard.parts.CoreTimeEvent$$anon$3.run(CoreTimeEvent.scala:62) - JavaFX Application Thread
2026-04-29 20:54:23,558 [ERROR] in JavaFX Application Thread - 	at com.sun.javafx.application.PlatformImpl.lambda$runLater$0(PlatformImpl.java:425) - JavaFX Application Thread
2026-04-29 20:54:23,558 [ERROR] in JavaFX Application Thread - 	at com.sun.glass.ui.monocle.RunnableProcessor.runLoop(RunnableProcessor.java:92) - JavaFX Application Thread
2026-04-29 20:54:23,558 [ERROR] in JavaFX Application Thread - 	at com.sun.glass.ui.monocle.RunnableProcessor.run(RunnableProcessor.java:51) - JavaFX Application Thread
2026-04-29 20:54:23,558 [ERROR] in JavaFX Application Thread - 	at java.base/java.lang.Thread.run(Thread.java:1516) - JavaFX Application Thread
2026-04-29 20:54:23,558 [ERROR] in JavaFX Application Thread - Exception in thread "JavaFX Application Thread" java.lang.AssertionError: assertion failed: Can't dispose, the JPro view is no longer active. Close reason was: tab-closed - JavaFX Application Thread
2026-04-29 20:54:23,558 [ERROR] in JavaFX Application Thread - 	at scala.Predef$.assert(Predef.scala:223) - JavaFX Application Thread
2026-04-29 20:54:23,558 [ERROR] in JavaFX Application Thread - 	at com.jpro.internal.communicator.ViewImpl.dispose(ViewImpl.scala:226) - JavaFX Application Thread
2026-04-29 20:54:23,558 [ERROR] in JavaFX Application Thread - 	at com.jpro.internal.server.JProWSEndpoint.$anonfun$disposeIfNeeded$1(JProWSEndpoint.scala:242) - JavaFX Application Thread
2026-04-29 20:54:23,558 [ERROR] in JavaFX Application Thread - 	at scala.runtime.java8.JFunction0$mcV$sp.apply(JFunction0$mcV$sp.java:23) - JavaFX Application Thread
2026-04-29 20:54:23,558 [ERROR] in JavaFX Application Thread - 	at simplefx.cores.standard.parts.CoreTimeEvent$$anon$3.run(CoreTimeEvent.scala:62) - JavaFX Application Thread
2026-04-29 20:54:23,558 [ERROR] in JavaFX Application Thread - 	at com.sun.javafx.application.PlatformImpl.lambda$runLater$0(PlatformImpl.java:425) - JavaFX Application Thread
2026-04-29 20:54:23,558 [ERROR] in JavaFX Application Thread - 	at com.sun.glass.ui.monocle.RunnableProcessor.runLoop(RunnableProcessor.java:92) - JavaFX Application Thread
2026-04-29 20:54:23,558 [ERROR] in JavaFX Application Thread - 	at com.sun.glass.ui.monocle.RunnableProcessor.run(RunnableProcessor.java:51) - JavaFX Application Thread
2026-04-29 20:54:23,558 [ERROR] in JavaFX Application Thread - 	at java.base/java.lang.Thread.run(Thread.java:1516) - JavaFX Application Thread
2026-04-29 20:54:24,537 [INFO] in AsyncAppender-Worker-ASYNCSTDOUT - 20:54:24.536 [+12022 ms] INFO  c.j.i.c.InstanceImpl - [JPro] -> Instance closed: {app_name: default, host_name: localhost:8080, instance_id: 3fkcue0k2zh231mxrv0e3dzmr, browser: Microsoft Edge 147.0.0.0, browser_url: http://localhost:8080/, client_ip: 0:0:0:0:0:0:0:1, reason: close-tab-closed} - AsyncAppender-Worker-ASYNCSTDOUT
2026-04-29 20:54:28,696 [INFO] in JavaFX Application Thread - Nút Start đã được bấm! Đang khởi tạo GameView... - JavaFX Application Thread
2026-04-29 20:54:28,713 [INFO] in JavaFX Application Thread - Đã khởi tạo Difficulty Controller - JavaFX Application Thread
2026-04-29 20:54:28,752 [INFO] in AsyncAppender-Worker-ASYNCSTDOUT - 20:54:28.751 [+16237 ms] INFO  c.j.m.t.SceneInputListener - On disposing SceneInputListener: primaryScene.window was null. Skipped the forced release of the mouse. - AsyncAppender-Worker-ASYNCSTDOUT
2026-04-29 20:54:30,303 [INFO] in JavaFX Application Thread - Easy Mode - JavaFX Application Thread
2026-04-29 20:54:30,318 [INFO] in AsyncAppender-Worker-ASYNCSTDOUT - 20:54:30.318 [+17804 ms] INFO  c.j.m.t.SceneInputListener - On disposing SceneInputListener: primaryScene.window was null. Skipped the forced release of the mouse. - AsyncAppender-Worker-ASYNCSTDOUT
2026-04-29 20:54:37,450 [INFO] in AsyncAppender-Worker-ASYNCSTDOUT - 20:54:37.449 [+24935 ms] WARN  c.j.m.s.FXSerializer$$anon$1 - Unsupported Object: com.sun.scenario.effect.DropShadow@5d149a15 ... com.sun.scenario.effect.DropShadow - AsyncAppender-Worker-ASYNCSTDOUT
2026-04-29 20:54:37,464 [INFO] in AsyncAppender-Worker-ASYNCSTDOUT - 20:54:37.464 [+24950 ms] WARN  c.j.m.s.FXSerializer$$anon$1 - Unsupported Object: com.sun.scenario.effect.DropShadow@4ffc793 ... com.sun.scenario.effect.DropShadow - AsyncAppender-Worker-ASYNCSTDOUT
2026-04-29 20:54:37,479 [INFO] in AsyncAppender-Worker-ASYNCSTDOUT - 20:54:37.479 [+24965 ms] WARN  c.j.m.s.FXSerializer$$anon$1 - Unsupported Object: com.sun.scenario.effect.DropShadow@287a4c44 ... com.sun.scenario.effect.DropShadow - AsyncAppender-Worker-ASYNCSTDOUT
2026-04-29 20:54:37,494 [INFO] in AsyncAppender-Worker-ASYNCSTDOUT - 20:54:37.494 [+24980 ms] WARN  c.j.m.s.FXSerializer$$anon$1 - Unsupported Object: com.sun.scenario.effect.DropShadow@450893b1 ... com.sun.scenario.effect.DropShadow - AsyncAppender-Worker-ASYNCSTDOUT
2026-04-29 20:54:37,511 [INFO] in AsyncAppender-Worker-ASYNCSTDOUT - 20:54:37.511 [+24997 ms] WARN  c.j.m.s.FXSerializer$$anon$1 - Unsupported Object: com.sun.scenario.effect.DropShadow@54b8ed81 ... com.sun.scenario.effect.DropShadow - AsyncAppender-Worker-ASYNCSTDOUT
2026-04-29 20:54:37,526 [INFO] in AsyncAppender-Worker-ASYNCSTDOUT - 20:54:37.526 [+25012 ms] WARN  c.j.m.s.FXSerializer$$anon$1 - Unsupported Object: com.sun.scenario.effect.DropShadow@4802ec24 ... com.sun.scenario.effect.DropShadow - AsyncAppender-Worker-ASYNCSTDOUT
2026-04-29 20:54:37,542 [INFO] in AsyncAppender-Worker-ASYNCSTDOUT - 20:54:37.542 [+25028 ms] WARN  c.j.m.s.FXSerializer$$anon$1 - Unsupported Object: com.sun.scenario.effect.DropShadow@e7900cb ... com.sun.scenario.effect.DropShadow - AsyncAppender-Worker-ASYNCSTDOUT
2026-04-29 20:54:37,559 [INFO] in AsyncAppender-Worker-ASYNCSTDOUT - 20:54:37.559 [+25045 ms] WARN  c.j.m.s.FXSerializer$$anon$1 - Unsupported Object: com.sun.scenario.effect.DropShadow@5ed82f36 ... com.sun.scenario.effect.DropShadow - AsyncAppender-Worker-ASYNCSTDOUT
2026-04-29 20:54:37,573 [INFO] in AsyncAppender-Worker-ASYNCSTDOUT - 20:54:37.573 [+25059 ms] WARN  c.j.m.s.FXSerializer$$anon$1 - Unsupported Object: com.sun.scenario.effect.DropShadow@32bde4d6 ... com.sun.scenario.effect.DropShadow - AsyncAppender-Worker-ASYNCSTDOUT
2026-04-29 20:54:37,590 [INFO] in AsyncAppender-Worker-ASYNCSTDOUT - 20:54:37.590 [+25076 ms] WARN  c.j.m.s.FXSerializer$$anon$1 - Unsupported Object: com.sun.scenario.effect.DropShadow@7b6ba634 ... com.sun.scenario.effect.DropShadow - AsyncAppender-Worker-ASYNCSTDOUT
2026-04-29 20:54:37,606 [INFO] in AsyncAppender-Worker-ASYNCSTDOUT - 20:54:37.606 [+25092 ms] WARN  c.j.m.s.FXSerializer$$anon$1 - Unsupported Object: com.sun.scenario.effect.DropShadow@5290a314 ... com.sun.scenario.effect.DropShadow - AsyncAppender-Worker-ASYNCSTDOUT
2026-04-29 20:54:37,622 [INFO] in AsyncAppender-Worker-ASYNCSTDOUT - 20:54:37.621 [+25107 ms] WARN  c.j.m.s.FXSerializer$$anon$1 - Unsupported Object: com.sun.scenario.effect.DropShadow@19e85aa5 ... com.sun.scenario.effect.DropShadow - AsyncAppender-Worker-ASYNCSTDOUT
2026-04-29 20:54:37,638 [INFO] in AsyncAppender-Worker-ASYNCSTDOUT - 20:54:37.638 [+25124 ms] WARN  c.j.m.s.FXSerializer$$anon$1 - Unsupported Object: com.sun.scenario.effect.DropShadow@67f927d4 ... com.sun.scenario.effect.DropShadow - AsyncAppender-Worker-ASYNCSTDOUT
2026-04-29 20:54:37,654 [INFO] in AsyncAppender-Worker-ASYNCSTDOUT - 20:54:37.654 [+25140 ms] WARN  c.j.m.s.FXSerializer$$anon$1 - Unsupported Object: com.sun.scenario.effect.DropShadow@68c9f5cb ... com.sun.scenario.effect.DropShadow - AsyncAppender-Worker-ASYNCSTDOUT
2026-04-29 20:54:37,671 [INFO] in AsyncAppender-Worker-ASYNCSTDOUT - 20:54:37.671 [+25157 ms] WARN  c.j.m.s.FXSerializer$$anon$1 - Unsupported Object: com.sun.scenario.effect.DropShadow@2d5b92e1 ... com.sun.scenario.effect.DropShadow - AsyncAppender-Worker-ASYNCSTDOUT
2026-04-29 20:54:37,686 [INFO] in AsyncAppender-Worker-ASYNCSTDOUT - 20:54:37.686 [+25172 ms] WARN  c.j.m.s.FXSerializer$$anon$1 - Unsupported Object: com.sun.scenario.effect.DropShadow@604c7a40 ... com.sun.scenario.effect.DropShadow - AsyncAppender-Worker-ASYNCSTDOUT
2026-04-29 20:54:37,702 [INFO] in AsyncAppender-Worker-ASYNCSTDOUT - 20:54:37.702 [+25188 ms] WARN  c.j.m.s.FXSerializer$$anon$1 - Unsupported Object: com.sun.scenario.effect.DropShadow@40711a1e ... com.sun.scenario.effect.DropShadow - AsyncAppender-Worker-ASYNCSTDOUT
2026-04-29 20:54:37,718 [INFO] in AsyncAppender-Worker-ASYNCSTDOUT - 20:54:37.718 [+25204 ms] WARN  c.j.m.s.FXSerializer$$anon$1 - Unsupported Object: com.sun.scenario.effect.DropShadow@5a6fe574 ... com.sun.scenario.effect.DropShadow - AsyncAppender-Worker-ASYNCSTDOUT
2026-04-29 20:54:37,735 [INFO] in AsyncAppender-Worker-ASYNCSTDOUT - 20:54:37.734 [+25220 ms] WARN  c.j.m.s.FXSerializer$$anon$1 - Unsupported Object: com.sun.scenario.effect.DropShadow@5c38c66a ... com.sun.scenario.effect.DropShadow - AsyncAppender-Worker-ASYNCSTDOUT
2026-04-29 20:54:44,951 [INFO] in AsyncAppender-Worker-ASYNCSTDOUT - 20:54:44.951 [+32437 ms] WARN  c.j.m.s.FXSerializer$$anon$1 - Unsupported Object: com.sun.scenario.effect.DropShadow@32760e59 ... com.sun.scenario.effect.DropShadow - AsyncAppender-Worker-ASYNCSTDOUT
2026-04-29 20:54:44,966 [INFO] in AsyncAppender-Worker-ASYNCSTDOUT - 20:54:44.965 [+32451 ms] WARN  c.j.m.s.FXSerializer$$anon$1 - Unsupported Object: com.sun.scenario.effect.DropShadow@3212115f ... com.sun.scenario.effect.DropShadow - AsyncAppender-Worker-ASYNCSTDOUT
2026-04-29 20:54:44,983 [INFO] in AsyncAppender-Worker-ASYNCSTDOUT - 20:54:44.982 [+32468 ms] WARN  c.j.m.s.FXSerializer$$anon$1 - Unsupported Object: com.sun.scenario.effect.DropShadow@516e4770 ... com.sun.scenario.effect.DropShadow - AsyncAppender-Worker-ASYNCSTDOUT
2026-04-29 20:54:44,998 [INFO] in AsyncAppender-Worker-ASYNCSTDOUT - 20:54:44.998 [+32484 ms] WARN  c.j.m.s.FXSerializer$$anon$1 - Unsupported Object: com.sun.scenario.effect.DropShadow@242e95d6 ... com.sun.scenario.effect.DropShadow - AsyncAppender-Worker-ASYNCSTDOUT
2026-04-29 20:54:45,014 [INFO] in AsyncAppender-Worker-ASYNCSTDOUT - 20:54:45.014 [+32500 ms] WARN  c.j.m.s.FXSerializer$$anon$1 - Unsupported Object: com.sun.scenario.effect.DropShadow@6d5e05c3 ... com.sun.scenario.effect.DropShadow - AsyncAppender-Worker-ASYNCSTDOUT
2026-04-29 20:54:45,030 [INFO] in AsyncAppender-Worker-ASYNCSTDOUT - 20:54:45.029 [+32515 ms] WARN  c.j.m.s.FXSerializer$$anon$1 - Unsupported Object: com.sun.scenario.effect.DropShadow@4d480830 ... com.sun.scenario.effect.DropShadow - AsyncAppender-Worker-ASYNCSTDOUT
2026-04-29 20:54:45,046 [INFO] in AsyncAppender-Worker-ASYNCSTDOUT - 20:54:45.046 [+32532 ms] WARN  c.j.m.s.FXSerializer$$anon$1 - Unsupported Object: com.sun.scenario.effect.DropShadow@6be33be4 ... com.sun.scenario.effect.DropShadow - AsyncAppender-Worker-ASYNCSTDOUT
2026-04-29 20:54:45,063 [INFO] in AsyncAppender-Worker-ASYNCSTDOUT - 20:54:45.063 [+32549 ms] WARN  c.j.m.s.FXSerializer$$anon$1 - Unsupported Object: com.sun.scenario.effect.DropShadow@6b558859 ... com.sun.scenario.effect.DropShadow - AsyncAppender-Worker-ASYNCSTDOUT
2026-04-29 20:54:45,079 [INFO] in AsyncAppender-Worker-ASYNCSTDOUT - 20:54:45.078 [+32564 ms] WARN  c.j.m.s.FXSerializer$$anon$1 - Unsupported Object: com.sun.scenario.effect.DropShadow@9329ccc ... com.sun.scenario.effect.DropShadow - AsyncAppender-Worker-ASYNCSTDOUT
2026-04-29 20:54:45,094 [INFO] in AsyncAppender-Worker-ASYNCSTDOUT - 20:54:45.094 [+32580 ms] WARN  c.j.m.s.FXSerializer$$anon$1 - Unsupported Object: com.sun.scenario.effect.DropShadow@2e4b9d82 ... com.sun.scenario.effect.DropShadow - AsyncAppender-Worker-ASYNCSTDOUT
2026-04-29 20:54:45,110 [INFO] in AsyncAppender-Worker-ASYNCSTDOUT - 20:54:45.109 [+32595 ms] WARN  c.j.m.s.FXSerializer$$anon$1 - Unsupported Object: com.sun.scenario.effect.DropShadow@168da0b6 ... com.sun.scenario.effect.DropShadow - AsyncAppender-Worker-ASYNCSTDOUT
2026-04-29 20:54:45,126 [INFO] in AsyncAppender-Worker-ASYNCSTDOUT - 20:54:45.126 [+32612 ms] WARN  c.j.m.s.FXSerializer$$anon$1 - Unsupported Object: com.sun.scenario.effect.DropShadow@3c1e5f84 ... com.sun.scenario.effect.DropShadow - AsyncAppender-Worker-ASYNCSTDOUT
2026-04-29 20:54:45,143 [INFO] in AsyncAppender-Worker-ASYNCSTDOUT - 20:54:45.143 [+32629 ms] WARN  c.j.m.s.FXSerializer$$anon$1 - Unsupported Object: com.sun.scenario.effect.DropShadow@499d6761 ... com.sun.scenario.effect.DropShadow - AsyncAppender-Worker-ASYNCSTDOUT
2026-04-29 20:54:45,158 [INFO] in AsyncAppender-Worker-ASYNCSTDOUT - 20:54:45.158 [+32644 ms] WARN  c.j.m.s.FXSerializer$$anon$1 - Unsupported Object: com.sun.scenario.effect.DropShadow@3215f79d ... com.sun.scenario.effect.DropShadow - AsyncAppender-Worker-ASYNCSTDOUT
2026-04-29 20:54:45,174 [INFO] in AsyncAppender-Worker-ASYNCSTDOUT - 20:54:45.174 [+32660 ms] WARN  c.j.m.s.FXSerializer$$anon$1 - Unsupported Object: com.sun.scenario.effect.DropShadow@17134559 ... com.sun.scenario.effect.DropShadow - AsyncAppender-Worker-ASYNCSTDOUT
2026-04-29 20:54:45,192 [INFO] in AsyncAppender-Worker-ASYNCSTDOUT - 20:54:45.191 [+32677 ms] WARN  c.j.m.s.FXSerializer$$anon$1 - Unsupported Object: com.sun.scenario.effect.DropShadow@490bf91f ... com.sun.scenario.effect.DropShadow - AsyncAppender-Worker-ASYNCSTDOUT
2026-04-29 20:54:45,206 [INFO] in AsyncAppender-Worker-ASYNCSTDOUT - 20:54:45.206 [+32692 ms] WARN  c.j.m.s.FXSerializer$$anon$1 - Unsupported Object: com.sun.scenario.effect.DropShadow@419d84b0 ... com.sun.scenario.effect.DropShadow - AsyncAppender-Worker-ASYNCSTDOUT
2026-04-29 20:54:45,223 [INFO] in AsyncAppender-Worker-ASYNCSTDOUT - 20:54:45.222 [+32708 ms] WARN  c.j.m.s.FXSerializer$$anon$1 - Unsupported Object: com.sun.scenario.effect.DropShadow@691f86a0 ... com.sun.scenario.effect.DropShadow - AsyncAppender-Worker-ASYNCSTDOUT
2026-04-29 20:54:45,238 [INFO] in AsyncAppender-Worker-ASYNCSTDOUT - 20:54:45.238 [+32724 ms] WARN  c.j.m.s.FXSerializer$$anon$1 - Unsupported Object: com.sun.scenario.effect.DropShadow@3208705 ... com.sun.scenario.effect.DropShadow - AsyncAppender-Worker-ASYNCSTDOUT
2026-04-29 20:54:56,113 [INFO] in AsyncAppender-Worker-ASYNCSTDOUT - 20:54:56.113 [+43599 ms] INFO  c.j.i.s.JProWSEndpoint - Frame received after poison, ignoring - AsyncAppender-Worker-ASYNCSTDOUT
2026-04-29 20:54:56,113 [INFO] in AsyncAppender-Worker-ASYNCSTDOUT - 20:54:56.113 [+43599 ms] INFO  c.j.i.s.JProWSEndpoint - WebSocket for [default] closed: 1000 – tab-closed - AsyncAppender-Worker-ASYNCSTDOUT
2026-04-29 20:54:56,113 [INFO] in AsyncAppender-Worker-ASYNCSTDOUT - 20:54:56.113 [+43599 ms] INFO  c.j.i.s.ViewInfo$ - [JPro] -> View closed: {app_name: default, host_name: localhost:8080, instance_id: 34aw0dl4tvivvbl3l05nklpyt, browser: Microsoft Edge 147.0.0.0, browser_url: http://localhost:8080/, client_ip: 0:0:0:0:0:0:0:1, reason: tab-closed} - AsyncAppender-Worker-ASYNCSTDOUT
2026-04-29 20:54:56,149 [INFO] in AsyncAppender-Worker-ASYNCSTDOUT - 20:54:56.149 [+43635 ms] INFO  c.j.i.s.ViewInfo$ -  - AsyncAppender-Worker-ASYNCSTDOUT
2026-04-29 20:54:56,149 [INFO] in AsyncAppender-Worker-ASYNCSTDOUT - 20:54:56.149 [+43635 ms] INFO  c.j.i.s.ViewInfo$ - Application closed: - AsyncAppender-Worker-ASYNCSTDOUT
2026-04-29 20:54:56,149 [INFO] in AsyncAppender-Worker-ASYNCSTDOUT - 20:54:56.149 [+43635 ms] INFO  c.j.i.s.ViewInfo$ - startTime      : Wed Apr 29 20:54:20 GMT+07:00 2026       - AsyncAppender-Worker-ASYNCSTDOUT
2026-04-29 20:54:56,149 [INFO] in AsyncAppender-Worker-ASYNCSTDOUT - 20:54:56.149 [+43635 ms] INFO  c.j.i.s.ViewInfo$ - duration       : 00:00:35.841  - AsyncAppender-Worker-ASYNCSTDOUT
2026-04-29 20:54:56,149 [INFO] in AsyncAppender-Worker-ASYNCSTDOUT - 20:54:56.149 [+43635 ms] INFO  c.j.i.s.ViewInfo$ - averageLatency : 00:00:00.001  - AsyncAppender-Worker-ASYNCSTDOUT
2026-04-29 20:54:56,149 [INFO] in AsyncAppender-Worker-ASYNCSTDOUT - 20:54:56.149 [+43635 ms] INFO  c.j.i.s.ViewInfo$ - averageJitter  : 00:00:00.000   - AsyncAppender-Worker-ASYNCSTDOUT
2026-04-29 20:54:56,150 [INFO] in AsyncAppender-Worker-ASYNCSTDOUT - 20:54:56.149 [+43635 ms] INFO  c.j.i.s.ViewInfo$ - framerateServer: 00:00:00.000 - AsyncAppender-Worker-ASYNCSTDOUT
2026-04-29 20:54:56,150 [INFO] in AsyncAppender-Worker-ASYNCSTDOUT - 20:54:56.150 [+43636 ms] INFO  c.j.i.s.ViewInfo$ - framerateClient: 00:00:00.000 - AsyncAppender-Worker-ASYNCSTDOUT
2026-04-29 20:54:56,150 [INFO] in AsyncAppender-Worker-ASYNCSTDOUT - 20:54:56.150 [+43636 ms] INFO  c.j.i.s.ViewInfo$ - raw            : 12877586 - AsyncAppender-Worker-ASYNCSTDOUT
2026-04-29 20:54:56,150 [INFO] in AsyncAppender-Worker-ASYNCSTDOUT - 20:54:56.150 [+43636 ms] INFO  c.j.i.s.ViewInfo$ - zipped         : 1755682 - AsyncAppender-Worker-ASYNCSTDOUT
2026-04-29 20:54:56,150 [INFO] in AsyncAppender-Worker-ASYNCSTDOUT - 20:54:56.150 [+43636 ms] INFO  c.j.i.s.ViewInfo$ -  - AsyncAppender-Worker-ASYNCSTDOUT
2026-04-29 20:54:57,112 [INFO] in AsyncAppender-Worker-ASYNCSTDOUT - 20:54:57.111 [+44597 ms] INFO  c.j.i.c.InstanceImpl - [JPro] -> Instance closed: {app_name: default, host_name: localhost:8080, instance_id: 34aw0dl4tvivvbl3l05nklpyt, browser: Microsoft Edge 147.0.0.0, browser_url: http://localhost:8080/, client_ip: 0:0:0:0:0:0:0:1, reason: close-tab-closed} - AsyncAppender-Worker-ASYNCSTDOUT
2026-04-29 21:02:43,080 [INFO] in AsyncAppender-Worker-ASYNCSTDOUT - 21:02:43.076 [+580 ms] INFO  c.jpro.activity - Starting the server - AsyncAppender-Worker-ASYNCSTDOUT
2026-04-29 21:02:43,081 [INFO] in AsyncAppender-Worker-ASYNCSTDOUT - 21:02:43.077 [+581 ms] INFO  c.j.i.s.JProInitializer$ -  *** Starting JPro: https://www.jpro.one/ *** - AsyncAppender-Worker-ASYNCSTDOUT
2026-04-29 21:02:43,081 [INFO] in AsyncAppender-Worker-ASYNCSTDOUT - 21:02:43.077 [+581 ms] INFO  c.j.i.s.JProInitializer$ - OS: Windows 11 - AsyncAppender-Worker-ASYNCSTDOUT
2026-04-29 21:02:43,086 [INFO] in AsyncAppender-Worker-ASYNCSTDOUT - 21:02:43.085 [+589 ms] INFO  c.j.i.s.JProInitializer$ - JPro: 2026.1.1 - AsyncAppender-Worker-ASYNCSTDOUT
2026-04-29 21:02:43,086 [INFO] in AsyncAppender-Worker-ASYNCSTDOUT - 21:02:43.085 [+589 ms] INFO  c.j.i.s.JProInitializer$ - Java version: 26.0.1 - AsyncAppender-Worker-ASYNCSTDOUT
2026-04-29 21:02:43,086 [INFO] in AsyncAppender-Worker-ASYNCSTDOUT - 21:02:43.085 [+589 ms] INFO  c.j.i.s.JProInitializer$ - JVM: 26.0.1 Oracle Corporation - AsyncAppender-Worker-ASYNCSTDOUT
2026-04-29 21:02:43,088 [INFO] in AsyncAppender-Worker-ASYNCSTDOUT - 21:02:43.087 [+591 ms] INFO  c.j.i.s.JProInitializer$ - JavaFX jar: file:/C:/Users/lehas/.m2/repository/org/openjfx/javafx-graphics/25.0.2-jpro+1/javafx-graphics-25.0.2-jpro+1-win.jar - AsyncAppender-Worker-ASYNCSTDOUT
2026-04-29 21:02:43,092 [INFO] in AsyncAppender-Worker-ASYNCSTDOUT - 21:02:43.091 [+595 ms] INFO  c.j.i.s.JProInitializer$ - Configuring logging from url: 'jar:file:/C:/Users/lehas/.m2/repository/one/jpro/jpro-server_2.12/2026.1.1/jpro-server_2.12-2026.1.1.jar!/logback-jpro-default.xml' - AsyncAppender-Worker-ASYNCSTDOUT
2026-04-29 21:02:43,873 [INFO] in AsyncAppender-Worker-ASYNCSTDOUT - 21:02:43.872 [+1376 ms] INFO  c.j.i.s.JProInitializer$ - JavaFX version: 25.0.2-jpro+1 - AsyncAppender-Worker-ASYNCSTDOUT
2026-04-29 21:02:43,969 [INFO] in JavaFX Application Thread - G1 Young Generation - JavaFX Application Thread
2026-04-29 21:02:43,969 [INFO] in JavaFX Application Thread - G1 Concurrent GC - JavaFX Application Thread
2026-04-29 21:02:43,969 [INFO] in JavaFX Application Thread - G1 Old Generation - JavaFX Application Thread
2026-04-29 21:02:43,986 [INFO] in AsyncAppender-Worker-ASYNCSTDOUT - 21:02:43.986 [+1490 ms] INFO  c.j.i.s.JProInitializer$ - finished init! - AsyncAppender-Worker-ASYNCSTDOUT
2026-04-29 21:02:43,990 [INFO] in AsyncAppender-Worker-ASYNCSTDOUT - 21:02:43.990 [+1494 ms] INFO  c.j.i.s.JProInitializer$ - [JPro] -> Server started: {start_time: 1777471363075, os_name: Windows 11, jpro_version: 2026.1.1, pid: 9952, servername: L705} - AsyncAppender-Worker-ASYNCSTDOUT
2026-04-29 21:02:44,074 [INFO] in AsyncAppender-Worker-ASYNCSTDOUT - 21:02:44.074 [+1578 ms] INFO  c.j.i.s.Route$ - Creating routing for JPro server - AsyncAppender-Worker-ASYNCSTDOUT
2026-04-29 21:02:44,144 [INFO] in AsyncAppender-Worker-ASYNCSTDOUT - 21:02:44.144 [+1648 ms] INFO  i.h.c.f.HelidonFeatures - Helidon SE 4.2.6 features: [Config, Encoding, Media, Metrics, Registry, WebServer, WebSocket] - AsyncAppender-Worker-ASYNCSTDOUT
2026-04-29 21:02:44,155 [INFO] in AsyncAppender-Worker-ASYNCSTDOUT - 21:02:44.154 [+1658 ms] INFO  i.h.w.ServerListener - [0x1df711a4] http://0.0.0.0:8080 bound for socket '@default' - AsyncAppender-Worker-ASYNCSTDOUT
2026-04-29 21:02:44,157 [ERROR] in Thread-0 - There is no Helidon logging implementation on classpath, skipping log configuration. - Thread-0
2026-04-29 21:02:44,165 [INFO] in AsyncAppender-Worker-ASYNCSTDOUT - 21:02:44.164 [+1668 ms] INFO  i.h.w.LoomServer - Started all channels in 24 milliseconds. 2089 milliseconds since JVM startup. Java 26.0.1+8-34 - AsyncAppender-Worker-ASYNCSTDOUT
2026-04-29 21:02:44,166 [INFO] in Thread-0 - Server started at http://localhost:8080 - Thread-0
2026-04-29 21:02:45,220 [INFO] in AsyncAppender-Worker-ASYNCSTDOUT - 21:02:45.219 [+2723 ms] INFO  c.j.i.s.JProWSEndpoint - application requested: default params: Map() - AsyncAppender-Worker-ASYNCSTDOUT
2026-04-29 21:02:45,221 [INFO] in AsyncAppender-Worker-ASYNCSTDOUT - 21:02:45.220 [+2724 ms] INFO  c.j.i.s.JProWSEndpoint - Creating Application: default - AsyncAppender-Worker-ASYNCSTDOUT
2026-04-29 21:02:45,221 [INFO] in AsyncAppender-Worker-ASYNCSTDOUT - 21:02:45.221 [+2725 ms] INFO  c.j.i.s.JProWSEndpoint - remoteAddress 0:0:0:0:0:0:0:1 - AsyncAppender-Worker-ASYNCSTDOUT
2026-04-29 21:02:45,221 [INFO] in AsyncAppender-Worker-ASYNCSTDOUT - 21:02:45.221 [+2725 ms] INFO  c.j.i.s.JProWSEndpoint - host           - AsyncAppender-Worker-ASYNCSTDOUT
2026-04-29 21:02:45,221 [INFO] in AsyncAppender-Worker-ASYNCSTDOUT - 21:02:45.221 [+2725 ms] INFO  c.j.i.s.JProWSEndpoint - uri           /app/ws/default - AsyncAppender-Worker-ASYNCSTDOUT
2026-04-29 21:02:45,230 [INFO] in AsyncAppender-Worker-ASYNCSTDOUT - 21:02:45.230 [+2734 ms] INFO  c.j.i.s.JProWSEndpoint - Application found. - AsyncAppender-Worker-ASYNCSTDOUT
2026-04-29 21:02:45,314 [INFO] in AsyncAppender-Worker-ASYNCSTDOUT - 21:02:45.314 [+2818 ms] INFO  c.j.i.s.JProWSEndpoint - Handshake received: 1fc848e7be83856bef963b103116f03f - AsyncAppender-Worker-ASYNCSTDOUT
2026-04-29 21:02:45,666 [INFO] in AsyncAppender-Worker-ASYNCSTDOUT - 21:02:45.666 [+3170 ms] INFO  c.j.i.s.ViewInfo$ - [JPro] -> View created: {app_name: default, host_name: localhost:8080, instance_id: 3hb36kiqw0nqngvnil11whlu2, browser: Microsoft Edge 147.0.0.0, browser_url: http://localhost:8080/, client_ip: 0:0:0:0:0:0:0:1} - AsyncAppender-Worker-ASYNCSTDOUT
2026-04-29 21:02:45,922 [INFO] in JavaFX Application Thread - Menu Controller đã được khởi tạo! - JavaFX Application Thread
2026-04-29 21:02:46,446 [INFO] in JavaFX Application Thread - Nhạc nền menu đang phát... - JavaFX Application Thread
2026-04-29 21:02:46,966 [INFO] in AsyncAppender-Worker-ASYNCSTDOUT - 21:02:46.965 [+4469 ms] INFO  c.j.i.c.InstanceImpl - [JPro] -> Instance created: {app_name: default, host_name: localhost:8080, instance_id: 3hb36kiqw0nqngvnil11whlu2, browser: Microsoft Edge 147.0.0.0, browser_url: http://localhost:8080/, client_ip: 0:0:0:0:0:0:0:1} - AsyncAppender-Worker-ASYNCSTDOUT
2026-04-29 21:02:50,962 [INFO] in JavaFX Application Thread - Nút Start đã được bấm! Đang khởi tạo GameView... - JavaFX Application Thread
2026-04-29 21:02:50,977 [INFO] in JavaFX Application Thread - Đã khởi tạo Difficulty Controller - JavaFX Application Thread
2026-04-29 21:02:51,025 [INFO] in AsyncAppender-Worker-ASYNCSTDOUT - 21:02:51.024 [+8528 ms] INFO  c.j.m.t.SceneInputListener - On disposing SceneInputListener: primaryScene.window was null. Skipped the forced release of the mouse. - AsyncAppender-Worker-ASYNCSTDOUT
2026-04-29 21:02:52,534 [INFO] in JavaFX Application Thread - Easy Mode - JavaFX Application Thread
2026-04-29 21:02:52,550 [INFO] in AsyncAppender-Worker-ASYNCSTDOUT - 21:02:52.550 [+10054 ms] INFO  c.j.m.t.SceneInputListener - On disposing SceneInputListener: primaryScene.window was null. Skipped the forced release of the mouse. - AsyncAppender-Worker-ASYNCSTDOUT
2026-04-29 21:03:00,358 [INFO] in AsyncAppender-Worker-ASYNCSTDOUT - 21:03:00.358 [+17862 ms] WARN  c.j.m.s.FXSerializer$$anon$1 - Unsupported Object: com.sun.scenario.effect.DropShadow@663d55b ... com.sun.scenario.effect.DropShadow - AsyncAppender-Worker-ASYNCSTDOUT
2026-04-29 21:03:00,371 [INFO] in AsyncAppender-Worker-ASYNCSTDOUT - 21:03:00.370 [+17874 ms] WARN  c.j.m.s.FXSerializer$$anon$1 - Unsupported Object: com.sun.scenario.effect.DropShadow@768491b3 ... com.sun.scenario.effect.DropShadow - AsyncAppender-Worker-ASYNCSTDOUT
2026-04-29 21:03:00,371 [INFO] in AsyncAppender-Worker-ASYNCSTDOUT - 21:03:00.371 [+17875 ms] WARN  c.j.m.s.FXSerializer$$anon$1 - Unsupported Object: com.sun.scenario.effect.DropShadow@3a46fccd ... com.sun.scenario.effect.DropShadow - AsyncAppender-Worker-ASYNCSTDOUT
2026-04-29 21:03:00,388 [INFO] in AsyncAppender-Worker-ASYNCSTDOUT - 21:03:00.387 [+17891 ms] WARN  c.j.m.s.FXSerializer$$anon$1 - Unsupported Object: com.sun.scenario.effect.DropShadow@26c71165 ... com.sun.scenario.effect.DropShadow - AsyncAppender-Worker-ASYNCSTDOUT
2026-04-29 21:03:00,388 [INFO] in AsyncAppender-Worker-ASYNCSTDOUT - 21:03:00.387 [+17891 ms] WARN  c.j.m.s.FXSerializer$$anon$1 - Unsupported Object: com.sun.scenario.effect.DropShadow@51248459 ... com.sun.scenario.effect.DropShadow - AsyncAppender-Worker-ASYNCSTDOUT
2026-04-29 21:03:00,404 [INFO] in AsyncAppender-Worker-ASYNCSTDOUT - 21:03:00.404 [+17908 ms] WARN  c.j.m.s.FXSerializer$$anon$1 - Unsupported Object: com.sun.scenario.effect.DropShadow@7539bc39 ... com.sun.scenario.effect.DropShadow - AsyncAppender-Worker-ASYNCSTDOUT
2026-04-29 21:03:00,405 [INFO] in AsyncAppender-Worker-ASYNCSTDOUT - 21:03:00.404 [+17908 ms] WARN  c.j.m.s.FXSerializer$$anon$1 - Unsupported Object: com.sun.scenario.effect.DropShadow@1509ed82 ... com.sun.scenario.effect.DropShadow - AsyncAppender-Worker-ASYNCSTDOUT
2026-04-29 21:03:00,419 [INFO] in AsyncAppender-Worker-ASYNCSTDOUT - 21:03:00.418 [+17922 ms] WARN  c.j.m.s.FXSerializer$$anon$1 - Unsupported Object: com.sun.scenario.effect.DropShadow@34b7d76c ... com.sun.scenario.effect.DropShadow - AsyncAppender-Worker-ASYNCSTDOUT
2026-04-29 21:03:00,419 [INFO] in AsyncAppender-Worker-ASYNCSTDOUT - 21:03:00.418 [+17922 ms] WARN  c.j.m.s.FXSerializer$$anon$1 - Unsupported Object: com.sun.scenario.effect.DropShadow@78b9c5a6 ... com.sun.scenario.effect.DropShadow - AsyncAppender-Worker-ASYNCSTDOUT
2026-04-29 21:03:00,435 [INFO] in AsyncAppender-Worker-ASYNCSTDOUT - 21:03:00.435 [+17939 ms] WARN  c.j.m.s.FXSerializer$$anon$1 - Unsupported Object: com.sun.scenario.effect.DropShadow@321609df ... com.sun.scenario.effect.DropShadow - AsyncAppender-Worker-ASYNCSTDOUT
2026-04-29 21:03:00,435 [INFO] in AsyncAppender-Worker-ASYNCSTDOUT - 21:03:00.435 [+17939 ms] WARN  c.j.m.s.FXSerializer$$anon$1 - Unsupported Object: com.sun.scenario.effect.DropShadow@2e84f99a ... com.sun.scenario.effect.DropShadow - AsyncAppender-Worker-ASYNCSTDOUT
2026-04-29 21:03:00,450 [INFO] in AsyncAppender-Worker-ASYNCSTDOUT - 21:03:00.450 [+17954 ms] WARN  c.j.m.s.FXSerializer$$anon$1 - Unsupported Object: com.sun.scenario.effect.DropShadow@130c623f ... com.sun.scenario.effect.DropShadow - AsyncAppender-Worker-ASYNCSTDOUT
2026-04-29 21:03:00,451 [INFO] in AsyncAppender-Worker-ASYNCSTDOUT - 21:03:00.450 [+17954 ms] WARN  c.j.m.s.FXSerializer$$anon$1 - Unsupported Object: com.sun.scenario.effect.DropShadow@52072d81 ... com.sun.scenario.effect.DropShadow - AsyncAppender-Worker-ASYNCSTDOUT
2026-04-29 21:03:00,466 [INFO] in AsyncAppender-Worker-ASYNCSTDOUT - 21:03:00.466 [+17970 ms] WARN  c.j.m.s.FXSerializer$$anon$1 - Unsupported Object: com.sun.scenario.effect.DropShadow@6ba118b7 ... com.sun.scenario.effect.DropShadow - AsyncAppender-Worker-ASYNCSTDOUT
2026-04-29 21:03:00,466 [INFO] in AsyncAppender-Worker-ASYNCSTDOUT - 21:03:00.466 [+17970 ms] WARN  c.j.m.s.FXSerializer$$anon$1 - Unsupported Object: com.sun.scenario.effect.DropShadow@26c85ca1 ... com.sun.scenario.effect.DropShadow - AsyncAppender-Worker-ASYNCSTDOUT
2026-04-29 21:03:00,483 [INFO] in AsyncAppender-Worker-ASYNCSTDOUT - 21:03:00.483 [+17987 ms] WARN  c.j.m.s.FXSerializer$$anon$1 - Unsupported Object: com.sun.scenario.effect.DropShadow@3382ab22 ... com.sun.scenario.effect.DropShadow - AsyncAppender-Worker-ASYNCSTDOUT
2026-04-29 21:03:00,483 [INFO] in AsyncAppender-Worker-ASYNCSTDOUT - 21:03:00.483 [+17987 ms] WARN  c.j.m.s.FXSerializer$$anon$1 - Unsupported Object: com.sun.scenario.effect.DropShadow@50defa46 ... com.sun.scenario.effect.DropShadow - AsyncAppender-Worker-ASYNCSTDOUT
2026-04-29 21:03:00,498 [INFO] in AsyncAppender-Worker-ASYNCSTDOUT - 21:03:00.498 [+18002 ms] WARN  c.j.m.s.FXSerializer$$anon$1 - Unsupported Object: com.sun.scenario.effect.DropShadow@5cfeab84 ... com.sun.scenario.effect.DropShadow - AsyncAppender-Worker-ASYNCSTDOUT
2026-04-29 21:03:00,498 [INFO] in AsyncAppender-Worker-ASYNCSTDOUT - 21:03:00.498 [+18002 ms] WARN  c.j.m.s.FXSerializer$$anon$1 - Unsupported Object: com.sun.scenario.effect.DropShadow@191d9da8 ... com.sun.scenario.effect.DropShadow - AsyncAppender-Worker-ASYNCSTDOUT
2026-04-29 21:03:00,515 [INFO] in AsyncAppender-Worker-ASYNCSTDOUT - 21:03:00.514 [+18018 ms] WARN  c.j.m.s.FXSerializer$$anon$1 - Unsupported Object: com.sun.scenario.effect.DropShadow@3d052a5d ... com.sun.scenario.effect.DropShadow - AsyncAppender-Worker-ASYNCSTDOUT
2026-04-29 21:03:00,515 [INFO] in AsyncAppender-Worker-ASYNCSTDOUT - 21:03:00.514 [+18018 ms] WARN  c.j.m.s.FXSerializer$$anon$1 - Unsupported Object: com.sun.scenario.effect.DropShadow@c8b2d8c ... com.sun.scenario.effect.DropShadow - AsyncAppender-Worker-ASYNCSTDOUT
2026-04-29 21:03:00,530 [INFO] in AsyncAppender-Worker-ASYNCSTDOUT - 21:03:00.529 [+18033 ms] WARN  c.j.m.s.FXSerializer$$anon$1 - Unsupported Object: com.sun.scenario.effect.DropShadow@75ebe4c3 ... com.sun.scenario.effect.DropShadow - AsyncAppender-Worker-ASYNCSTDOUT
2026-04-29 21:03:00,530 [INFO] in AsyncAppender-Worker-ASYNCSTDOUT - 21:03:00.530 [+18034 ms] WARN  c.j.m.s.FXSerializer$$anon$1 - Unsupported Object: com.sun.scenario.effect.DropShadow@15dad636 ... com.sun.scenario.effect.DropShadow - AsyncAppender-Worker-ASYNCSTDOUT
2026-04-29 21:03:00,546 [INFO] in AsyncAppender-Worker-ASYNCSTDOUT - 21:03:00.546 [+18050 ms] WARN  c.j.m.s.FXSerializer$$anon$1 - Unsupported Object: com.sun.scenario.effect.DropShadow@6d13b2e4 ... com.sun.scenario.effect.DropShadow - AsyncAppender-Worker-ASYNCSTDOUT
2026-04-29 21:03:00,546 [INFO] in AsyncAppender-Worker-ASYNCSTDOUT - 21:03:00.546 [+18050 ms] WARN  c.j.m.s.FXSerializer$$anon$1 - Unsupported Object: com.sun.scenario.effect.DropShadow@118922d6 ... com.sun.scenario.effect.DropShadow - AsyncAppender-Worker-ASYNCSTDOUT
2026-04-29 21:03:00,564 [INFO] in AsyncAppender-Worker-ASYNCSTDOUT - 21:03:00.563 [+18067 ms] WARN  c.j.m.s.FXSerializer$$anon$1 - Unsupported Object: com.sun.scenario.effect.DropShadow@37a3fade ... com.sun.scenario.effect.DropShadow - AsyncAppender-Worker-ASYNCSTDOUT
2026-04-29 21:03:00,564 [INFO] in AsyncAppender-Worker-ASYNCSTDOUT - 21:03:00.564 [+18068 ms] WARN  c.j.m.s.FXSerializer$$anon$1 - Unsupported Object: com.sun.scenario.effect.DropShadow@f11daeb ... com.sun.scenario.effect.DropShadow - AsyncAppender-Worker-ASYNCSTDOUT
2026-04-29 21:03:00,578 [INFO] in AsyncAppender-Worker-ASYNCSTDOUT - 21:03:00.578 [+18082 ms] WARN  c.j.m.s.FXSerializer$$anon$1 - Unsupported Object: com.sun.scenario.effect.DropShadow@42e8d1b9 ... com.sun.scenario.effect.DropShadow - AsyncAppender-Worker-ASYNCSTDOUT
2026-04-29 21:03:00,578 [INFO] in AsyncAppender-Worker-ASYNCSTDOUT - 21:03:00.578 [+18082 ms] WARN  c.j.m.s.FXSerializer$$anon$1 - Unsupported Object: com.sun.scenario.effect.DropShadow@33ec3083 ... com.sun.scenario.effect.DropShadow - AsyncAppender-Worker-ASYNCSTDOUT
2026-04-29 21:03:00,595 [INFO] in AsyncAppender-Worker-ASYNCSTDOUT - 21:03:00.595 [+18099 ms] WARN  c.j.m.s.FXSerializer$$anon$1 - Unsupported Object: com.sun.scenario.effect.DropShadow@37773dc3 ... com.sun.scenario.effect.DropShadow - AsyncAppender-Worker-ASYNCSTDOUT
2026-04-29 21:03:00,595 [INFO] in AsyncAppender-Worker-ASYNCSTDOUT - 21:03:00.595 [+18099 ms] WARN  c.j.m.s.FXSerializer$$anon$1 - Unsupported Object: com.sun.scenario.effect.DropShadow@38fb48bd ... com.sun.scenario.effect.DropShadow - AsyncAppender-Worker-ASYNCSTDOUT
2026-04-29 21:03:00,612 [INFO] in AsyncAppender-Worker-ASYNCSTDOUT - 21:03:00.612 [+18116 ms] WARN  c.j.m.s.FXSerializer$$anon$1 - Unsupported Object: com.sun.scenario.effect.DropShadow@218c2cb5 ... com.sun.scenario.effect.DropShadow - AsyncAppender-Worker-ASYNCSTDOUT
2026-04-29 21:03:00,612 [INFO] in AsyncAppender-Worker-ASYNCSTDOUT - 21:03:00.612 [+18116 ms] WARN  c.j.m.s.FXSerializer$$anon$1 - Unsupported Object: com.sun.scenario.effect.DropShadow@2a0bea35 ... com.sun.scenario.effect.DropShadow - AsyncAppender-Worker-ASYNCSTDOUT
2026-04-29 21:03:00,627 [INFO] in AsyncAppender-Worker-ASYNCSTDOUT - 21:03:00.627 [+18131 ms] WARN  c.j.m.s.FXSerializer$$anon$1 - Unsupported Object: com.sun.scenario.effect.DropShadow@9df15c ... com.sun.scenario.effect.DropShadow - AsyncAppender-Worker-ASYNCSTDOUT
2026-04-29 21:03:00,627 [INFO] in AsyncAppender-Worker-ASYNCSTDOUT - 21:03:00.627 [+18131 ms] WARN  c.j.m.s.FXSerializer$$anon$1 - Unsupported Object: com.sun.scenario.effect.DropShadow@1930d1fe ... com.sun.scenario.effect.DropShadow - AsyncAppender-Worker-ASYNCSTDOUT
2026-04-29 21:03:00,644 [INFO] in AsyncAppender-Worker-ASYNCSTDOUT - 21:03:00.643 [+18147 ms] WARN  c.j.m.s.FXSerializer$$anon$1 - Unsupported Object: com.sun.scenario.effect.DropShadow@2f303509 ... com.sun.scenario.effect.DropShadow - AsyncAppender-Worker-ASYNCSTDOUT
2026-04-29 21:03:00,644 [INFO] in AsyncAppender-Worker-ASYNCSTDOUT - 21:03:00.643 [+18147 ms] WARN  c.j.m.s.FXSerializer$$anon$1 - Unsupported Object: com.sun.scenario.effect.DropShadow@27fe982b ... com.sun.scenario.effect.DropShadow - AsyncAppender-Worker-ASYNCSTDOUT
2026-04-29 21:03:00,659 [INFO] in AsyncAppender-Worker-ASYNCSTDOUT - 21:03:00.658 [+18162 ms] WARN  c.j.m.s.FXSerializer$$anon$1 - Unsupported Object: com.sun.scenario.effect.DropShadow@12b3990d ... com.sun.scenario.effect.DropShadow - AsyncAppender-Worker-ASYNCSTDOUT
2026-04-29 21:03:22,675 [INFO] in AsyncAppender-Worker-ASYNCSTDOUT - 21:03:22.674 [+40178 ms] WARN  c.j.m.s.FXSerializer$$anon$1 - Unsupported Object: com.sun.scenario.effect.DropShadow@1f1258bb ... com.sun.scenario.effect.DropShadow - AsyncAppender-Worker-ASYNCSTDOUT
2026-04-29 21:03:22,692 [INFO] in AsyncAppender-Worker-ASYNCSTDOUT - 21:03:22.691 [+40195 ms] WARN  c.j.m.s.FXSerializer$$anon$1 - Unsupported Object: com.sun.scenario.effect.DropShadow@48073367 ... com.sun.scenario.effect.DropShadow - AsyncAppender-Worker-ASYNCSTDOUT
2026-04-29 21:03:22,707 [INFO] in AsyncAppender-Worker-ASYNCSTDOUT - 21:03:22.707 [+40211 ms] WARN  c.j.m.s.FXSerializer$$anon$1 - Unsupported Object: com.sun.scenario.effect.DropShadow@337198e2 ... com.sun.scenario.effect.DropShadow - AsyncAppender-Worker-ASYNCSTDOUT
2026-04-29 21:03:22,723 [INFO] in AsyncAppender-Worker-ASYNCSTDOUT - 21:03:22.723 [+40227 ms] WARN  c.j.m.s.FXSerializer$$anon$1 - Unsupported Object: com.sun.scenario.effect.DropShadow@5d2df677 ... com.sun.scenario.effect.DropShadow - AsyncAppender-Worker-ASYNCSTDOUT
2026-04-29 21:03:22,739 [INFO] in AsyncAppender-Worker-ASYNCSTDOUT - 21:03:22.739 [+40243 ms] WARN  c.j.m.s.FXSerializer$$anon$1 - Unsupported Object: com.sun.scenario.effect.DropShadow@28302abb ... com.sun.scenario.effect.DropShadow - AsyncAppender-Worker-ASYNCSTDOUT
2026-04-29 21:03:22,755 [INFO] in AsyncAppender-Worker-ASYNCSTDOUT - 21:03:22.754 [+40258 ms] WARN  c.j.m.s.FXSerializer$$anon$1 - Unsupported Object: com.sun.scenario.effect.DropShadow@4b2d1d31 ... com.sun.scenario.effect.DropShadow - AsyncAppender-Worker-ASYNCSTDOUT
2026-04-29 21:03:22,770 [INFO] in AsyncAppender-Worker-ASYNCSTDOUT - 21:03:22.769 [+40273 ms] WARN  c.j.m.s.FXSerializer$$anon$1 - Unsupported Object: com.sun.scenario.effect.DropShadow@662afb2c ... com.sun.scenario.effect.DropShadow - AsyncAppender-Worker-ASYNCSTDOUT
2026-04-29 21:03:22,787 [INFO] in AsyncAppender-Worker-ASYNCSTDOUT - 21:03:22.787 [+40291 ms] WARN  c.j.m.s.FXSerializer$$anon$1 - Unsupported Object: com.sun.scenario.effect.DropShadow@6c3f7684 ... com.sun.scenario.effect.DropShadow - AsyncAppender-Worker-ASYNCSTDOUT
2026-04-29 21:03:22,803 [INFO] in AsyncAppender-Worker-ASYNCSTDOUT - 21:03:22.803 [+40307 ms] WARN  c.j.m.s.FXSerializer$$anon$1 - Unsupported Object: com.sun.scenario.effect.DropShadow@6a47d41e ... com.sun.scenario.effect.DropShadow - AsyncAppender-Worker-ASYNCSTDOUT
2026-04-29 21:03:22,819 [INFO] in AsyncAppender-Worker-ASYNCSTDOUT - 21:03:22.818 [+40322 ms] WARN  c.j.m.s.FXSerializer$$anon$1 - Unsupported Object: com.sun.scenario.effect.DropShadow@11ccca39 ... com.sun.scenario.effect.DropShadow - AsyncAppender-Worker-ASYNCSTDOUT
2026-04-29 21:03:22,833 [INFO] in AsyncAppender-Worker-ASYNCSTDOUT - 21:03:22.833 [+40337 ms] WARN  c.j.m.s.FXSerializer$$anon$1 - Unsupported Object: com.sun.scenario.effect.DropShadow@4f92ee3 ... com.sun.scenario.effect.DropShadow - AsyncAppender-Worker-ASYNCSTDOUT
2026-04-29 21:03:22,850 [INFO] in AsyncAppender-Worker-ASYNCSTDOUT - 21:03:22.849 [+40353 ms] WARN  c.j.m.s.FXSerializer$$anon$1 - Unsupported Object: com.sun.scenario.effect.DropShadow@8d879f ... com.sun.scenario.effect.DropShadow - AsyncAppender-Worker-ASYNCSTDOUT
2026-04-29 21:03:22,867 [INFO] in AsyncAppender-Worker-ASYNCSTDOUT - 21:03:22.866 [+40370 ms] WARN  c.j.m.s.FXSerializer$$anon$1 - Unsupported Object: com.sun.scenario.effect.DropShadow@7f9b7534 ... com.sun.scenario.effect.DropShadow - AsyncAppender-Worker-ASYNCSTDOUT
2026-04-29 21:03:22,881 [INFO] in AsyncAppender-Worker-ASYNCSTDOUT - 21:03:22.881 [+40385 ms] WARN  c.j.m.s.FXSerializer$$anon$1 - Unsupported Object: com.sun.scenario.effect.DropShadow@32391c4f ... com.sun.scenario.effect.DropShadow - AsyncAppender-Worker-ASYNCSTDOUT
2026-04-29 21:03:22,898 [INFO] in AsyncAppender-Worker-ASYNCSTDOUT - 21:03:22.897 [+40401 ms] WARN  c.j.m.s.FXSerializer$$anon$1 - Unsupported Object: com.sun.scenario.effect.DropShadow@53298060 ... com.sun.scenario.effect.DropShadow - AsyncAppender-Worker-ASYNCSTDOUT
2026-04-29 21:03:22,915 [INFO] in AsyncAppender-Worker-ASYNCSTDOUT - 21:03:22.915 [+40419 ms] WARN  c.j.m.s.FXSerializer$$anon$1 - Unsupported Object: com.sun.scenario.effect.DropShadow@5f782067 ... com.sun.scenario.effect.DropShadow - AsyncAppender-Worker-ASYNCSTDOUT
2026-04-29 21:03:22,931 [INFO] in AsyncAppender-Worker-ASYNCSTDOUT - 21:03:22.930 [+40434 ms] WARN  c.j.m.s.FXSerializer$$anon$1 - Unsupported Object: com.sun.scenario.effect.DropShadow@5ded8464 ... com.sun.scenario.effect.DropShadow - AsyncAppender-Worker-ASYNCSTDOUT
2026-04-29 21:03:22,947 [INFO] in AsyncAppender-Worker-ASYNCSTDOUT - 21:03:22.947 [+40451 ms] WARN  c.j.m.s.FXSerializer$$anon$1 - Unsupported Object: com.sun.scenario.effect.DropShadow@446e129a ... com.sun.scenario.effect.DropShadow - AsyncAppender-Worker-ASYNCSTDOUT
2026-04-29 21:03:22,961 [INFO] in AsyncAppender-Worker-ASYNCSTDOUT - 21:03:22.961 [+40465 ms] WARN  c.j.m.s.FXSerializer$$anon$1 - Unsupported Object: com.sun.scenario.effect.DropShadow@7199a716 ... com.sun.scenario.effect.DropShadow - AsyncAppender-Worker-ASYNCSTDOUT
2026-04-29 21:03:30,338 [INFO] in AsyncAppender-Worker-ASYNCSTDOUT - 21:03:30.338 [+47842 ms] WARN  c.j.m.s.FXSerializer$$anon$1 - Unsupported Object: com.sun.scenario.effect.DropShadow@1fe2ae28 ... com.sun.scenario.effect.DropShadow - AsyncAppender-Worker-ASYNCSTDOUT
2026-04-29 21:03:30,355 [INFO] in AsyncAppender-Worker-ASYNCSTDOUT - 21:03:30.354 [+47858 ms] WARN  c.j.m.s.FXSerializer$$anon$1 - Unsupported Object: com.sun.scenario.effect.DropShadow@4fd040b5 ... com.sun.scenario.effect.DropShadow - AsyncAppender-Worker-ASYNCSTDOUT
2026-04-29 21:03:30,370 [INFO] in AsyncAppender-Worker-ASYNCSTDOUT - 21:03:30.370 [+47874 ms] WARN  c.j.m.s.FXSerializer$$anon$1 - Unsupported Object: com.sun.scenario.effect.DropShadow@4cf52b5e ... com.sun.scenario.effect.DropShadow - AsyncAppender-Worker-ASYNCSTDOUT
2026-04-29 21:03:30,387 [INFO] in AsyncAppender-Worker-ASYNCSTDOUT - 21:03:30.386 [+47890 ms] WARN  c.j.m.s.FXSerializer$$anon$1 - Unsupported Object: com.sun.scenario.effect.DropShadow@6a8e4880 ... com.sun.scenario.effect.DropShadow - AsyncAppender-Worker-ASYNCSTDOUT
2026-04-29 21:03:30,403 [INFO] in AsyncAppender-Worker-ASYNCSTDOUT - 21:03:30.402 [+47906 ms] WARN  c.j.m.s.FXSerializer$$anon$1 - Unsupported Object: com.sun.scenario.effect.DropShadow@6d7745b0 ... com.sun.scenario.effect.DropShadow - AsyncAppender-Worker-ASYNCSTDOUT
2026-04-29 21:03:30,418 [INFO] in AsyncAppender-Worker-ASYNCSTDOUT - 21:03:30.418 [+47922 ms] WARN  c.j.m.s.FXSerializer$$anon$1 - Unsupported Object: com.sun.scenario.effect.DropShadow@1677ec7 ... com.sun.scenario.effect.DropShadow - AsyncAppender-Worker-ASYNCSTDOUT
2026-04-29 21:03:30,434 [INFO] in AsyncAppender-Worker-ASYNCSTDOUT - 21:03:30.434 [+47938 ms] WARN  c.j.m.s.FXSerializer$$anon$1 - Unsupported Object: com.sun.scenario.effect.DropShadow@65f0fe9b ... com.sun.scenario.effect.DropShadow - AsyncAppender-Worker-ASYNCSTDOUT
2026-04-29 21:03:30,450 [INFO] in AsyncAppender-Worker-ASYNCSTDOUT - 21:03:30.449 [+47953 ms] WARN  c.j.m.s.FXSerializer$$anon$1 - Unsupported Object: com.sun.scenario.effect.DropShadow@58e19914 ... com.sun.scenario.effect.DropShadow - AsyncAppender-Worker-ASYNCSTDOUT
2026-04-29 21:03:30,467 [INFO] in AsyncAppender-Worker-ASYNCSTDOUT - 21:03:30.466 [+47970 ms] WARN  c.j.m.s.FXSerializer$$anon$1 - Unsupported Object: com.sun.scenario.effect.DropShadow@139ecc5 ... com.sun.scenario.effect.DropShadow - AsyncAppender-Worker-ASYNCSTDOUT
2026-04-29 21:03:30,482 [INFO] in AsyncAppender-Worker-ASYNCSTDOUT - 21:03:30.481 [+47985 ms] WARN  c.j.m.s.FXSerializer$$anon$1 - Unsupported Object: com.sun.scenario.effect.DropShadow@48d39252 ... com.sun.scenario.effect.DropShadow - AsyncAppender-Worker-ASYNCSTDOUT
2026-04-29 21:03:30,497 [INFO] in AsyncAppender-Worker-ASYNCSTDOUT - 21:03:30.497 [+48001 ms] WARN  c.j.m.s.FXSerializer$$anon$1 - Unsupported Object: com.sun.scenario.effect.DropShadow@ff6b3a5 ... com.sun.scenario.effect.DropShadow - AsyncAppender-Worker-ASYNCSTDOUT
2026-04-29 21:03:30,514 [INFO] in AsyncAppender-Worker-ASYNCSTDOUT - 21:03:30.514 [+48018 ms] WARN  c.j.m.s.FXSerializer$$anon$1 - Unsupported Object: com.sun.scenario.effect.DropShadow@2179290c ... com.sun.scenario.effect.DropShadow - AsyncAppender-Worker-ASYNCSTDOUT
2026-04-29 21:03:30,530 [INFO] in AsyncAppender-Worker-ASYNCSTDOUT - 21:03:30.529 [+48033 ms] WARN  c.j.m.s.FXSerializer$$anon$1 - Unsupported Object: com.sun.scenario.effect.DropShadow@84a6507 ... com.sun.scenario.effect.DropShadow - AsyncAppender-Worker-ASYNCSTDOUT
2026-04-29 21:03:30,546 [INFO] in AsyncAppender-Worker-ASYNCSTDOUT - 21:03:30.545 [+48049 ms] WARN  c.j.m.s.FXSerializer$$anon$1 - Unsupported Object: com.sun.scenario.effect.DropShadow@6e238216 ... com.sun.scenario.effect.DropShadow - AsyncAppender-Worker-ASYNCSTDOUT
2026-04-29 21:03:30,561 [INFO] in AsyncAppender-Worker-ASYNCSTDOUT - 21:03:30.561 [+48065 ms] WARN  c.j.m.s.FXSerializer$$anon$1 - Unsupported Object: com.sun.scenario.effect.DropShadow@68f1bf0e ... com.sun.scenario.effect.DropShadow - AsyncAppender-Worker-ASYNCSTDOUT
2026-04-29 21:03:30,579 [INFO] in AsyncAppender-Worker-ASYNCSTDOUT - 21:03:30.578 [+48082 ms] WARN  c.j.m.s.FXSerializer$$anon$1 - Unsupported Object: com.sun.scenario.effect.DropShadow@4d64cb56 ... com.sun.scenario.effect.DropShadow - AsyncAppender-Worker-ASYNCSTDOUT
2026-04-29 21:03:30,593 [INFO] in AsyncAppender-Worker-ASYNCSTDOUT - 21:03:30.593 [+48097 ms] WARN  c.j.m.s.FXSerializer$$anon$1 - Unsupported Object: com.sun.scenario.effect.DropShadow@34a1862a ... com.sun.scenario.effect.DropShadow - AsyncAppender-Worker-ASYNCSTDOUT
2026-04-29 21:03:30,611 [INFO] in AsyncAppender-Worker-ASYNCSTDOUT - 21:03:30.610 [+48114 ms] WARN  c.j.m.s.FXSerializer$$anon$1 - Unsupported Object: com.sun.scenario.effect.DropShadow@2e2abe8 ... com.sun.scenario.effect.DropShadow - AsyncAppender-Worker-ASYNCSTDOUT
2026-04-29 21:03:30,627 [INFO] in AsyncAppender-Worker-ASYNCSTDOUT - 21:03:30.626 [+48130 ms] WARN  c.j.m.s.FXSerializer$$anon$1 - Unsupported Object: com.sun.scenario.effect.DropShadow@4b4e68c0 ... com.sun.scenario.effect.DropShadow - AsyncAppender-Worker-ASYNCSTDOUT
2026-04-29 21:03:32,274 [INFO] in AsyncAppender-Worker-ASYNCSTDOUT - 21:03:32.274 [+49778 ms] WARN  c.j.m.s.FXSerializer$$anon$1 - Unsupported Object: com.sun.scenario.effect.DropShadow@3ca4aaf7 ... com.sun.scenario.effect.DropShadow - AsyncAppender-Worker-ASYNCSTDOUT
2026-04-29 21:03:32,291 [INFO] in AsyncAppender-Worker-ASYNCSTDOUT - 21:03:32.291 [+49795 ms] WARN  c.j.m.s.FXSerializer$$anon$1 - Unsupported Object: com.sun.scenario.effect.DropShadow@7313827d ... com.sun.scenario.effect.DropShadow - AsyncAppender-Worker-ASYNCSTDOUT
2026-04-29 21:03:32,307 [INFO] in AsyncAppender-Worker-ASYNCSTDOUT - 21:03:32.307 [+49811 ms] WARN  c.j.m.s.FXSerializer$$anon$1 - Unsupported Object: com.sun.scenario.effect.DropShadow@1e16cd08 ... com.sun.scenario.effect.DropShadow - AsyncAppender-Worker-ASYNCSTDOUT
2026-04-29 21:03:32,321 [INFO] in AsyncAppender-Worker-ASYNCSTDOUT - 21:03:32.321 [+49825 ms] WARN  c.j.m.s.FXSerializer$$anon$1 - Unsupported Object: com.sun.scenario.effect.DropShadow@582f11e9 ... com.sun.scenario.effect.DropShadow - AsyncAppender-Worker-ASYNCSTDOUT
2026-04-29 21:03:32,337 [INFO] in AsyncAppender-Worker-ASYNCSTDOUT - 21:03:32.337 [+49841 ms] WARN  c.j.m.s.FXSerializer$$anon$1 - Unsupported Object: com.sun.scenario.effect.DropShadow@5540857d ... com.sun.scenario.effect.DropShadow - AsyncAppender-Worker-ASYNCSTDOUT
2026-04-29 21:03:32,354 [INFO] in AsyncAppender-Worker-ASYNCSTDOUT - 21:03:32.354 [+49858 ms] WARN  c.j.m.s.FXSerializer$$anon$1 - Unsupported Object: com.sun.scenario.effect.DropShadow@4d38f572 ... com.sun.scenario.effect.DropShadow - AsyncAppender-Worker-ASYNCSTDOUT
2026-04-29 21:03:32,371 [INFO] in AsyncAppender-Worker-ASYNCSTDOUT - 21:03:32.370 [+49874 ms] WARN  c.j.m.s.FXSerializer$$anon$1 - Unsupported Object: com.sun.scenario.effect.DropShadow@7675f640 ... com.sun.scenario.effect.DropShadow - AsyncAppender-Worker-ASYNCSTDOUT
2026-04-29 21:03:32,386 [INFO] in AsyncAppender-Worker-ASYNCSTDOUT - 21:03:32.385 [+49889 ms] WARN  c.j.m.s.FXSerializer$$anon$1 - Unsupported Object: com.sun.scenario.effect.DropShadow@2b87d938 ... com.sun.scenario.effect.DropShadow - AsyncAppender-Worker-ASYNCSTDOUT
2026-04-29 21:03:32,404 [INFO] in AsyncAppender-Worker-ASYNCSTDOUT - 21:03:32.404 [+49908 ms] WARN  c.j.m.s.FXSerializer$$anon$1 - Unsupported Object: com.sun.scenario.effect.DropShadow@1e5f7143 ... com.sun.scenario.effect.DropShadow - AsyncAppender-Worker-ASYNCSTDOUT
2026-04-29 21:03:32,418 [INFO] in AsyncAppender-Worker-ASYNCSTDOUT - 21:03:32.418 [+49922 ms] WARN  c.j.m.s.FXSerializer$$anon$1 - Unsupported Object: com.sun.scenario.effect.DropShadow@31368848 ... com.sun.scenario.effect.DropShadow - AsyncAppender-Worker-ASYNCSTDOUT
2026-04-29 21:03:32,435 [INFO] in AsyncAppender-Worker-ASYNCSTDOUT - 21:03:32.434 [+49938 ms] WARN  c.j.m.s.FXSerializer$$anon$1 - Unsupported Object: com.sun.scenario.effect.DropShadow@4f251254 ... com.sun.scenario.effect.DropShadow - AsyncAppender-Worker-ASYNCSTDOUT
2026-04-29 21:03:32,451 [INFO] in AsyncAppender-Worker-ASYNCSTDOUT - 21:03:32.450 [+49954 ms] WARN  c.j.m.s.FXSerializer$$anon$1 - Unsupported Object: com.sun.scenario.effect.DropShadow@1e0e1cd0 ... com.sun.scenario.effect.DropShadow - AsyncAppender-Worker-ASYNCSTDOUT
2026-04-29 21:03:32,468 [INFO] in AsyncAppender-Worker-ASYNCSTDOUT - 21:03:32.467 [+49971 ms] WARN  c.j.m.s.FXSerializer$$anon$1 - Unsupported Object: com.sun.scenario.effect.DropShadow@1759ac88 ... com.sun.scenario.effect.DropShadow - AsyncAppender-Worker-ASYNCSTDOUT
2026-04-29 21:03:32,481 [INFO] in AsyncAppender-Worker-ASYNCSTDOUT - 21:03:32.481 [+49985 ms] WARN  c.j.m.s.FXSerializer$$anon$1 - Unsupported Object: com.sun.scenario.effect.DropShadow@fa7d52 ... com.sun.scenario.effect.DropShadow - AsyncAppender-Worker-ASYNCSTDOUT
2026-04-29 21:03:32,498 [INFO] in AsyncAppender-Worker-ASYNCSTDOUT - 21:03:32.497 [+50001 ms] WARN  c.j.m.s.FXSerializer$$anon$1 - Unsupported Object: com.sun.scenario.effect.DropShadow@21f94278 ... com.sun.scenario.effect.DropShadow - AsyncAppender-Worker-ASYNCSTDOUT
2026-04-29 21:03:32,514 [INFO] in AsyncAppender-Worker-ASYNCSTDOUT - 21:03:32.514 [+50018 ms] WARN  c.j.m.s.FXSerializer$$anon$1 - Unsupported Object: com.sun.scenario.effect.DropShadow@4b3b1f99 ... com.sun.scenario.effect.DropShadow - AsyncAppender-Worker-ASYNCSTDOUT
2026-04-29 21:03:32,529 [INFO] in AsyncAppender-Worker-ASYNCSTDOUT - 21:03:32.529 [+50033 ms] WARN  c.j.m.s.FXSerializer$$anon$1 - Unsupported Object: com.sun.scenario.effect.DropShadow@5626eb4e ... com.sun.scenario.effect.DropShadow - AsyncAppender-Worker-ASYNCSTDOUT
2026-04-29 21:03:32,548 [INFO] in AsyncAppender-Worker-ASYNCSTDOUT - 21:03:32.547 [+50051 ms] WARN  c.j.m.s.FXSerializer$$anon$1 - Unsupported Object: com.sun.scenario.effect.DropShadow@464e27d3 ... com.sun.scenario.effect.DropShadow - AsyncAppender-Worker-ASYNCSTDOUT
2026-04-29 21:03:32,563 [INFO] in AsyncAppender-Worker-ASYNCSTDOUT - 21:03:32.562 [+50066 ms] WARN  c.j.m.s.FXSerializer$$anon$1 - Unsupported Object: com.sun.scenario.effect.DropShadow@66417ebe ... com.sun.scenario.effect.DropShadow - AsyncAppender-Worker-ASYNCSTDOUT
2026-04-29 21:03:40,867 [INFO] in AsyncAppender-Worker-ASYNCSTDOUT - 21:03:40.867 [+58371 ms] WARN  c.j.m.s.FXSerializer$$anon$1 - Unsupported Object: com.sun.scenario.effect.DropShadow@733eb5a1 ... com.sun.scenario.effect.DropShadow - AsyncAppender-Worker-ASYNCSTDOUT
2026-04-29 21:03:40,881 [INFO] in AsyncAppender-Worker-ASYNCSTDOUT - 21:03:40.881 [+58385 ms] WARN  c.j.m.s.FXSerializer$$anon$1 - Unsupported Object: com.sun.scenario.effect.DropShadow@4d965c3 ... com.sun.scenario.effect.DropShadow - AsyncAppender-Worker-ASYNCSTDOUT
2026-04-29 21:03:40,899 [INFO] in AsyncAppender-Worker-ASYNCSTDOUT - 21:03:40.899 [+58403 ms] WARN  c.j.m.s.FXSerializer$$anon$1 - Unsupported Object: com.sun.scenario.effect.DropShadow@3be666d7 ... com.sun.scenario.effect.DropShadow - AsyncAppender-Worker-ASYNCSTDOUT
2026-04-29 21:03:40,914 [INFO] in AsyncAppender-Worker-ASYNCSTDOUT - 21:03:40.914 [+58418 ms] WARN  c.j.m.s.FXSerializer$$anon$1 - Unsupported Object: com.sun.scenario.effect.DropShadow@2d33fad2 ... com.sun.scenario.effect.DropShadow - AsyncAppender-Worker-ASYNCSTDOUT
2026-04-29 21:03:40,930 [INFO] in AsyncAppender-Worker-ASYNCSTDOUT - 21:03:40.930 [+58434 ms] WARN  c.j.m.s.FXSerializer$$anon$1 - Unsupported Object: com.sun.scenario.effect.DropShadow@7d7780eb ... com.sun.scenario.effect.DropShadow - AsyncAppender-Worker-ASYNCSTDOUT
2026-04-29 21:03:40,947 [INFO] in AsyncAppender-Worker-ASYNCSTDOUT - 21:03:40.946 [+58450 ms] WARN  c.j.m.s.FXSerializer$$anon$1 - Unsupported Object: com.sun.scenario.effect.DropShadow@72c5eb95 ... com.sun.scenario.effect.DropShadow - AsyncAppender-Worker-ASYNCSTDOUT
2026-04-29 21:03:40,961 [INFO] in AsyncAppender-Worker-ASYNCSTDOUT - 21:03:40.961 [+58465 ms] WARN  c.j.m.s.FXSerializer$$anon$1 - Unsupported Object: com.sun.scenario.effect.DropShadow@26744013 ... com.sun.scenario.effect.DropShadow - AsyncAppender-Worker-ASYNCSTDOUT
2026-04-29 21:03:40,977 [INFO] in AsyncAppender-Worker-ASYNCSTDOUT - 21:03:40.977 [+58481 ms] WARN  c.j.m.s.FXSerializer$$anon$1 - Unsupported Object: com.sun.scenario.effect.DropShadow@510db3dd ... com.sun.scenario.effect.DropShadow - AsyncAppender-Worker-ASYNCSTDOUT
2026-04-29 21:03:40,994 [INFO] in AsyncAppender-Worker-ASYNCSTDOUT - 21:03:40.994 [+58498 ms] WARN  c.j.m.s.FXSerializer$$anon$1 - Unsupported Object: com.sun.scenario.effect.DropShadow@3f1700e8 ... com.sun.scenario.effect.DropShadow - AsyncAppender-Worker-ASYNCSTDOUT
2026-04-29 21:03:41,010 [INFO] in AsyncAppender-Worker-ASYNCSTDOUT - 21:03:41.010 [+58514 ms] WARN  c.j.m.s.FXSerializer$$anon$1 - Unsupported Object: com.sun.scenario.effect.DropShadow@76feda49 ... com.sun.scenario.effect.DropShadow - AsyncAppender-Worker-ASYNCSTDOUT
2026-04-29 21:03:41,027 [INFO] in AsyncAppender-Worker-ASYNCSTDOUT - 21:03:41.026 [+58530 ms] WARN  c.j.m.s.FXSerializer$$anon$1 - Unsupported Object: com.sun.scenario.effect.DropShadow@6fc38e05 ... com.sun.scenario.effect.DropShadow - AsyncAppender-Worker-ASYNCSTDOUT
2026-04-29 21:03:41,044 [INFO] in AsyncAppender-Worker-ASYNCSTDOUT - 21:03:41.043 [+58547 ms] WARN  c.j.m.s.FXSerializer$$anon$1 - Unsupported Object: com.sun.scenario.effect.DropShadow@3e465d2a ... com.sun.scenario.effect.DropShadow - AsyncAppender-Worker-ASYNCSTDOUT
2026-04-29 21:03:41,058 [INFO] in AsyncAppender-Worker-ASYNCSTDOUT - 21:03:41.057 [+58561 ms] WARN  c.j.m.s.FXSerializer$$anon$1 - Unsupported Object: com.sun.scenario.effect.DropShadow@5acab321 ... com.sun.scenario.effect.DropShadow - AsyncAppender-Worker-ASYNCSTDOUT
2026-04-29 21:03:41,074 [INFO] in AsyncAppender-Worker-ASYNCSTDOUT - 21:03:41.074 [+58578 ms] WARN  c.j.m.s.FXSerializer$$anon$1 - Unsupported Object: com.sun.scenario.effect.DropShadow@6e8acac3 ... com.sun.scenario.effect.DropShadow - AsyncAppender-Worker-ASYNCSTDOUT
2026-04-29 21:03:41,089 [INFO] in AsyncAppender-Worker-ASYNCSTDOUT - 21:03:41.089 [+58593 ms] WARN  c.j.m.s.FXSerializer$$anon$1 - Unsupported Object: com.sun.scenario.effect.DropShadow@440d83b5 ... com.sun.scenario.effect.DropShadow - AsyncAppender-Worker-ASYNCSTDOUT
2026-04-29 21:03:41,106 [INFO] in AsyncAppender-Worker-ASYNCSTDOUT - 21:03:41.105 [+58609 ms] WARN  c.j.m.s.FXSerializer$$anon$1 - Unsupported Object: com.sun.scenario.effect.DropShadow@3e21192 ... com.sun.scenario.effect.DropShadow - AsyncAppender-Worker-ASYNCSTDOUT
2026-04-29 21:03:41,123 [INFO] in AsyncAppender-Worker-ASYNCSTDOUT - 21:03:41.123 [+58627 ms] WARN  c.j.m.s.FXSerializer$$anon$1 - Unsupported Object: com.sun.scenario.effect.DropShadow@22534e8 ... com.sun.scenario.effect.DropShadow - AsyncAppender-Worker-ASYNCSTDOUT
2026-04-29 21:03:41,137 [INFO] in AsyncAppender-Worker-ASYNCSTDOUT - 21:03:41.137 [+58641 ms] WARN  c.j.m.s.FXSerializer$$anon$1 - Unsupported Object: com.sun.scenario.effect.DropShadow@b231fec ... com.sun.scenario.effect.DropShadow - AsyncAppender-Worker-ASYNCSTDOUT
2026-04-29 21:03:41,155 [INFO] in AsyncAppender-Worker-ASYNCSTDOUT - 21:03:41.154 [+58658 ms] WARN  c.j.m.s.FXSerializer$$anon$1 - Unsupported Object: com.sun.scenario.effect.DropShadow@50b8ad13 ... com.sun.scenario.effect.DropShadow - AsyncAppender-Worker-ASYNCSTDOUT
2026-04-29 21:03:42,419 [INFO] in AsyncAppender-Worker-ASYNCSTDOUT - 21:03:42.418 [+59922 ms] WARN  c.j.m.s.FXSerializer$$anon$1 - Unsupported Object: com.sun.scenario.effect.DropShadow@38039fa4 ... com.sun.scenario.effect.DropShadow - AsyncAppender-Worker-ASYNCSTDOUT
2026-04-29 21:03:42,434 [INFO] in AsyncAppender-Worker-ASYNCSTDOUT - 21:03:42.434 [+59938 ms] WARN  c.j.m.s.FXSerializer$$anon$1 - Unsupported Object: com.sun.scenario.effect.DropShadow@74d03da1 ... com.sun.scenario.effect.DropShadow - AsyncAppender-Worker-ASYNCSTDOUT
2026-04-29 21:03:42,451 [INFO] in AsyncAppender-Worker-ASYNCSTDOUT - 21:03:42.450 [+59954 ms] WARN  c.j.m.s.FXSerializer$$anon$1 - Unsupported Object: com.sun.scenario.effect.DropShadow@6c9fcf70 ... com.sun.scenario.effect.DropShadow - AsyncAppender-Worker-ASYNCSTDOUT
2026-04-29 21:03:42,467 [INFO] in AsyncAppender-Worker-ASYNCSTDOUT - 21:03:42.467 [+59971 ms] WARN  c.j.m.s.FXSerializer$$anon$1 - Unsupported Object: com.sun.scenario.effect.DropShadow@eff2758 ... com.sun.scenario.effect.DropShadow - AsyncAppender-Worker-ASYNCSTDOUT
2026-04-29 21:03:42,482 [INFO] in AsyncAppender-Worker-ASYNCSTDOUT - 21:03:42.481 [+59985 ms] WARN  c.j.m.s.FXSerializer$$anon$1 - Unsupported Object: com.sun.scenario.effect.DropShadow@3ef1a9d0 ... com.sun.scenario.effect.DropShadow - AsyncAppender-Worker-ASYNCSTDOUT
2026-04-29 21:03:42,499 [INFO] in AsyncAppender-Worker-ASYNCSTDOUT - 21:03:42.499 [+60003 ms] WARN  c.j.m.s.FXSerializer$$anon$1 - Unsupported Object: com.sun.scenario.effect.DropShadow@6f22ea9d ... com.sun.scenario.effect.DropShadow - AsyncAppender-Worker-ASYNCSTDOUT
2026-04-29 21:03:42,515 [INFO] in AsyncAppender-Worker-ASYNCSTDOUT - 21:03:42.514 [+60018 ms] WARN  c.j.m.s.FXSerializer$$anon$1 - Unsupported Object: com.sun.scenario.effect.DropShadow@6fcf7421 ... com.sun.scenario.effect.DropShadow - AsyncAppender-Worker-ASYNCSTDOUT
2026-04-29 21:03:42,529 [INFO] in AsyncAppender-Worker-ASYNCSTDOUT - 21:03:42.529 [+60033 ms] WARN  c.j.m.s.FXSerializer$$anon$1 - Unsupported Object: com.sun.scenario.effect.DropShadow@6b9d2b12 ... com.sun.scenario.effect.DropShadow - AsyncAppender-Worker-ASYNCSTDOUT
2026-04-29 21:03:42,546 [INFO] in AsyncAppender-Worker-ASYNCSTDOUT - 21:03:42.546 [+60050 ms] WARN  c.j.m.s.FXSerializer$$anon$1 - Unsupported Object: com.sun.scenario.effect.DropShadow@25a41d06 ... com.sun.scenario.effect.DropShadow - AsyncAppender-Worker-ASYNCSTDOUT
2026-04-29 21:03:42,563 [INFO] in AsyncAppender-Worker-ASYNCSTDOUT - 21:03:42.563 [+60067 ms] WARN  c.j.m.s.FXSerializer$$anon$1 - Unsupported Object: com.sun.scenario.effect.DropShadow@761d5bfc ... com.sun.scenario.effect.DropShadow - AsyncAppender-Worker-ASYNCSTDOUT
2026-04-29 21:03:42,579 [INFO] in AsyncAppender-Worker-ASYNCSTDOUT - 21:03:42.579 [+60083 ms] WARN  c.j.m.s.FXSerializer$$anon$1 - Unsupported Object: com.sun.scenario.effect.DropShadow@3aa1eebe ... com.sun.scenario.effect.DropShadow - AsyncAppender-Worker-ASYNCSTDOUT
2026-04-29 21:03:42,594 [INFO] in AsyncAppender-Worker-ASYNCSTDOUT - 21:03:42.594 [+60098 ms] WARN  c.j.m.s.FXSerializer$$anon$1 - Unsupported Object: com.sun.scenario.effect.DropShadow@1c0bdad4 ... com.sun.scenario.effect.DropShadow - AsyncAppender-Worker-ASYNCSTDOUT
2026-04-29 21:03:42,609 [INFO] in AsyncAppender-Worker-ASYNCSTDOUT - 21:03:42.609 [+60113 ms] WARN  c.j.m.s.FXSerializer$$anon$1 - Unsupported Object: com.sun.scenario.effect.DropShadow@57d0b08b ... com.sun.scenario.effect.DropShadow - AsyncAppender-Worker-ASYNCSTDOUT
2026-04-29 21:03:42,626 [INFO] in AsyncAppender-Worker-ASYNCSTDOUT - 21:03:42.626 [+60130 ms] WARN  c.j.m.s.FXSerializer$$anon$1 - Unsupported Object: com.sun.scenario.effect.DropShadow@bf59038 ... com.sun.scenario.effect.DropShadow - AsyncAppender-Worker-ASYNCSTDOUT
2026-04-29 21:03:42,642 [INFO] in AsyncAppender-Worker-ASYNCSTDOUT - 21:03:42.641 [+60145 ms] WARN  c.j.m.s.FXSerializer$$anon$1 - Unsupported Object: com.sun.scenario.effect.DropShadow@31c51fb2 ... com.sun.scenario.effect.DropShadow - AsyncAppender-Worker-ASYNCSTDOUT
2026-04-29 21:03:42,658 [INFO] in AsyncAppender-Worker-ASYNCSTDOUT - 21:03:42.658 [+60162 ms] WARN  c.j.m.s.FXSerializer$$anon$1 - Unsupported Object: com.sun.scenario.effect.DropShadow@38bd5d05 ... com.sun.scenario.effect.DropShadow - AsyncAppender-Worker-ASYNCSTDOUT
2026-04-29 21:03:42,674 [INFO] in AsyncAppender-Worker-ASYNCSTDOUT - 21:03:42.674 [+60178 ms] WARN  c.j.m.s.FXSerializer$$anon$1 - Unsupported Object: com.sun.scenario.effect.DropShadow@41953b99 ... com.sun.scenario.effect.DropShadow - AsyncAppender-Worker-ASYNCSTDOUT
2026-04-29 21:03:42,690 [INFO] in AsyncAppender-Worker-ASYNCSTDOUT - 21:03:42.690 [+60194 ms] WARN  c.j.m.s.FXSerializer$$anon$1 - Unsupported Object: com.sun.scenario.effect.DropShadow@34c5b7e9 ... com.sun.scenario.effect.DropShadow - AsyncAppender-Worker-ASYNCSTDOUT
2026-04-29 21:03:42,707 [INFO] in AsyncAppender-Worker-ASYNCSTDOUT - 21:03:42.706 [+60210 ms] WARN  c.j.m.s.FXSerializer$$anon$1 - Unsupported Object: com.sun.scenario.effect.DropShadow@2073e1b1 ... com.sun.scenario.effect.DropShadow - AsyncAppender-Worker-ASYNCSTDOUT
2026-04-29 21:03:43,475 [INFO] in AsyncAppender-Worker-ASYNCSTDOUT - 21:03:43.474 [+60978 ms] WARN  c.j.m.s.FXSerializer$$anon$1 - Unsupported Object: com.sun.scenario.effect.DropShadow@7612212f ... com.sun.scenario.effect.DropShadow - AsyncAppender-Worker-ASYNCSTDOUT
2026-04-29 21:03:43,490 [INFO] in AsyncAppender-Worker-ASYNCSTDOUT - 21:03:43.490 [+60994 ms] WARN  c.j.m.s.FXSerializer$$anon$1 - Unsupported Object: com.sun.scenario.effect.DropShadow@6c4b4dc ... com.sun.scenario.effect.DropShadow - AsyncAppender-Worker-ASYNCSTDOUT
2026-04-29 21:03:43,506 [INFO] in AsyncAppender-Worker-ASYNCSTDOUT - 21:03:43.506 [+61010 ms] WARN  c.j.m.s.FXSerializer$$anon$1 - Unsupported Object: com.sun.scenario.effect.DropShadow@5aa63e6a ... com.sun.scenario.effect.DropShadow - AsyncAppender-Worker-ASYNCSTDOUT
2026-04-29 21:03:43,523 [INFO] in AsyncAppender-Worker-ASYNCSTDOUT - 21:03:43.523 [+61027 ms] WARN  c.j.m.s.FXSerializer$$anon$1 - Unsupported Object: com.sun.scenario.effect.DropShadow@13e8a345 ... com.sun.scenario.effect.DropShadow - AsyncAppender-Worker-ASYNCSTDOUT
2026-04-29 21:03:43,537 [INFO] in AsyncAppender-Worker-ASYNCSTDOUT - 21:03:43.537 [+61041 ms] WARN  c.j.m.s.FXSerializer$$anon$1 - Unsupported Object: com.sun.scenario.effect.DropShadow@48f0e78c ... com.sun.scenario.effect.DropShadow - AsyncAppender-Worker-ASYNCSTDOUT
2026-04-29 21:03:43,554 [INFO] in AsyncAppender-Worker-ASYNCSTDOUT - 21:03:43.554 [+61058 ms] WARN  c.j.m.s.FXSerializer$$anon$1 - Unsupported Object: com.sun.scenario.effect.DropShadow@101edde0 ... com.sun.scenario.effect.DropShadow - AsyncAppender-Worker-ASYNCSTDOUT
2026-04-29 21:03:43,570 [INFO] in AsyncAppender-Worker-ASYNCSTDOUT - 21:03:43.569 [+61073 ms] WARN  c.j.m.s.FXSerializer$$anon$1 - Unsupported Object: com.sun.scenario.effect.DropShadow@5e6ee297 ... com.sun.scenario.effect.DropShadow - AsyncAppender-Worker-ASYNCSTDOUT
2026-04-29 21:03:43,587 [INFO] in AsyncAppender-Worker-ASYNCSTDOUT - 21:03:43.586 [+61090 ms] WARN  c.j.m.s.FXSerializer$$anon$1 - Unsupported Object: com.sun.scenario.effect.DropShadow@13cf1bc9 ... com.sun.scenario.effect.DropShadow - AsyncAppender-Worker-ASYNCSTDOUT
2026-04-29 21:03:43,601 [INFO] in AsyncAppender-Worker-ASYNCSTDOUT - 21:03:43.601 [+61105 ms] WARN  c.j.m.s.FXSerializer$$anon$1 - Unsupported Object: com.sun.scenario.effect.DropShadow@11cf7a7c ... com.sun.scenario.effect.DropShadow - AsyncAppender-Worker-ASYNCSTDOUT
2026-04-29 21:03:43,618 [INFO] in AsyncAppender-Worker-ASYNCSTDOUT - 21:03:43.618 [+61122 ms] WARN  c.j.m.s.FXSerializer$$anon$1 - Unsupported Object: com.sun.scenario.effect.DropShadow@69c00c63 ... com.sun.scenario.effect.DropShadow - AsyncAppender-Worker-ASYNCSTDOUT
2026-04-29 21:03:43,634 [INFO] in AsyncAppender-Worker-ASYNCSTDOUT - 21:03:43.634 [+61138 ms] WARN  c.j.m.s.FXSerializer$$anon$1 - Unsupported Object: com.sun.scenario.effect.DropShadow@31f97348 ... com.sun.scenario.effect.DropShadow - AsyncAppender-Worker-ASYNCSTDOUT
2026-04-29 21:03:43,650 [INFO] in AsyncAppender-Worker-ASYNCSTDOUT - 21:03:43.650 [+61154 ms] WARN  c.j.m.s.FXSerializer$$anon$1 - Unsupported Object: com.sun.scenario.effect.DropShadow@72432216 ... com.sun.scenario.effect.DropShadow - AsyncAppender-Worker-ASYNCSTDOUT
2026-04-29 21:03:43,665 [INFO] in AsyncAppender-Worker-ASYNCSTDOUT - 21:03:43.665 [+61169 ms] WARN  c.j.m.s.FXSerializer$$anon$1 - Unsupported Object: com.sun.scenario.effect.DropShadow@437c95b8 ... com.sun.scenario.effect.DropShadow - AsyncAppender-Worker-ASYNCSTDOUT
2026-04-29 21:03:43,683 [INFO] in AsyncAppender-Worker-ASYNCSTDOUT - 21:03:43.683 [+61187 ms] WARN  c.j.m.s.FXSerializer$$anon$1 - Unsupported Object: com.sun.scenario.effect.DropShadow@33155cf5 ... com.sun.scenario.effect.DropShadow - AsyncAppender-Worker-ASYNCSTDOUT
2026-04-29 21:03:43,697 [INFO] in AsyncAppender-Worker-ASYNCSTDOUT - 21:03:43.697 [+61201 ms] WARN  c.j.m.s.FXSerializer$$anon$1 - Unsupported Object: com.sun.scenario.effect.DropShadow@10b77a3 ... com.sun.scenario.effect.DropShadow - AsyncAppender-Worker-ASYNCSTDOUT
2026-04-29 21:03:43,715 [INFO] in AsyncAppender-Worker-ASYNCSTDOUT - 21:03:43.715 [+61219 ms] WARN  c.j.m.s.FXSerializer$$anon$1 - Unsupported Object: com.sun.scenario.effect.DropShadow@5cfa0ddc ... com.sun.scenario.effect.DropShadow - AsyncAppender-Worker-ASYNCSTDOUT
2026-04-29 21:03:43,730 [INFO] in AsyncAppender-Worker-ASYNCSTDOUT - 21:03:43.730 [+61234 ms] WARN  c.j.m.s.FXSerializer$$anon$1 - Unsupported Object: com.sun.scenario.effect.DropShadow@575d76db ... com.sun.scenario.effect.DropShadow - AsyncAppender-Worker-ASYNCSTDOUT
2026-04-29 21:03:43,745 [INFO] in AsyncAppender-Worker-ASYNCSTDOUT - 21:03:43.745 [+61249 ms] WARN  c.j.m.s.FXSerializer$$anon$1 - Unsupported Object: com.sun.scenario.effect.DropShadow@7f39b0af ... com.sun.scenario.effect.DropShadow - AsyncAppender-Worker-ASYNCSTDOUT
2026-04-29 21:03:43,761 [INFO] in AsyncAppender-Worker-ASYNCSTDOUT - 21:03:43.761 [+61265 ms] WARN  c.j.m.s.FXSerializer$$anon$1 - Unsupported Object: com.sun.scenario.effect.DropShadow@1ba4bdfa ... com.sun.scenario.effect.DropShadow - AsyncAppender-Worker-ASYNCSTDOUT
2026-04-29 21:03:43,779 [INFO] in AsyncAppender-Worker-ASYNCSTDOUT - 21:03:43.778 [+61282 ms] WARN  c.j.m.s.FXSerializer$$anon$1 - Unsupported Object: com.sun.scenario.effect.DropShadow@12a457fb ... com.sun.scenario.effect.DropShadow - AsyncAppender-Worker-ASYNCSTDOUT
2026-04-29 21:03:43,795 [INFO] in AsyncAppender-Worker-ASYNCSTDOUT - 21:03:43.794 [+61298 ms] WARN  c.j.m.s.FXSerializer$$anon$1 - Unsupported Object: com.sun.scenario.effect.DropShadow@7c1d59cb ... com.sun.scenario.effect.DropShadow - AsyncAppender-Worker-ASYNCSTDOUT
2026-04-29 21:03:43,810 [INFO] in AsyncAppender-Worker-ASYNCSTDOUT - 21:03:43.809 [+61313 ms] WARN  c.j.m.s.FXSerializer$$anon$1 - Unsupported Object: com.sun.scenario.effect.DropShadow@bed1f3f ... com.sun.scenario.effect.DropShadow - AsyncAppender-Worker-ASYNCSTDOUT
2026-04-29 21:03:43,826 [INFO] in AsyncAppender-Worker-ASYNCSTDOUT - 21:03:43.826 [+61330 ms] WARN  c.j.m.s.FXSerializer$$anon$1 - Unsupported Object: com.sun.scenario.effect.DropShadow@410e3bb1 ... com.sun.scenario.effect.DropShadow - AsyncAppender-Worker-ASYNCSTDOUT
2026-04-29 21:03:43,841 [INFO] in AsyncAppender-Worker-ASYNCSTDOUT - 21:03:43.841 [+61345 ms] WARN  c.j.m.s.FXSerializer$$anon$1 - Unsupported Object: com.sun.scenario.effect.DropShadow@50274518 ... com.sun.scenario.effect.DropShadow - AsyncAppender-Worker-ASYNCSTDOUT
2026-04-29 21:03:43,857 [INFO] in AsyncAppender-Worker-ASYNCSTDOUT - 21:03:43.857 [+61361 ms] WARN  c.j.m.s.FXSerializer$$anon$1 - Unsupported Object: com.sun.scenario.effect.DropShadow@6ef280b5 ... com.sun.scenario.effect.DropShadow - AsyncAppender-Worker-ASYNCSTDOUT
2026-04-29 21:03:43,875 [INFO] in AsyncAppender-Worker-ASYNCSTDOUT - 21:03:43.874 [+61378 ms] WARN  c.j.m.s.FXSerializer$$anon$1 - Unsupported Object: com.sun.scenario.effect.DropShadow@3b8b0da7 ... com.sun.scenario.effect.DropShadow - AsyncAppender-Worker-ASYNCSTDOUT
2026-04-29 21:03:43,889 [INFO] in AsyncAppender-Worker-ASYNCSTDOUT - 21:03:43.889 [+61393 ms] WARN  c.j.m.s.FXSerializer$$anon$1 - Unsupported Object: com.sun.scenario.effect.DropShadow@65dd7f97 ... com.sun.scenario.effect.DropShadow - AsyncAppender-Worker-ASYNCSTDOUT
2026-04-29 21:03:43,907 [INFO] in AsyncAppender-Worker-ASYNCSTDOUT - 21:03:43.907 [+61411 ms] WARN  c.j.m.s.FXSerializer$$anon$1 - Unsupported Object: com.sun.scenario.effect.DropShadow@4ef3600d ... com.sun.scenario.effect.DropShadow - AsyncAppender-Worker-ASYNCSTDOUT
2026-04-29 21:03:43,921 [INFO] in AsyncAppender-Worker-ASYNCSTDOUT - 21:03:43.921 [+61425 ms] WARN  c.j.m.s.FXSerializer$$anon$1 - Unsupported Object: com.sun.scenario.effect.DropShadow@48b794a6 ... com.sun.scenario.effect.DropShadow - AsyncAppender-Worker-ASYNCSTDOUT
2026-04-29 21:03:43,940 [INFO] in AsyncAppender-Worker-ASYNCSTDOUT - 21:03:43.939 [+61443 ms] WARN  c.j.m.s.FXSerializer$$anon$1 - Unsupported Object: com.sun.scenario.effect.DropShadow@6ab33717 ... com.sun.scenario.effect.DropShadow - AsyncAppender-Worker-ASYNCSTDOUT
2026-04-29 21:03:43,954 [INFO] in AsyncAppender-Worker-ASYNCSTDOUT - 21:03:43.954 [+61458 ms] WARN  c.j.m.s.FXSerializer$$anon$1 - Unsupported Object: com.sun.scenario.effect.DropShadow@455a833c ... com.sun.scenario.effect.DropShadow - AsyncAppender-Worker-ASYNCSTDOUT
2026-04-29 21:03:43,970 [INFO] in AsyncAppender-Worker-ASYNCSTDOUT - 21:03:43.970 [+61474 ms] WARN  c.j.m.s.FXSerializer$$anon$1 - Unsupported Object: com.sun.scenario.effect.DropShadow@face7fd ... com.sun.scenario.effect.DropShadow - AsyncAppender-Worker-ASYNCSTDOUT
2026-04-29 21:03:43,986 [INFO] in AsyncAppender-Worker-ASYNCSTDOUT - 21:03:43.986 [+61490 ms] WARN  c.j.m.s.FXSerializer$$anon$1 - Unsupported Object: com.sun.scenario.effect.DropShadow@38796288 ... com.sun.scenario.effect.DropShadow - AsyncAppender-Worker-ASYNCSTDOUT
2026-04-29 21:03:44,001 [INFO] in AsyncAppender-Worker-ASYNCSTDOUT - 21:03:44.001 [+61505 ms] WARN  c.j.m.s.FXSerializer$$anon$1 - Unsupported Object: com.sun.scenario.effect.DropShadow@1afd1d21 ... com.sun.scenario.effect.DropShadow - AsyncAppender-Worker-ASYNCSTDOUT
2026-04-29 21:03:44,018 [INFO] in AsyncAppender-Worker-ASYNCSTDOUT - 21:03:44.017 [+61521 ms] WARN  c.j.m.s.FXSerializer$$anon$1 - Unsupported Object: com.sun.scenario.effect.DropShadow@44d20f56 ... com.sun.scenario.effect.DropShadow - AsyncAppender-Worker-ASYNCSTDOUT
2026-04-29 21:03:44,034 [INFO] in AsyncAppender-Worker-ASYNCSTDOUT - 21:03:44.034 [+61538 ms] WARN  c.j.m.s.FXSerializer$$anon$1 - Unsupported Object: com.sun.scenario.effect.DropShadow@46f9bd09 ... com.sun.scenario.effect.DropShadow - AsyncAppender-Worker-ASYNCSTDOUT
2026-04-29 21:03:44,051 [INFO] in AsyncAppender-Worker-ASYNCSTDOUT - 21:03:44.051 [+61555 ms] WARN  c.j.m.s.FXSerializer$$anon$1 - Unsupported Object: com.sun.scenario.effect.DropShadow@b4e37d7 ... com.sun.scenario.effect.DropShadow - AsyncAppender-Worker-ASYNCSTDOUT
2026-04-29 21:03:44,067 [INFO] in AsyncAppender-Worker-ASYNCSTDOUT - 21:03:44.066 [+61570 ms] WARN  c.j.m.s.FXSerializer$$anon$1 - Unsupported Object: com.sun.scenario.effect.DropShadow@3ebe9c1f ... com.sun.scenario.effect.DropShadow - AsyncAppender-Worker-ASYNCSTDOUT
2026-04-29 21:03:44,818 [INFO] in AsyncAppender-Worker-ASYNCSTDOUT - 21:03:44.817 [+62321 ms] WARN  c.j.m.s.FXSerializer$$anon$1 - Unsupported Object: com.sun.scenario.effect.DropShadow@7d17a86d ... com.sun.scenario.effect.DropShadow - AsyncAppender-Worker-ASYNCSTDOUT
2026-04-29 21:03:44,834 [INFO] in AsyncAppender-Worker-ASYNCSTDOUT - 21:03:44.834 [+62338 ms] WARN  c.j.m.s.FXSerializer$$anon$1 - Unsupported Object: com.sun.scenario.effect.DropShadow@4ea5b2b3 ... com.sun.scenario.effect.DropShadow - AsyncAppender-Worker-ASYNCSTDOUT
2026-04-29 21:03:44,849 [INFO] in AsyncAppender-Worker-ASYNCSTDOUT - 21:03:44.849 [+62353 ms] WARN  c.j.m.s.FXSerializer$$anon$1 - Unsupported Object: com.sun.scenario.effect.DropShadow@5783efd9 ... com.sun.scenario.effect.DropShadow - AsyncAppender-Worker-ASYNCSTDOUT
2026-04-29 21:03:44,866 [INFO] in AsyncAppender-Worker-ASYNCSTDOUT - 21:03:44.866 [+62370 ms] WARN  c.j.m.s.FXSerializer$$anon$1 - Unsupported Object: com.sun.scenario.effect.DropShadow@1b8bccea ... com.sun.scenario.effect.DropShadow - AsyncAppender-Worker-ASYNCSTDOUT
2026-04-29 21:03:44,883 [INFO] in AsyncAppender-Worker-ASYNCSTDOUT - 21:03:44.883 [+62387 ms] WARN  c.j.m.s.FXSerializer$$anon$1 - Unsupported Object: com.sun.scenario.effect.DropShadow@7c4bc9e8 ... com.sun.scenario.effect.DropShadow - AsyncAppender-Worker-ASYNCSTDOUT
2026-04-29 21:03:44,898 [INFO] in AsyncAppender-Worker-ASYNCSTDOUT - 21:03:44.898 [+62402 ms] WARN  c.j.m.s.FXSerializer$$anon$1 - Unsupported Object: com.sun.scenario.effect.DropShadow@3a23f96b ... com.sun.scenario.effect.DropShadow - AsyncAppender-Worker-ASYNCSTDOUT
2026-04-29 21:03:44,914 [INFO] in AsyncAppender-Worker-ASYNCSTDOUT - 21:03:44.914 [+62418 ms] WARN  c.j.m.s.FXSerializer$$anon$1 - Unsupported Object: com.sun.scenario.effect.DropShadow@50fd935a ... com.sun.scenario.effect.DropShadow - AsyncAppender-Worker-ASYNCSTDOUT
2026-04-29 21:03:44,931 [INFO] in AsyncAppender-Worker-ASYNCSTDOUT - 21:03:44.931 [+62435 ms] WARN  c.j.m.s.FXSerializer$$anon$1 - Unsupported Object: com.sun.scenario.effect.DropShadow@5991235a ... com.sun.scenario.effect.DropShadow - AsyncAppender-Worker-ASYNCSTDOUT
2026-04-29 21:03:44,946 [INFO] in AsyncAppender-Worker-ASYNCSTDOUT - 21:03:44.946 [+62450 ms] WARN  c.j.m.s.FXSerializer$$anon$1 - Unsupported Object: com.sun.scenario.effect.DropShadow@2f49dba5 ... com.sun.scenario.effect.DropShadow - AsyncAppender-Worker-ASYNCSTDOUT
2026-04-29 21:03:44,963 [INFO] in AsyncAppender-Worker-ASYNCSTDOUT - 21:03:44.963 [+62467 ms] WARN  c.j.m.s.FXSerializer$$anon$1 - Unsupported Object: com.sun.scenario.effect.DropShadow@521b5b10 ... com.sun.scenario.effect.DropShadow - AsyncAppender-Worker-ASYNCSTDOUT
2026-04-29 21:03:44,977 [INFO] in AsyncAppender-Worker-ASYNCSTDOUT - 21:03:44.977 [+62481 ms] WARN  c.j.m.s.FXSerializer$$anon$1 - Unsupported Object: com.sun.scenario.effect.DropShadow@39affc7 ... com.sun.scenario.effect.DropShadow - AsyncAppender-Worker-ASYNCSTDOUT
2026-04-29 21:03:44,994 [INFO] in AsyncAppender-Worker-ASYNCSTDOUT - 21:03:44.994 [+62498 ms] WARN  c.j.m.s.FXSerializer$$anon$1 - Unsupported Object: com.sun.scenario.effect.DropShadow@449c3743 ... com.sun.scenario.effect.DropShadow - AsyncAppender-Worker-ASYNCSTDOUT
2026-04-29 21:03:45,010 [INFO] in AsyncAppender-Worker-ASYNCSTDOUT - 21:03:45.010 [+62514 ms] WARN  c.j.m.s.FXSerializer$$anon$1 - Unsupported Object: com.sun.scenario.effect.DropShadow@c4640ab ... com.sun.scenario.effect.DropShadow - AsyncAppender-Worker-ASYNCSTDOUT
2026-04-29 21:03:45,025 [INFO] in AsyncAppender-Worker-ASYNCSTDOUT - 21:03:45.025 [+62529 ms] WARN  c.j.m.s.FXSerializer$$anon$1 - Unsupported Object: com.sun.scenario.effect.DropShadow@61f589c5 ... com.sun.scenario.effect.DropShadow - AsyncAppender-Worker-ASYNCSTDOUT
2026-04-29 21:03:45,041 [INFO] in AsyncAppender-Worker-ASYNCSTDOUT - 21:03:45.041 [+62545 ms] WARN  c.j.m.s.FXSerializer$$anon$1 - Unsupported Object: com.sun.scenario.effect.DropShadow@67f76f4f ... com.sun.scenario.effect.DropShadow - AsyncAppender-Worker-ASYNCSTDOUT
2026-04-29 21:03:45,058 [INFO] in AsyncAppender-Worker-ASYNCSTDOUT - 21:03:45.057 [+62561 ms] WARN  c.j.m.s.FXSerializer$$anon$1 - Unsupported Object: com.sun.scenario.effect.DropShadow@1cda3ad7 ... com.sun.scenario.effect.DropShadow - AsyncAppender-Worker-ASYNCSTDOUT
2026-04-29 21:03:45,074 [INFO] in AsyncAppender-Worker-ASYNCSTDOUT - 21:03:45.074 [+62578 ms] WARN  c.j.m.s.FXSerializer$$anon$1 - Unsupported Object: com.sun.scenario.effect.DropShadow@46eb9014 ... com.sun.scenario.effect.DropShadow - AsyncAppender-Worker-ASYNCSTDOUT
2026-04-29 21:03:45,091 [INFO] in AsyncAppender-Worker-ASYNCSTDOUT - 21:03:45.090 [+62594 ms] WARN  c.j.m.s.FXSerializer$$anon$1 - Unsupported Object: com.sun.scenario.effect.DropShadow@3b895df1 ... com.sun.scenario.effect.DropShadow - AsyncAppender-Worker-ASYNCSTDOUT
2026-04-29 21:03:45,107 [INFO] in AsyncAppender-Worker-ASYNCSTDOUT - 21:03:45.106 [+62610 ms] WARN  c.j.m.s.FXSerializer$$anon$1 - Unsupported Object: com.sun.scenario.effect.DropShadow@3b03cf58 ... com.sun.scenario.effect.DropShadow - AsyncAppender-Worker-ASYNCSTDOUT
2026-04-29 21:03:45,858 [INFO] in AsyncAppender-Worker-ASYNCSTDOUT - 21:03:45.857 [+63361 ms] WARN  c.j.m.s.FXSerializer$$anon$1 - Unsupported Object: com.sun.scenario.effect.DropShadow@71c7601d ... com.sun.scenario.effect.DropShadow - AsyncAppender-Worker-ASYNCSTDOUT
2026-04-29 21:03:45,874 [INFO] in AsyncAppender-Worker-ASYNCSTDOUT - 21:03:45.874 [+63378 ms] WARN  c.j.m.s.FXSerializer$$anon$1 - Unsupported Object: com.sun.scenario.effect.DropShadow@5cd392a0 ... com.sun.scenario.effect.DropShadow - AsyncAppender-Worker-ASYNCSTDOUT
2026-04-29 21:03:45,891 [INFO] in AsyncAppender-Worker-ASYNCSTDOUT - 21:03:45.890 [+63394 ms] WARN  c.j.m.s.FXSerializer$$anon$1 - Unsupported Object: com.sun.scenario.effect.DropShadow@cc9e6b3 ... com.sun.scenario.effect.DropShadow - AsyncAppender-Worker-ASYNCSTDOUT
2026-04-29 21:03:45,905 [INFO] in AsyncAppender-Worker-ASYNCSTDOUT - 21:03:45.905 [+63409 ms] WARN  c.j.m.s.FXSerializer$$anon$1 - Unsupported Object: com.sun.scenario.effect.DropShadow@fbedb31 ... com.sun.scenario.effect.DropShadow - AsyncAppender-Worker-ASYNCSTDOUT
2026-04-29 21:03:45,921 [INFO] in AsyncAppender-Worker-ASYNCSTDOUT - 21:03:45.921 [+63425 ms] WARN  c.j.m.s.FXSerializer$$anon$1 - Unsupported Object: com.sun.scenario.effect.DropShadow@415aa19d ... com.sun.scenario.effect.DropShadow - AsyncAppender-Worker-ASYNCSTDOUT
2026-04-29 21:03:45,940 [INFO] in AsyncAppender-Worker-ASYNCSTDOUT - 21:03:45.939 [+63443 ms] WARN  c.j.m.s.FXSerializer$$anon$1 - Unsupported Object: com.sun.scenario.effect.DropShadow@78bf3c43 ... com.sun.scenario.effect.DropShadow - AsyncAppender-Worker-ASYNCSTDOUT
2026-04-29 21:03:45,955 [INFO] in AsyncAppender-Worker-ASYNCSTDOUT - 21:03:45.954 [+63458 ms] WARN  c.j.m.s.FXSerializer$$anon$1 - Unsupported Object: com.sun.scenario.effect.DropShadow@4b49bd6b ... com.sun.scenario.effect.DropShadow - AsyncAppender-Worker-ASYNCSTDOUT
2026-04-29 21:03:45,971 [INFO] in AsyncAppender-Worker-ASYNCSTDOUT - 21:03:45.970 [+63474 ms] WARN  c.j.m.s.FXSerializer$$anon$1 - Unsupported Object: com.sun.scenario.effect.DropShadow@4e0946b6 ... com.sun.scenario.effect.DropShadow - AsyncAppender-Worker-ASYNCSTDOUT
2026-04-29 21:03:45,987 [INFO] in AsyncAppender-Worker-ASYNCSTDOUT - 21:03:45.987 [+63491 ms] WARN  c.j.m.s.FXSerializer$$anon$1 - Unsupported Object: com.sun.scenario.effect.DropShadow@4836b430 ... com.sun.scenario.effect.DropShadow - AsyncAppender-Worker-ASYNCSTDOUT
2026-04-29 21:03:46,003 [INFO] in AsyncAppender-Worker-ASYNCSTDOUT - 21:03:46.002 [+63506 ms] WARN  c.j.m.s.FXSerializer$$anon$1 - Unsupported Object: com.sun.scenario.effect.DropShadow@7bdda51e ... com.sun.scenario.effect.DropShadow - AsyncAppender-Worker-ASYNCSTDOUT
2026-04-29 21:03:46,018 [INFO] in AsyncAppender-Worker-ASYNCSTDOUT - 21:03:46.017 [+63521 ms] WARN  c.j.m.s.FXSerializer$$anon$1 - Unsupported Object: com.sun.scenario.effect.DropShadow@4368b462 ... com.sun.scenario.effect.DropShadow - AsyncAppender-Worker-ASYNCSTDOUT
2026-04-29 21:03:46,035 [INFO] in AsyncAppender-Worker-ASYNCSTDOUT - 21:03:46.035 [+63539 ms] WARN  c.j.m.s.FXSerializer$$anon$1 - Unsupported Object: com.sun.scenario.effect.DropShadow@341f00ee ... com.sun.scenario.effect.DropShadow - AsyncAppender-Worker-ASYNCSTDOUT
2026-04-29 21:03:46,049 [INFO] in AsyncAppender-Worker-ASYNCSTDOUT - 21:03:46.049 [+63553 ms] WARN  c.j.m.s.FXSerializer$$anon$1 - Unsupported Object: com.sun.scenario.effect.DropShadow@42087200 ... com.sun.scenario.effect.DropShadow - AsyncAppender-Worker-ASYNCSTDOUT
2026-04-29 21:03:46,066 [INFO] in AsyncAppender-Worker-ASYNCSTDOUT - 21:03:46.066 [+63570 ms] WARN  c.j.m.s.FXSerializer$$anon$1 - Unsupported Object: com.sun.scenario.effect.DropShadow@c2894c1 ... com.sun.scenario.effect.DropShadow - AsyncAppender-Worker-ASYNCSTDOUT
2026-04-29 21:03:46,081 [INFO] in AsyncAppender-Worker-ASYNCSTDOUT - 21:03:46.081 [+63585 ms] WARN  c.j.m.s.FXSerializer$$anon$1 - Unsupported Object: com.sun.scenario.effect.DropShadow@231473af ... com.sun.scenario.effect.DropShadow - AsyncAppender-Worker-ASYNCSTDOUT
2026-04-29 21:03:46,097 [INFO] in AsyncAppender-Worker-ASYNCSTDOUT - 21:03:46.097 [+63601 ms] WARN  c.j.m.s.FXSerializer$$anon$1 - Unsupported Object: com.sun.scenario.effect.DropShadow@62a93db ... com.sun.scenario.effect.DropShadow - AsyncAppender-Worker-ASYNCSTDOUT
2026-04-29 21:03:46,114 [INFO] in AsyncAppender-Worker-ASYNCSTDOUT - 21:03:46.114 [+63618 ms] WARN  c.j.m.s.FXSerializer$$anon$1 - Unsupported Object: com.sun.scenario.effect.DropShadow@6276eb86 ... com.sun.scenario.effect.DropShadow - AsyncAppender-Worker-ASYNCSTDOUT
2026-04-29 21:03:46,131 [INFO] in AsyncAppender-Worker-ASYNCSTDOUT - 21:03:46.130 [+63634 ms] WARN  c.j.m.s.FXSerializer$$anon$1 - Unsupported Object: com.sun.scenario.effect.DropShadow@2a531d48 ... com.sun.scenario.effect.DropShadow - AsyncAppender-Worker-ASYNCSTDOUT
2026-04-29 21:03:46,145 [INFO] in AsyncAppender-Worker-ASYNCSTDOUT - 21:03:46.145 [+63649 ms] WARN  c.j.m.s.FXSerializer$$anon$1 - Unsupported Object: com.sun.scenario.effect.DropShadow@251ca5bb ... com.sun.scenario.effect.DropShadow - AsyncAppender-Worker-ASYNCSTDOUT
2026-04-29 21:03:46,850 [INFO] in AsyncAppender-Worker-ASYNCSTDOUT - 21:03:46.849 [+64353 ms] WARN  c.j.m.s.FXSerializer$$anon$1 - Unsupported Object: com.sun.scenario.effect.DropShadow@aafdd5d ... com.sun.scenario.effect.DropShadow - AsyncAppender-Worker-ASYNCSTDOUT
2026-04-29 21:03:46,867 [INFO] in AsyncAppender-Worker-ASYNCSTDOUT - 21:03:46.867 [+64371 ms] WARN  c.j.m.s.FXSerializer$$anon$1 - Unsupported Object: com.sun.scenario.effect.DropShadow@8a0a66c ... com.sun.scenario.effect.DropShadow - AsyncAppender-Worker-ASYNCSTDOUT
2026-04-29 21:03:46,881 [INFO] in AsyncAppender-Worker-ASYNCSTDOUT - 21:03:46.881 [+64385 ms] WARN  c.j.m.s.FXSerializer$$anon$1 - Unsupported Object: com.sun.scenario.effect.DropShadow@4884cb44 ... com.sun.scenario.effect.DropShadow - AsyncAppender-Worker-ASYNCSTDOUT
2026-04-29 21:03:46,898 [INFO] in AsyncAppender-Worker-ASYNCSTDOUT - 21:03:46.897 [+64401 ms] WARN  c.j.m.s.FXSerializer$$anon$1 - Unsupported Object: com.sun.scenario.effect.DropShadow@6a7a182 ... com.sun.scenario.effect.DropShadow - AsyncAppender-Worker-ASYNCSTDOUT
2026-04-29 21:03:46,898 [INFO] in AsyncAppender-Worker-ASYNCSTDOUT - 21:03:46.897 [+64401 ms] WARN  c.j.m.s.FXSerializer$$anon$1 - Unsupported Object: com.sun.scenario.effect.DropShadow@6359fe2d ... com.sun.scenario.effect.DropShadow - AsyncAppender-Worker-ASYNCSTDOUT
2026-04-29 21:03:46,915 [INFO] in AsyncAppender-Worker-ASYNCSTDOUT - 21:03:46.915 [+64419 ms] WARN  c.j.m.s.FXSerializer$$anon$1 - Unsupported Object: com.sun.scenario.effect.DropShadow@2f856395 ... com.sun.scenario.effect.DropShadow - AsyncAppender-Worker-ASYNCSTDOUT
2026-04-29 21:03:46,915 [INFO] in AsyncAppender-Worker-ASYNCSTDOUT - 21:03:46.915 [+64419 ms] WARN  c.j.m.s.FXSerializer$$anon$1 - Unsupported Object: com.sun.scenario.effect.DropShadow@1dadb261 ... com.sun.scenario.effect.DropShadow - AsyncAppender-Worker-ASYNCSTDOUT
2026-04-29 21:03:46,930 [INFO] in AsyncAppender-Worker-ASYNCSTDOUT - 21:03:46.930 [+64434 ms] WARN  c.j.m.s.FXSerializer$$anon$1 - Unsupported Object: com.sun.scenario.effect.DropShadow@134987b8 ... com.sun.scenario.effect.DropShadow - AsyncAppender-Worker-ASYNCSTDOUT
2026-04-29 21:03:46,931 [INFO] in AsyncAppender-Worker-ASYNCSTDOUT - 21:03:46.930 [+64434 ms] WARN  c.j.m.s.FXSerializer$$anon$1 - Unsupported Object: com.sun.scenario.effect.DropShadow@670b2217 ... com.sun.scenario.effect.DropShadow - AsyncAppender-Worker-ASYNCSTDOUT
2026-04-29 21:03:46,947 [INFO] in AsyncAppender-Worker-ASYNCSTDOUT - 21:03:46.947 [+64451 ms] WARN  c.j.m.s.FXSerializer$$anon$1 - Unsupported Object: com.sun.scenario.effect.DropShadow@82af84c ... com.sun.scenario.effect.DropShadow - AsyncAppender-Worker-ASYNCSTDOUT
2026-04-29 21:03:46,947 [INFO] in AsyncAppender-Worker-ASYNCSTDOUT - 21:03:46.947 [+64451 ms] WARN  c.j.m.s.FXSerializer$$anon$1 - Unsupported Object: com.sun.scenario.effect.DropShadow@42dafc38 ... com.sun.scenario.effect.DropShadow - AsyncAppender-Worker-ASYNCSTDOUT
2026-04-29 21:03:46,961 [INFO] in AsyncAppender-Worker-ASYNCSTDOUT - 21:03:46.961 [+64465 ms] WARN  c.j.m.s.FXSerializer$$anon$1 - Unsupported Object: com.sun.scenario.effect.DropShadow@b2d4f30 ... com.sun.scenario.effect.DropShadow - AsyncAppender-Worker-ASYNCSTDOUT
2026-04-29 21:03:46,962 [INFO] in AsyncAppender-Worker-ASYNCSTDOUT - 21:03:46.961 [+64465 ms] WARN  c.j.m.s.FXSerializer$$anon$1 - Unsupported Object: com.sun.scenario.effect.DropShadow@151f16e4 ... com.sun.scenario.effect.DropShadow - AsyncAppender-Worker-ASYNCSTDOUT
2026-04-29 21:03:46,978 [INFO] in AsyncAppender-Worker-ASYNCSTDOUT - 21:03:46.978 [+64482 ms] WARN  c.j.m.s.FXSerializer$$anon$1 - Unsupported Object: com.sun.scenario.effect.DropShadow@2390bab2 ... com.sun.scenario.effect.DropShadow - AsyncAppender-Worker-ASYNCSTDOUT
2026-04-29 21:03:46,978 [INFO] in AsyncAppender-Worker-ASYNCSTDOUT - 21:03:46.978 [+64482 ms] WARN  c.j.m.s.FXSerializer$$anon$1 - Unsupported Object: com.sun.scenario.effect.DropShadow@5bbbb60a ... com.sun.scenario.effect.DropShadow - AsyncAppender-Worker-ASYNCSTDOUT
2026-04-29 21:03:46,995 [INFO] in AsyncAppender-Worker-ASYNCSTDOUT - 21:03:46.995 [+64499 ms] WARN  c.j.m.s.FXSerializer$$anon$1 - Unsupported Object: com.sun.scenario.effect.DropShadow@303e9785 ... com.sun.scenario.effect.DropShadow - AsyncAppender-Worker-ASYNCSTDOUT
2026-04-29 21:03:46,995 [INFO] in AsyncAppender-Worker-ASYNCSTDOUT - 21:03:46.995 [+64499 ms] WARN  c.j.m.s.FXSerializer$$anon$1 - Unsupported Object: com.sun.scenario.effect.DropShadow@4966873a ... com.sun.scenario.effect.DropShadow - AsyncAppender-Worker-ASYNCSTDOUT
2026-04-29 21:03:47,011 [INFO] in AsyncAppender-Worker-ASYNCSTDOUT - 21:03:47.010 [+64514 ms] WARN  c.j.m.s.FXSerializer$$anon$1 - Unsupported Object: com.sun.scenario.effect.DropShadow@27fc711d ... com.sun.scenario.effect.DropShadow - AsyncAppender-Worker-ASYNCSTDOUT
2026-04-29 21:03:47,011 [INFO] in AsyncAppender-Worker-ASYNCSTDOUT - 21:03:47.010 [+64514 ms] WARN  c.j.m.s.FXSerializer$$anon$1 - Unsupported Object: com.sun.scenario.effect.DropShadow@4a764635 ... com.sun.scenario.effect.DropShadow - AsyncAppender-Worker-ASYNCSTDOUT
2026-04-29 21:03:47,026 [INFO] in AsyncAppender-Worker-ASYNCSTDOUT - 21:03:47.026 [+64530 ms] WARN  c.j.m.s.FXSerializer$$anon$1 - Unsupported Object: com.sun.scenario.effect.DropShadow@71ac43a9 ... com.sun.scenario.effect.DropShadow - AsyncAppender-Worker-ASYNCSTDOUT
2026-04-29 21:03:47,026 [INFO] in AsyncAppender-Worker-ASYNCSTDOUT - 21:03:47.026 [+64530 ms] WARN  c.j.m.s.FXSerializer$$anon$1 - Unsupported Object: com.sun.scenario.effect.DropShadow@268cf209 ... com.sun.scenario.effect.DropShadow - AsyncAppender-Worker-ASYNCSTDOUT
2026-04-29 21:03:47,042 [INFO] in AsyncAppender-Worker-ASYNCSTDOUT - 21:03:47.041 [+64545 ms] WARN  c.j.m.s.FXSerializer$$anon$1 - Unsupported Object: com.sun.scenario.effect.DropShadow@5ae087ca ... com.sun.scenario.effect.DropShadow - AsyncAppender-Worker-ASYNCSTDOUT
2026-04-29 21:03:47,042 [INFO] in AsyncAppender-Worker-ASYNCSTDOUT - 21:03:47.042 [+64546 ms] WARN  c.j.m.s.FXSerializer$$anon$1 - Unsupported Object: com.sun.scenario.effect.DropShadow@11386039 ... com.sun.scenario.effect.DropShadow - AsyncAppender-Worker-ASYNCSTDOUT
2026-04-29 21:03:47,058 [INFO] in AsyncAppender-Worker-ASYNCSTDOUT - 21:03:47.058 [+64562 ms] WARN  c.j.m.s.FXSerializer$$anon$1 - Unsupported Object: com.sun.scenario.effect.DropShadow@70e3539d ... com.sun.scenario.effect.DropShadow - AsyncAppender-Worker-ASYNCSTDOUT
2026-04-29 21:03:47,059 [INFO] in AsyncAppender-Worker-ASYNCSTDOUT - 21:03:47.058 [+64562 ms] WARN  c.j.m.s.FXSerializer$$anon$1 - Unsupported Object: com.sun.scenario.effect.DropShadow@7afb063c ... com.sun.scenario.effect.DropShadow - AsyncAppender-Worker-ASYNCSTDOUT
2026-04-29 21:03:47,074 [INFO] in AsyncAppender-Worker-ASYNCSTDOUT - 21:03:47.074 [+64578 ms] WARN  c.j.m.s.FXSerializer$$anon$1 - Unsupported Object: com.sun.scenario.effect.DropShadow@64424215 ... com.sun.scenario.effect.DropShadow - AsyncAppender-Worker-ASYNCSTDOUT
2026-04-29 21:03:47,074 [INFO] in AsyncAppender-Worker-ASYNCSTDOUT - 21:03:47.074 [+64578 ms] WARN  c.j.m.s.FXSerializer$$anon$1 - Unsupported Object: com.sun.scenario.effect.DropShadow@5e937738 ... com.sun.scenario.effect.DropShadow - AsyncAppender-Worker-ASYNCSTDOUT
2026-04-29 21:03:47,089 [INFO] in AsyncAppender-Worker-ASYNCSTDOUT - 21:03:47.089 [+64593 ms] WARN  c.j.m.s.FXSerializer$$anon$1 - Unsupported Object: com.sun.scenario.effect.DropShadow@39773d8 ... com.sun.scenario.effect.DropShadow - AsyncAppender-Worker-ASYNCSTDOUT
2026-04-29 21:03:47,089 [INFO] in AsyncAppender-Worker-ASYNCSTDOUT - 21:03:47.089 [+64593 ms] WARN  c.j.m.s.FXSerializer$$anon$1 - Unsupported Object: com.sun.scenario.effect.DropShadow@69999860 ... com.sun.scenario.effect.DropShadow - AsyncAppender-Worker-ASYNCSTDOUT
2026-04-29 21:03:47,107 [INFO] in AsyncAppender-Worker-ASYNCSTDOUT - 21:03:47.106 [+64610 ms] WARN  c.j.m.s.FXSerializer$$anon$1 - Unsupported Object: com.sun.scenario.effect.DropShadow@67661a52 ... com.sun.scenario.effect.DropShadow - AsyncAppender-Worker-ASYNCSTDOUT
2026-04-29 21:03:47,107 [INFO] in AsyncAppender-Worker-ASYNCSTDOUT - 21:03:47.106 [+64610 ms] WARN  c.j.m.s.FXSerializer$$anon$1 - Unsupported Object: com.sun.scenario.effect.DropShadow@6b7b512c ... com.sun.scenario.effect.DropShadow - AsyncAppender-Worker-ASYNCSTDOUT
2026-04-29 21:03:47,123 [INFO] in AsyncAppender-Worker-ASYNCSTDOUT - 21:03:47.123 [+64627 ms] WARN  c.j.m.s.FXSerializer$$anon$1 - Unsupported Object: com.sun.scenario.effect.DropShadow@6da890e0 ... com.sun.scenario.effect.DropShadow - AsyncAppender-Worker-ASYNCSTDOUT
2026-04-29 21:03:47,123 [INFO] in AsyncAppender-Worker-ASYNCSTDOUT - 21:03:47.123 [+64627 ms] WARN  c.j.m.s.FXSerializer$$anon$1 - Unsupported Object: com.sun.scenario.effect.DropShadow@2454627a ... com.sun.scenario.effect.DropShadow - AsyncAppender-Worker-ASYNCSTDOUT
2026-04-29 21:03:47,138 [INFO] in AsyncAppender-Worker-ASYNCSTDOUT - 21:03:47.138 [+64642 ms] WARN  c.j.m.s.FXSerializer$$anon$1 - Unsupported Object: com.sun.scenario.effect.DropShadow@5f39f509 ... com.sun.scenario.effect.DropShadow - AsyncAppender-Worker-ASYNCSTDOUT
2026-04-29 21:03:47,139 [INFO] in AsyncAppender-Worker-ASYNCSTDOUT - 21:03:47.138 [+64642 ms] WARN  c.j.m.s.FXSerializer$$anon$1 - Unsupported Object: com.sun.scenario.effect.DropShadow@3f35db68 ... com.sun.scenario.effect.DropShadow - AsyncAppender-Worker-ASYNCSTDOUT
2026-04-29 21:03:47,155 [INFO] in AsyncAppender-Worker-ASYNCSTDOUT - 21:03:47.155 [+64659 ms] WARN  c.j.m.s.FXSerializer$$anon$1 - Unsupported Object: com.sun.scenario.effect.DropShadow@17bfb8f1 ... com.sun.scenario.effect.DropShadow - AsyncAppender-Worker-ASYNCSTDOUT
2026-04-29 21:03:47,171 [INFO] in AsyncAppender-Worker-ASYNCSTDOUT - 21:03:47.171 [+64675 ms] WARN  c.j.m.s.FXSerializer$$anon$1 - Unsupported Object: com.sun.scenario.effect.DropShadow@42a56ab6 ... com.sun.scenario.effect.DropShadow - AsyncAppender-Worker-ASYNCSTDOUT
2026-04-29 21:03:47,186 [INFO] in AsyncAppender-Worker-ASYNCSTDOUT - 21:03:47.185 [+64689 ms] WARN  c.j.m.s.FXSerializer$$anon$1 - Unsupported Object: com.sun.scenario.effect.DropShadow@3d13d81 ... com.sun.scenario.effect.DropShadow - AsyncAppender-Worker-ASYNCSTDOUT
2026-04-29 21:03:49,554 [INFO] in AsyncAppender-Worker-ASYNCSTDOUT - 21:03:49.554 [+67058 ms] WARN  c.j.m.s.FXSerializer$$anon$1 - Unsupported Object: com.sun.scenario.effect.DropShadow@6a31bfa9 ... com.sun.scenario.effect.DropShadow - AsyncAppender-Worker-ASYNCSTDOUT
2026-04-29 21:03:49,571 [INFO] in AsyncAppender-Worker-ASYNCSTDOUT - 21:03:49.570 [+67074 ms] WARN  c.j.m.s.FXSerializer$$anon$1 - Unsupported Object: com.sun.scenario.effect.DropShadow@26c1f124 ... com.sun.scenario.effect.DropShadow - AsyncAppender-Worker-ASYNCSTDOUT
2026-04-29 21:03:49,586 [INFO] in AsyncAppender-Worker-ASYNCSTDOUT - 21:03:49.586 [+67090 ms] WARN  c.j.m.s.FXSerializer$$anon$1 - Unsupported Object: com.sun.scenario.effect.DropShadow@6804dbf5 ... com.sun.scenario.effect.DropShadow - AsyncAppender-Worker-ASYNCSTDOUT
2026-04-29 21:03:49,602 [INFO] in AsyncAppender-Worker-ASYNCSTDOUT - 21:03:49.601 [+67105 ms] WARN  c.j.m.s.FXSerializer$$anon$1 - Unsupported Object: com.sun.scenario.effect.DropShadow@41e304f0 ... com.sun.scenario.effect.DropShadow - AsyncAppender-Worker-ASYNCSTDOUT
2026-04-29 21:03:49,620 [INFO] in AsyncAppender-Worker-ASYNCSTDOUT - 21:03:49.619 [+67123 ms] WARN  c.j.m.s.FXSerializer$$anon$1 - Unsupported Object: com.sun.scenario.effect.DropShadow@36eb7826 ... com.sun.scenario.effect.DropShadow - AsyncAppender-Worker-ASYNCSTDOUT
2026-04-29 21:03:49,635 [INFO] in AsyncAppender-Worker-ASYNCSTDOUT - 21:03:49.634 [+67138 ms] WARN  c.j.m.s.FXSerializer$$anon$1 - Unsupported Object: com.sun.scenario.effect.DropShadow@78dfec5a ... com.sun.scenario.effect.DropShadow - AsyncAppender-Worker-ASYNCSTDOUT
2026-04-29 21:03:49,651 [INFO] in AsyncAppender-Worker-ASYNCSTDOUT - 21:03:49.650 [+67154 ms] WARN  c.j.m.s.FXSerializer$$anon$1 - Unsupported Object: com.sun.scenario.effect.DropShadow@8c8130 ... com.sun.scenario.effect.DropShadow - AsyncAppender-Worker-ASYNCSTDOUT
2026-04-29 21:03:49,666 [INFO] in AsyncAppender-Worker-ASYNCSTDOUT - 21:03:49.666 [+67170 ms] WARN  c.j.m.s.FXSerializer$$anon$1 - Unsupported Object: com.sun.scenario.effect.DropShadow@4657d12b ... com.sun.scenario.effect.DropShadow - AsyncAppender-Worker-ASYNCSTDOUT
2026-04-29 21:03:49,682 [INFO] in AsyncAppender-Worker-ASYNCSTDOUT - 21:03:49.681 [+67185 ms] WARN  c.j.m.s.FXSerializer$$anon$1 - Unsupported Object: com.sun.scenario.effect.DropShadow@48413266 ... com.sun.scenario.effect.DropShadow - AsyncAppender-Worker-ASYNCSTDOUT
2026-04-29 21:03:49,698 [INFO] in AsyncAppender-Worker-ASYNCSTDOUT - 21:03:49.697 [+67201 ms] WARN  c.j.m.s.FXSerializer$$anon$1 - Unsupported Object: com.sun.scenario.effect.DropShadow@480e371c ... com.sun.scenario.effect.DropShadow - AsyncAppender-Worker-ASYNCSTDOUT
2026-04-29 21:03:49,713 [INFO] in AsyncAppender-Worker-ASYNCSTDOUT - 21:03:49.713 [+67217 ms] WARN  c.j.m.s.FXSerializer$$anon$1 - Unsupported Object: com.sun.scenario.effect.DropShadow@43980368 ... com.sun.scenario.effect.DropShadow - AsyncAppender-Worker-ASYNCSTDOUT
2026-04-29 21:03:49,731 [INFO] in AsyncAppender-Worker-ASYNCSTDOUT - 21:03:49.730 [+67234 ms] WARN  c.j.m.s.FXSerializer$$anon$1 - Unsupported Object: com.sun.scenario.effect.DropShadow@357f6b5b ... com.sun.scenario.effect.DropShadow - AsyncAppender-Worker-ASYNCSTDOUT
2026-04-29 21:03:49,746 [INFO] in AsyncAppender-Worker-ASYNCSTDOUT - 21:03:49.746 [+67250 ms] WARN  c.j.m.s.FXSerializer$$anon$1 - Unsupported Object: com.sun.scenario.effect.DropShadow@2d7a324e ... com.sun.scenario.effect.DropShadow - AsyncAppender-Worker-ASYNCSTDOUT
2026-04-29 21:03:49,761 [INFO] in AsyncAppender-Worker-ASYNCSTDOUT - 21:03:49.761 [+67265 ms] WARN  c.j.m.s.FXSerializer$$anon$1 - Unsupported Object: com.sun.scenario.effect.DropShadow@3172c664 ... com.sun.scenario.effect.DropShadow - AsyncAppender-Worker-ASYNCSTDOUT
2026-04-29 21:03:49,778 [INFO] in AsyncAppender-Worker-ASYNCSTDOUT - 21:03:49.777 [+67281 ms] WARN  c.j.m.s.FXSerializer$$anon$1 - Unsupported Object: com.sun.scenario.effect.DropShadow@3a93a38c ... com.sun.scenario.effect.DropShadow - AsyncAppender-Worker-ASYNCSTDOUT
2026-04-29 21:03:49,795 [INFO] in AsyncAppender-Worker-ASYNCSTDOUT - 21:03:49.794 [+67298 ms] WARN  c.j.m.s.FXSerializer$$anon$1 - Unsupported Object: com.sun.scenario.effect.DropShadow@4c37ae0b ... com.sun.scenario.effect.DropShadow - AsyncAppender-Worker-ASYNCSTDOUT
2026-04-29 21:03:49,811 [INFO] in AsyncAppender-Worker-ASYNCSTDOUT - 21:03:49.810 [+67314 ms] WARN  c.j.m.s.FXSerializer$$anon$1 - Unsupported Object: com.sun.scenario.effect.DropShadow@51530cf0 ... com.sun.scenario.effect.DropShadow - AsyncAppender-Worker-ASYNCSTDOUT
2026-04-29 21:03:49,828 [INFO] in AsyncAppender-Worker-ASYNCSTDOUT - 21:03:49.828 [+67332 ms] WARN  c.j.m.s.FXSerializer$$anon$1 - Unsupported Object: com.sun.scenario.effect.DropShadow@6564ca4c ... com.sun.scenario.effect.DropShadow - AsyncAppender-Worker-ASYNCSTDOUT
2026-04-29 21:03:49,843 [INFO] in AsyncAppender-Worker-ASYNCSTDOUT - 21:03:49.842 [+67346 ms] WARN  c.j.m.s.FXSerializer$$anon$1 - Unsupported Object: com.sun.scenario.effect.DropShadow@310684b0 ... com.sun.scenario.effect.DropShadow - AsyncAppender-Worker-ASYNCSTDOUT
2026-04-29 21:03:51,555 [INFO] in AsyncAppender-Worker-ASYNCSTDOUT - 21:03:51.555 [+69059 ms] WARN  c.j.m.s.FXSerializer$$anon$1 - Unsupported Object: com.sun.scenario.effect.DropShadow@428ba172 ... com.sun.scenario.effect.DropShadow - AsyncAppender-Worker-ASYNCSTDOUT
2026-04-29 21:03:51,570 [INFO] in AsyncAppender-Worker-ASYNCSTDOUT - 21:03:51.569 [+69073 ms] WARN  c.j.m.s.FXSerializer$$anon$1 - Unsupported Object: com.sun.scenario.effect.DropShadow@44eb80c ... com.sun.scenario.effect.DropShadow - AsyncAppender-Worker-ASYNCSTDOUT
2026-04-29 21:03:51,587 [INFO] in AsyncAppender-Worker-ASYNCSTDOUT - 21:03:51.586 [+69090 ms] WARN  c.j.m.s.FXSerializer$$anon$1 - Unsupported Object: com.sun.scenario.effect.DropShadow@55fd8211 ... com.sun.scenario.effect.DropShadow - AsyncAppender-Worker-ASYNCSTDOUT
2026-04-29 21:03:51,601 [INFO] in AsyncAppender-Worker-ASYNCSTDOUT - 21:03:51.601 [+69105 ms] WARN  c.j.m.s.FXSerializer$$anon$1 - Unsupported Object: com.sun.scenario.effect.DropShadow@af4f25f ... com.sun.scenario.effect.DropShadow - AsyncAppender-Worker-ASYNCSTDOUT
2026-04-29 21:03:51,619 [INFO] in AsyncAppender-Worker-ASYNCSTDOUT - 21:03:51.619 [+69123 ms] WARN  c.j.m.s.FXSerializer$$anon$1 - Unsupported Object: com.sun.scenario.effect.DropShadow@42503b0f ... com.sun.scenario.effect.DropShadow - AsyncAppender-Worker-ASYNCSTDOUT
2026-04-29 21:03:51,633 [INFO] in AsyncAppender-Worker-ASYNCSTDOUT - 21:03:51.633 [+69137 ms] WARN  c.j.m.s.FXSerializer$$anon$1 - Unsupported Object: com.sun.scenario.effect.DropShadow@176342ac ... com.sun.scenario.effect.DropShadow - AsyncAppender-Worker-ASYNCSTDOUT
2026-04-29 21:03:51,650 [INFO] in AsyncAppender-Worker-ASYNCSTDOUT - 21:03:51.650 [+69154 ms] WARN  c.j.m.s.FXSerializer$$anon$1 - Unsupported Object: com.sun.scenario.effect.DropShadow@a810c82 ... com.sun.scenario.effect.DropShadow - AsyncAppender-Worker-ASYNCSTDOUT
2026-04-29 21:03:51,667 [INFO] in AsyncAppender-Worker-ASYNCSTDOUT - 21:03:51.667 [+69171 ms] WARN  c.j.m.s.FXSerializer$$anon$1 - Unsupported Object: com.sun.scenario.effect.DropShadow@73dd5b86 ... com.sun.scenario.effect.DropShadow - AsyncAppender-Worker-ASYNCSTDOUT
2026-04-29 21:03:51,681 [INFO] in AsyncAppender-Worker-ASYNCSTDOUT - 21:03:51.681 [+69185 ms] WARN  c.j.m.s.FXSerializer$$anon$1 - Unsupported Object: com.sun.scenario.effect.DropShadow@7e0bec21 ... com.sun.scenario.effect.DropShadow - AsyncAppender-Worker-ASYNCSTDOUT
2026-04-29 21:03:51,697 [INFO] in AsyncAppender-Worker-ASYNCSTDOUT - 21:03:51.697 [+69201 ms] WARN  c.j.m.s.FXSerializer$$anon$1 - Unsupported Object: com.sun.scenario.effect.DropShadow@3dce944e ... com.sun.scenario.effect.DropShadow - AsyncAppender-Worker-ASYNCSTDOUT
2026-04-29 21:03:51,714 [INFO] in AsyncAppender-Worker-ASYNCSTDOUT - 21:03:51.714 [+69218 ms] WARN  c.j.m.s.FXSerializer$$anon$1 - Unsupported Object: com.sun.scenario.effect.DropShadow@fc66526 ... com.sun.scenario.effect.DropShadow - AsyncAppender-Worker-ASYNCSTDOUT
2026-04-29 21:03:51,729 [INFO] in AsyncAppender-Worker-ASYNCSTDOUT - 21:03:51.729 [+69233 ms] WARN  c.j.m.s.FXSerializer$$anon$1 - Unsupported Object: com.sun.scenario.effect.DropShadow@2c3fb880 ... com.sun.scenario.effect.DropShadow - AsyncAppender-Worker-ASYNCSTDOUT
2026-04-29 21:03:51,745 [INFO] in AsyncAppender-Worker-ASYNCSTDOUT - 21:03:51.745 [+69249 ms] WARN  c.j.m.s.FXSerializer$$anon$1 - Unsupported Object: com.sun.scenario.effect.DropShadow@4a0e4b29 ... com.sun.scenario.effect.DropShadow - AsyncAppender-Worker-ASYNCSTDOUT
2026-04-29 21:03:51,763 [INFO] in AsyncAppender-Worker-ASYNCSTDOUT - 21:03:51.762 [+69266 ms] WARN  c.j.m.s.FXSerializer$$anon$1 - Unsupported Object: com.sun.scenario.effect.DropShadow@2c492e2e ... com.sun.scenario.effect.DropShadow - AsyncAppender-Worker-ASYNCSTDOUT
2026-04-29 21:03:51,778 [INFO] in AsyncAppender-Worker-ASYNCSTDOUT - 21:03:51.778 [+69282 ms] WARN  c.j.m.s.FXSerializer$$anon$1 - Unsupported Object: com.sun.scenario.effect.DropShadow@385af382 ... com.sun.scenario.effect.DropShadow - AsyncAppender-Worker-ASYNCSTDOUT
2026-04-29 21:03:51,794 [INFO] in AsyncAppender-Worker-ASYNCSTDOUT - 21:03:51.794 [+69298 ms] WARN  c.j.m.s.FXSerializer$$anon$1 - Unsupported Object: com.sun.scenario.effect.DropShadow@52b8a3d1 ... com.sun.scenario.effect.DropShadow - AsyncAppender-Worker-ASYNCSTDOUT
2026-04-29 21:03:51,810 [INFO] in AsyncAppender-Worker-ASYNCSTDOUT - 21:03:51.809 [+69313 ms] WARN  c.j.m.s.FXSerializer$$anon$1 - Unsupported Object: com.sun.scenario.effect.DropShadow@2f427e55 ... com.sun.scenario.effect.DropShadow - AsyncAppender-Worker-ASYNCSTDOUT
2026-04-29 21:03:51,827 [INFO] in AsyncAppender-Worker-ASYNCSTDOUT - 21:03:51.827 [+69331 ms] WARN  c.j.m.s.FXSerializer$$anon$1 - Unsupported Object: com.sun.scenario.effect.DropShadow@635c5560 ... com.sun.scenario.effect.DropShadow - AsyncAppender-Worker-ASYNCSTDOUT
2026-04-29 21:03:51,841 [INFO] in AsyncAppender-Worker-ASYNCSTDOUT - 21:03:51.841 [+69345 ms] WARN  c.j.m.s.FXSerializer$$anon$1 - Unsupported Object: com.sun.scenario.effect.DropShadow@5cac0dd8 ... com.sun.scenario.effect.DropShadow - AsyncAppender-Worker-ASYNCSTDOUT
2026-04-29 21:03:59,171 [INFO] in AsyncAppender-Worker-ASYNCSTDOUT - 21:03:59.170 [+76674 ms] WARN  c.j.m.s.FXSerializer$$anon$1 - Unsupported Object: com.sun.scenario.effect.DropShadow@78b5bd82 ... com.sun.scenario.effect.DropShadow - AsyncAppender-Worker-ASYNCSTDOUT
2026-04-29 21:03:59,186 [INFO] in AsyncAppender-Worker-ASYNCSTDOUT - 21:03:59.186 [+76690 ms] WARN  c.j.m.s.FXSerializer$$anon$1 - Unsupported Object: com.sun.scenario.effect.DropShadow@5337d461 ... com.sun.scenario.effect.DropShadow - AsyncAppender-Worker-ASYNCSTDOUT
2026-04-29 21:03:59,202 [INFO] in AsyncAppender-Worker-ASYNCSTDOUT - 21:03:59.202 [+76706 ms] WARN  c.j.m.s.FXSerializer$$anon$1 - Unsupported Object: com.sun.scenario.effect.DropShadow@5378ccf8 ... com.sun.scenario.effect.DropShadow - AsyncAppender-Worker-ASYNCSTDOUT
2026-04-29 21:03:59,219 [INFO] in AsyncAppender-Worker-ASYNCSTDOUT - 21:03:59.219 [+76723 ms] WARN  c.j.m.s.FXSerializer$$anon$1 - Unsupported Object: com.sun.scenario.effect.DropShadow@7c4f422f ... com.sun.scenario.effect.DropShadow - AsyncAppender-Worker-ASYNCSTDOUT
2026-04-29 21:03:59,235 [INFO] in AsyncAppender-Worker-ASYNCSTDOUT - 21:03:59.234 [+76738 ms] WARN  c.j.m.s.FXSerializer$$anon$1 - Unsupported Object: com.sun.scenario.effect.DropShadow@4ced76a5 ... com.sun.scenario.effect.DropShadow - AsyncAppender-Worker-ASYNCSTDOUT
2026-04-29 21:03:59,250 [INFO] in AsyncAppender-Worker-ASYNCSTDOUT - 21:03:59.250 [+76754 ms] WARN  c.j.m.s.FXSerializer$$anon$1 - Unsupported Object: com.sun.scenario.effect.DropShadow@5948ef0e ... com.sun.scenario.effect.DropShadow - AsyncAppender-Worker-ASYNCSTDOUT
2026-04-29 21:03:59,267 [INFO] in AsyncAppender-Worker-ASYNCSTDOUT - 21:03:59.266 [+76770 ms] WARN  c.j.m.s.FXSerializer$$anon$1 - Unsupported Object: com.sun.scenario.effect.DropShadow@370cfd45 ... com.sun.scenario.effect.DropShadow - AsyncAppender-Worker-ASYNCSTDOUT
2026-04-29 21:03:59,282 [INFO] in AsyncAppender-Worker-ASYNCSTDOUT - 21:03:59.282 [+76786 ms] WARN  c.j.m.s.FXSerializer$$anon$1 - Unsupported Object: com.sun.scenario.effect.DropShadow@620268c7 ... com.sun.scenario.effect.DropShadow - AsyncAppender-Worker-ASYNCSTDOUT
2026-04-29 21:03:59,298 [INFO] in AsyncAppender-Worker-ASYNCSTDOUT - 21:03:59.298 [+76802 ms] WARN  c.j.m.s.FXSerializer$$anon$1 - Unsupported Object: com.sun.scenario.effect.DropShadow@28bbbf33 ... com.sun.scenario.effect.DropShadow - AsyncAppender-Worker-ASYNCSTDOUT
2026-04-29 21:04:04,610 [INFO] in AsyncAppender-Worker-ASYNCSTDOUT - 21:04:04.610 [+82114 ms] WARN  c.j.m.s.FXSerializer$$anon$1 - Unsupported Object: com.sun.scenario.effect.DropShadow@cbdec28 ... com.sun.scenario.effect.DropShadow - AsyncAppender-Worker-ASYNCSTDOUT
2026-04-29 21:04:04,627 [INFO] in AsyncAppender-Worker-ASYNCSTDOUT - 21:04:04.626 [+82130 ms] WARN  c.j.m.s.FXSerializer$$anon$1 - Unsupported Object: com.sun.scenario.effect.DropShadow@5a453f8a ... com.sun.scenario.effect.DropShadow - AsyncAppender-Worker-ASYNCSTDOUT
2026-04-29 21:04:04,642 [INFO] in AsyncAppender-Worker-ASYNCSTDOUT - 21:04:04.642 [+82146 ms] WARN  c.j.m.s.FXSerializer$$anon$1 - Unsupported Object: com.sun.scenario.effect.DropShadow@4ce7cb0d ... com.sun.scenario.effect.DropShadow - AsyncAppender-Worker-ASYNCSTDOUT
2026-04-29 21:04:04,658 [INFO] in AsyncAppender-Worker-ASYNCSTDOUT - 21:04:04.658 [+82162 ms] WARN  c.j.m.s.FXSerializer$$anon$1 - Unsupported Object: com.sun.scenario.effect.DropShadow@6f292bf7 ... com.sun.scenario.effect.DropShadow - AsyncAppender-Worker-ASYNCSTDOUT
2026-04-29 21:04:04,674 [INFO] in AsyncAppender-Worker-ASYNCSTDOUT - 21:04:04.674 [+82178 ms] WARN  c.j.m.s.FXSerializer$$anon$1 - Unsupported Object: com.sun.scenario.effect.DropShadow@4e70e258 ... com.sun.scenario.effect.DropShadow - AsyncAppender-Worker-ASYNCSTDOUT
2026-04-29 21:04:04,690 [INFO] in AsyncAppender-Worker-ASYNCSTDOUT - 21:04:04.689 [+82193 ms] WARN  c.j.m.s.FXSerializer$$anon$1 - Unsupported Object: com.sun.scenario.effect.DropShadow@707fda92 ... com.sun.scenario.effect.DropShadow - AsyncAppender-Worker-ASYNCSTDOUT
2026-04-29 21:04:04,707 [INFO] in AsyncAppender-Worker-ASYNCSTDOUT - 21:04:04.706 [+82210 ms] WARN  c.j.m.s.FXSerializer$$anon$1 - Unsupported Object: com.sun.scenario.effect.DropShadow@733bb86 ... com.sun.scenario.effect.DropShadow - AsyncAppender-Worker-ASYNCSTDOUT
2026-04-29 21:04:04,724 [INFO] in AsyncAppender-Worker-ASYNCSTDOUT - 21:04:04.723 [+82227 ms] WARN  c.j.m.s.FXSerializer$$anon$1 - Unsupported Object: com.sun.scenario.effect.DropShadow@27a74118 ... com.sun.scenario.effect.DropShadow - AsyncAppender-Worker-ASYNCSTDOUT
2026-04-29 21:04:04,738 [INFO] in AsyncAppender-Worker-ASYNCSTDOUT - 21:04:04.738 [+82242 ms] WARN  c.j.m.s.FXSerializer$$anon$1 - Unsupported Object: com.sun.scenario.effect.DropShadow@38a0ff46 ... com.sun.scenario.effect.DropShadow - AsyncAppender-Worker-ASYNCSTDOUT
2026-04-29 21:04:04,753 [INFO] in AsyncAppender-Worker-ASYNCSTDOUT - 21:04:04.753 [+82257 ms] WARN  c.j.m.s.FXSerializer$$anon$1 - Unsupported Object: com.sun.scenario.effect.DropShadow@52f387c7 ... com.sun.scenario.effect.DropShadow - AsyncAppender-Worker-ASYNCSTDOUT
2026-04-29 21:04:06,450 [INFO] in AsyncAppender-Worker-ASYNCSTDOUT - 21:04:06.449 [+83953 ms] WARN  c.j.m.s.FXSerializer$$anon$1 - Unsupported Object: com.sun.scenario.effect.DropShadow@35c8d6a5 ... com.sun.scenario.effect.DropShadow - AsyncAppender-Worker-ASYNCSTDOUT
2026-04-29 21:04:06,465 [INFO] in AsyncAppender-Worker-ASYNCSTDOUT - 21:04:06.465 [+83969 ms] WARN  c.j.m.s.FXSerializer$$anon$1 - Unsupported Object: com.sun.scenario.effect.DropShadow@48ed004c ... com.sun.scenario.effect.DropShadow - AsyncAppender-Worker-ASYNCSTDOUT
2026-04-29 21:04:06,482 [INFO] in AsyncAppender-Worker-ASYNCSTDOUT - 21:04:06.482 [+83986 ms] WARN  c.j.m.s.FXSerializer$$anon$1 - Unsupported Object: com.sun.scenario.effect.DropShadow@28a758c8 ... com.sun.scenario.effect.DropShadow - AsyncAppender-Worker-ASYNCSTDOUT
2026-04-29 21:04:06,498 [INFO] in AsyncAppender-Worker-ASYNCSTDOUT - 21:04:06.498 [+84002 ms] WARN  c.j.m.s.FXSerializer$$anon$1 - Unsupported Object: com.sun.scenario.effect.DropShadow@13d73a9e ... com.sun.scenario.effect.DropShadow - AsyncAppender-Worker-ASYNCSTDOUT
2026-04-29 21:04:06,515 [INFO] in AsyncAppender-Worker-ASYNCSTDOUT - 21:04:06.514 [+84018 ms] WARN  c.j.m.s.FXSerializer$$anon$1 - Unsupported Object: com.sun.scenario.effect.DropShadow@3e341c6 ... com.sun.scenario.effect.DropShadow - AsyncAppender-Worker-ASYNCSTDOUT
2026-04-29 21:04:06,530 [INFO] in AsyncAppender-Worker-ASYNCSTDOUT - 21:04:06.529 [+84033 ms] WARN  c.j.m.s.FXSerializer$$anon$1 - Unsupported Object: com.sun.scenario.effect.DropShadow@7dfd5b8e ... com.sun.scenario.effect.DropShadow - AsyncAppender-Worker-ASYNCSTDOUT
2026-04-29 21:04:06,546 [INFO] in AsyncAppender-Worker-ASYNCSTDOUT - 21:04:06.546 [+84050 ms] WARN  c.j.m.s.FXSerializer$$anon$1 - Unsupported Object: com.sun.scenario.effect.DropShadow@39ae8da5 ... com.sun.scenario.effect.DropShadow - AsyncAppender-Worker-ASYNCSTDOUT
2026-04-29 21:04:06,561 [INFO] in AsyncAppender-Worker-ASYNCSTDOUT - 21:04:06.561 [+84065 ms] WARN  c.j.m.s.FXSerializer$$anon$1 - Unsupported Object: com.sun.scenario.effect.DropShadow@5ed19663 ... com.sun.scenario.effect.DropShadow - AsyncAppender-Worker-ASYNCSTDOUT
2026-04-29 21:04:06,578 [INFO] in AsyncAppender-Worker-ASYNCSTDOUT - 21:04:06.578 [+84082 ms] WARN  c.j.m.s.FXSerializer$$anon$1 - Unsupported Object: com.sun.scenario.effect.DropShadow@46e079af ... com.sun.scenario.effect.DropShadow - AsyncAppender-Worker-ASYNCSTDOUT
2026-04-29 21:04:14,050 [INFO] in AsyncAppender-Worker-ASYNCSTDOUT - 21:04:14.049 [+91553 ms] WARN  c.j.m.s.FXSerializer$$anon$1 - Unsupported Object: com.sun.scenario.effect.DropShadow@1f132dc2 ... com.sun.scenario.effect.DropShadow - AsyncAppender-Worker-ASYNCSTDOUT
2026-04-29 21:04:14,065 [INFO] in AsyncAppender-Worker-ASYNCSTDOUT - 21:04:14.065 [+91569 ms] WARN  c.j.m.s.FXSerializer$$anon$1 - Unsupported Object: com.sun.scenario.effect.DropShadow@7f0d983a ... com.sun.scenario.effect.DropShadow - AsyncAppender-Worker-ASYNCSTDOUT
2026-04-29 21:04:14,081 [INFO] in AsyncAppender-Worker-ASYNCSTDOUT - 21:04:14.081 [+91585 ms] WARN  c.j.m.s.FXSerializer$$anon$1 - Unsupported Object: com.sun.scenario.effect.DropShadow@1d38f0d5 ... com.sun.scenario.effect.DropShadow - AsyncAppender-Worker-ASYNCSTDOUT
2026-04-29 21:04:14,098 [INFO] in AsyncAppender-Worker-ASYNCSTDOUT - 21:04:14.098 [+91602 ms] WARN  c.j.m.s.FXSerializer$$anon$1 - Unsupported Object: com.sun.scenario.effect.DropShadow@619b0eb4 ... com.sun.scenario.effect.DropShadow - AsyncAppender-Worker-ASYNCSTDOUT
2026-04-29 21:04:14,115 [INFO] in AsyncAppender-Worker-ASYNCSTDOUT - 21:04:14.114 [+91618 ms] WARN  c.j.m.s.FXSerializer$$anon$1 - Unsupported Object: com.sun.scenario.effect.DropShadow@1b8ed9a3 ... com.sun.scenario.effect.DropShadow - AsyncAppender-Worker-ASYNCSTDOUT
2026-04-29 21:04:14,130 [INFO] in AsyncAppender-Worker-ASYNCSTDOUT - 21:04:14.130 [+91634 ms] WARN  c.j.m.s.FXSerializer$$anon$1 - Unsupported Object: com.sun.scenario.effect.DropShadow@5dc88fdd ... com.sun.scenario.effect.DropShadow - AsyncAppender-Worker-ASYNCSTDOUT
2026-04-29 21:04:14,146 [INFO] in AsyncAppender-Worker-ASYNCSTDOUT - 21:04:14.146 [+91650 ms] WARN  c.j.m.s.FXSerializer$$anon$1 - Unsupported Object: com.sun.scenario.effect.DropShadow@10b1d9f1 ... com.sun.scenario.effect.DropShadow - AsyncAppender-Worker-ASYNCSTDOUT
2026-04-29 21:04:14,161 [INFO] in AsyncAppender-Worker-ASYNCSTDOUT - 21:04:14.161 [+91665 ms] WARN  c.j.m.s.FXSerializer$$anon$1 - Unsupported Object: com.sun.scenario.effect.DropShadow@7199b5a8 ... com.sun.scenario.effect.DropShadow - AsyncAppender-Worker-ASYNCSTDOUT
2026-04-29 21:04:14,177 [INFO] in AsyncAppender-Worker-ASYNCSTDOUT - 21:04:14.177 [+91681 ms] WARN  c.j.m.s.FXSerializer$$anon$1 - Unsupported Object: com.sun.scenario.effect.DropShadow@13dcc4f6 ... com.sun.scenario.effect.DropShadow - AsyncAppender-Worker-ASYNCSTDOUT
2026-04-29 21:04:14,194 [INFO] in AsyncAppender-Worker-ASYNCSTDOUT - 21:04:14.194 [+91698 ms] WARN  c.j.m.s.FXSerializer$$anon$1 - Unsupported Object: com.sun.scenario.effect.DropShadow@2d92fa2a ... com.sun.scenario.effect.DropShadow - AsyncAppender-Worker-ASYNCSTDOUT
2026-04-29 21:04:23,907 [INFO] in AsyncAppender-Worker-ASYNCSTDOUT - 21:04:23.907 [+101411 ms] WARN  c.j.m.s.FXSerializer$$anon$1 - Unsupported Object: com.sun.scenario.effect.DropShadow@4111ef9 ... com.sun.scenario.effect.DropShadow - AsyncAppender-Worker-ASYNCSTDOUT
2026-04-29 21:04:23,922 [INFO] in AsyncAppender-Worker-ASYNCSTDOUT - 21:04:23.922 [+101426 ms] WARN  c.j.m.s.FXSerializer$$anon$1 - Unsupported Object: com.sun.scenario.effect.DropShadow@acd3372 ... com.sun.scenario.effect.DropShadow - AsyncAppender-Worker-ASYNCSTDOUT
2026-04-29 21:04:23,939 [INFO] in AsyncAppender-Worker-ASYNCSTDOUT - 21:04:23.939 [+101443 ms] WARN  c.j.m.s.FXSerializer$$anon$1 - Unsupported Object: com.sun.scenario.effect.DropShadow@199eb364 ... com.sun.scenario.effect.DropShadow - AsyncAppender-Worker-ASYNCSTDOUT
2026-04-29 21:04:23,954 [INFO] in AsyncAppender-Worker-ASYNCSTDOUT - 21:04:23.954 [+101458 ms] WARN  c.j.m.s.FXSerializer$$anon$1 - Unsupported Object: com.sun.scenario.effect.DropShadow@7ae29930 ... com.sun.scenario.effect.DropShadow - AsyncAppender-Worker-ASYNCSTDOUT
2026-04-29 21:04:23,971 [INFO] in AsyncAppender-Worker-ASYNCSTDOUT - 21:04:23.970 [+101474 ms] WARN  c.j.m.s.FXSerializer$$anon$1 - Unsupported Object: com.sun.scenario.effect.DropShadow@3bc55f6a ... com.sun.scenario.effect.DropShadow - AsyncAppender-Worker-ASYNCSTDOUT
2026-04-29 21:04:23,987 [INFO] in AsyncAppender-Worker-ASYNCSTDOUT - 21:04:23.987 [+101491 ms] WARN  c.j.m.s.FXSerializer$$anon$1 - Unsupported Object: com.sun.scenario.effect.DropShadow@33e4cd0d ... com.sun.scenario.effect.DropShadow - AsyncAppender-Worker-ASYNCSTDOUT
2026-04-29 21:04:24,002 [INFO] in AsyncAppender-Worker-ASYNCSTDOUT - 21:04:24.001 [+101505 ms] WARN  c.j.m.s.FXSerializer$$anon$1 - Unsupported Object: com.sun.scenario.effect.DropShadow@2e1e8bbb ... com.sun.scenario.effect.DropShadow - AsyncAppender-Worker-ASYNCSTDOUT
2026-04-29 21:04:24,017 [INFO] in AsyncAppender-Worker-ASYNCSTDOUT - 21:04:24.017 [+101521 ms] WARN  c.j.m.s.FXSerializer$$anon$1 - Unsupported Object: com.sun.scenario.effect.DropShadow@460d4653 ... com.sun.scenario.effect.DropShadow - AsyncAppender-Worker-ASYNCSTDOUT
2026-04-29 21:04:24,034 [INFO] in AsyncAppender-Worker-ASYNCSTDOUT - 21:04:24.034 [+101538 ms] WARN  c.j.m.s.FXSerializer$$anon$1 - Unsupported Object: com.sun.scenario.effect.DropShadow@3fa8372a ... com.sun.scenario.effect.DropShadow - AsyncAppender-Worker-ASYNCSTDOUT
2026-04-29 21:04:24,049 [INFO] in AsyncAppender-Worker-ASYNCSTDOUT - 21:04:24.049 [+101553 ms] WARN  c.j.m.s.FXSerializer$$anon$1 - Unsupported Object: com.sun.scenario.effect.DropShadow@53407cd8 ... com.sun.scenario.effect.DropShadow - AsyncAppender-Worker-ASYNCSTDOUT
2026-04-29 21:04:51,842 [INFO] in AsyncAppender-Worker-ASYNCSTDOUT - 21:04:51.842 [+129346 ms] WARN  c.j.i.s.Route$ - jpro.plainFile - Couldn't get resource for: 'jpro/html/.well-known/appspecific/com.chrome.devtools.json' - AsyncAppender-Worker-ASYNCSTDOUT
2026-04-29 21:04:52,317 [INFO] in AsyncAppender-Worker-ASYNCSTDOUT - 21:04:52.317 [+129821 ms] WARN  c.j.i.s.Route$ - jpro.plainFile - Couldn't get resource for: 'jpro/html/jpro/js/main.js.map' - AsyncAppender-Worker-ASYNCSTDOUT
2026-04-29 21:04:57,827 [INFO] in AsyncAppender-Worker-ASYNCSTDOUT - 21:04:57.827 [+135331 ms] WARN  c.j.m.s.FXSerializer$$anon$1 - Unsupported Object: com.sun.scenario.effect.DropShadow@6cb6ab0c ... com.sun.scenario.effect.DropShadow - AsyncAppender-Worker-ASYNCSTDOUT
2026-04-29 21:04:57,841 [INFO] in AsyncAppender-Worker-ASYNCSTDOUT - 21:04:57.841 [+135345 ms] WARN  c.j.m.s.FXSerializer$$anon$1 - Unsupported Object: com.sun.scenario.effect.DropShadow@7e5040ea ... com.sun.scenario.effect.DropShadow - AsyncAppender-Worker-ASYNCSTDOUT
2026-04-29 21:04:57,857 [INFO] in AsyncAppender-Worker-ASYNCSTDOUT - 21:04:57.857 [+135361 ms] WARN  c.j.m.s.FXSerializer$$anon$1 - Unsupported Object: com.sun.scenario.effect.DropShadow@5c3cb932 ... com.sun.scenario.effect.DropShadow - AsyncAppender-Worker-ASYNCSTDOUT
2026-04-29 21:04:57,874 [INFO] in AsyncAppender-Worker-ASYNCSTDOUT - 21:04:57.874 [+135378 ms] WARN  c.j.m.s.FXSerializer$$anon$1 - Unsupported Object: com.sun.scenario.effect.DropShadow@18268968 ... com.sun.scenario.effect.DropShadow - AsyncAppender-Worker-ASYNCSTDOUT
2026-04-29 21:04:57,891 [INFO] in AsyncAppender-Worker-ASYNCSTDOUT - 21:04:57.891 [+135395 ms] WARN  c.j.m.s.FXSerializer$$anon$1 - Unsupported Object: com.sun.scenario.effect.DropShadow@16fd1ec ... com.sun.scenario.effect.DropShadow - AsyncAppender-Worker-ASYNCSTDOUT
2026-04-29 21:04:57,907 [INFO] in AsyncAppender-Worker-ASYNCSTDOUT - 21:04:57.907 [+135411 ms] WARN  c.j.m.s.FXSerializer$$anon$1 - Unsupported Object: com.sun.scenario.effect.DropShadow@4a265088 ... com.sun.scenario.effect.DropShadow - AsyncAppender-Worker-ASYNCSTDOUT
2026-04-29 21:04:57,922 [INFO] in AsyncAppender-Worker-ASYNCSTDOUT - 21:04:57.922 [+135426 ms] WARN  c.j.m.s.FXSerializer$$anon$1 - Unsupported Object: com.sun.scenario.effect.DropShadow@1b5bcbd1 ... com.sun.scenario.effect.DropShadow - AsyncAppender-Worker-ASYNCSTDOUT
2026-04-29 21:04:57,938 [INFO] in AsyncAppender-Worker-ASYNCSTDOUT - 21:04:57.937 [+135441 ms] WARN  c.j.m.s.FXSerializer$$anon$1 - Unsupported Object: com.sun.scenario.effect.DropShadow@60918cdf ... com.sun.scenario.effect.DropShadow - AsyncAppender-Worker-ASYNCSTDOUT
2026-04-29 21:04:57,954 [INFO] in AsyncAppender-Worker-ASYNCSTDOUT - 21:04:57.954 [+135458 ms] WARN  c.j.m.s.FXSerializer$$anon$1 - Unsupported Object: com.sun.scenario.effect.DropShadow@5049d2bc ... com.sun.scenario.effect.DropShadow - AsyncAppender-Worker-ASYNCSTDOUT
2026-04-29 21:04:57,969 [INFO] in AsyncAppender-Worker-ASYNCSTDOUT - 21:04:57.969 [+135473 ms] WARN  c.j.m.s.FXSerializer$$anon$1 - Unsupported Object: com.sun.scenario.effect.DropShadow@262ae48e ... com.sun.scenario.effect.DropShadow - AsyncAppender-Worker-ASYNCSTDOUT
2026-04-29 21:04:57,985 [INFO] in AsyncAppender-Worker-ASYNCSTDOUT - 21:04:57.985 [+135489 ms] WARN  c.j.m.s.FXSerializer$$anon$1 - Unsupported Object: com.sun.scenario.effect.DropShadow@76307c05 ... com.sun.scenario.effect.DropShadow - AsyncAppender-Worker-ASYNCSTDOUT
2026-04-29 21:04:58,001 [INFO] in AsyncAppender-Worker-ASYNCSTDOUT - 21:04:58.001 [+135505 ms] WARN  c.j.m.s.FXSerializer$$anon$1 - Unsupported Object: com.sun.scenario.effect.DropShadow@410890d6 ... com.sun.scenario.effect.DropShadow - AsyncAppender-Worker-ASYNCSTDOUT
2026-04-29 21:04:58,018 [INFO] in AsyncAppender-Worker-ASYNCSTDOUT - 21:04:58.018 [+135522 ms] WARN  c.j.m.s.FXSerializer$$anon$1 - Unsupported Object: com.sun.scenario.effect.DropShadow@59fed67 ... com.sun.scenario.effect.DropShadow - AsyncAppender-Worker-ASYNCSTDOUT
2026-04-29 21:04:58,034 [INFO] in AsyncAppender-Worker-ASYNCSTDOUT - 21:04:58.034 [+135538 ms] WARN  c.j.m.s.FXSerializer$$anon$1 - Unsupported Object: com.sun.scenario.effect.DropShadow@264d0169 ... com.sun.scenario.effect.DropShadow - AsyncAppender-Worker-ASYNCSTDOUT
2026-04-29 21:04:58,049 [INFO] in AsyncAppender-Worker-ASYNCSTDOUT - 21:04:58.049 [+135553 ms] WARN  c.j.m.s.FXSerializer$$anon$1 - Unsupported Object: com.sun.scenario.effect.DropShadow@4383d3a5 ... com.sun.scenario.effect.DropShadow - AsyncAppender-Worker-ASYNCSTDOUT
2026-04-29 21:04:58,068 [INFO] in AsyncAppender-Worker-ASYNCSTDOUT - 21:04:58.067 [+135571 ms] WARN  c.j.m.s.FXSerializer$$anon$1 - Unsupported Object: com.sun.scenario.effect.DropShadow@33ad35d8 ... com.sun.scenario.effect.DropShadow - AsyncAppender-Worker-ASYNCSTDOUT
2026-04-29 21:04:58,081 [INFO] in AsyncAppender-Worker-ASYNCSTDOUT - 21:04:58.081 [+135585 ms] WARN  c.j.m.s.FXSerializer$$anon$1 - Unsupported Object: com.sun.scenario.effect.DropShadow@3fe7a655 ... com.sun.scenario.effect.DropShadow - AsyncAppender-Worker-ASYNCSTDOUT
2026-04-29 21:04:58,098 [INFO] in AsyncAppender-Worker-ASYNCSTDOUT - 21:04:58.098 [+135602 ms] WARN  c.j.m.s.FXSerializer$$anon$1 - Unsupported Object: com.sun.scenario.effect.DropShadow@44496d00 ... com.sun.scenario.effect.DropShadow - AsyncAppender-Worker-ASYNCSTDOUT
2026-04-29 21:04:58,114 [INFO] in AsyncAppender-Worker-ASYNCSTDOUT - 21:04:58.114 [+135618 ms] WARN  c.j.m.s.FXSerializer$$anon$1 - Unsupported Object: com.sun.scenario.effect.DropShadow@54e2b06b ... com.sun.scenario.effect.DropShadow - AsyncAppender-Worker-ASYNCSTDOUT
2026-04-29 21:05:15,787 [INFO] in AsyncAppender-Worker-ASYNCSTDOUT - 21:05:15.787 [+153291 ms] WARN  javafx.css - Caught 'java.lang.ClassCastException: class java.lang.String cannot be cast to class javafx.scene.paint.Paint (java.lang.String is in module java.base of loader 'bootstrap'; javafx.scene.paint.Paint is in unnamed module of loader 'app')' while converting value for '-fx-background-color' from inline style on Button@2d0183d[styleClass=button exit-back-button]'' - AsyncAppender-Worker-ASYNCSTDOUT
2026-04-29 21:05:15,835 [INFO] in AsyncAppender-Worker-ASYNCSTDOUT - 21:05:15.835 [+153339 ms] INFO  c.j.m.t.SceneInputListener - On disposing SceneInputListener: primaryScene.window was null. Skipped the forced release of the mouse. - AsyncAppender-Worker-ASYNCSTDOUT
2026-04-29 21:05:20,627 [INFO] in JavaFX Application Thread - Menu Controller đã được khởi tạo! - JavaFX Application Thread
2026-04-29 21:05:20,632 [INFO] in JavaFX Application Thread - Nhạc nền menu đang phát... - JavaFX Application Thread
2026-04-29 21:05:20,651 [INFO] in AsyncAppender-Worker-ASYNCSTDOUT - 21:05:20.651 [+158155 ms] INFO  c.j.m.t.SceneInputListener - On disposing SceneInputListener: primaryScene.window was null. Skipped the forced release of the mouse. - AsyncAppender-Worker-ASYNCSTDOUT
2026-04-29 21:05:42,884 [INFO] in AsyncAppender-Worker-ASYNCSTDOUT - 21:05:42.883 [+180387 ms] WARN  c.j.i.s.Route$ - jpro.plainFile - Couldn't get resource for: 'jpro/html/.well-known/appspecific/com.chrome.devtools.json' - AsyncAppender-Worker-ASYNCSTDOUT
2026-04-29 21:05:43,171 [INFO] in AsyncAppender-Worker-ASYNCSTDOUT - 21:05:43.171 [+180675 ms] WARN  c.j.i.s.Route$ - jpro.plainFile - Couldn't get resource for: 'jpro/html/jpro/js/main.js.map' - AsyncAppender-Worker-ASYNCSTDOUT
2026-04-29 21:06:01,117 [INFO] in JavaFX Application Thread - Nút Start đã được bấm! Đang khởi tạo GameView... - JavaFX Application Thread
2026-04-29 21:06:01,184 [INFO] in JavaFX Application Thread - Đã khởi tạo Difficulty Controller - JavaFX Application Thread
2026-04-29 21:06:01,224 [INFO] in AsyncAppender-Worker-ASYNCSTDOUT - 21:06:01.224 [+198728 ms] INFO  c.j.m.t.SceneInputListener - On disposing SceneInputListener: primaryScene.window was null. Skipped the forced release of the mouse. - AsyncAppender-Worker-ASYNCSTDOUT
2026-04-29 21:06:02,603 [INFO] in JavaFX Application Thread - Hard Mode - JavaFX Application Thread
2026-04-29 21:06:02,608 [INFO] in AsyncAppender-Worker-ASYNCSTDOUT - 21:06:02.608 [+200112 ms] INFO  c.j.m.t.SceneInputListener - On disposing SceneInputListener: primaryScene.window was null. Skipped the forced release of the mouse. - AsyncAppender-Worker-ASYNCSTDOUT
2026-04-29 21:06:08,755 [INFO] in AsyncAppender-Worker-ASYNCSTDOUT - 21:06:08.755 [+206259 ms] WARN  c.j.m.s.FXSerializer$$anon$1 - Unsupported Object: com.sun.scenario.effect.DropShadow@1d2ec80d ... com.sun.scenario.effect.DropShadow - AsyncAppender-Worker-ASYNCSTDOUT
2026-04-29 21:06:08,770 [INFO] in AsyncAppender-Worker-ASYNCSTDOUT - 21:06:08.769 [+206273 ms] WARN  c.j.m.s.FXSerializer$$anon$1 - Unsupported Object: com.sun.scenario.effect.DropShadow@628a003a ... com.sun.scenario.effect.DropShadow - AsyncAppender-Worker-ASYNCSTDOUT
2026-04-29 21:06:08,787 [INFO] in AsyncAppender-Worker-ASYNCSTDOUT - 21:06:08.786 [+206290 ms] WARN  c.j.m.s.FXSerializer$$anon$1 - Unsupported Object: com.sun.scenario.effect.DropShadow@1c97f19c ... com.sun.scenario.effect.DropShadow - AsyncAppender-Worker-ASYNCSTDOUT
2026-04-29 21:06:08,803 [INFO] in AsyncAppender-Worker-ASYNCSTDOUT - 21:06:08.803 [+206307 ms] WARN  c.j.m.s.FXSerializer$$anon$1 - Unsupported Object: com.sun.scenario.effect.DropShadow@42d84934 ... com.sun.scenario.effect.DropShadow - AsyncAppender-Worker-ASYNCSTDOUT
2026-04-29 21:06:08,818 [INFO] in AsyncAppender-Worker-ASYNCSTDOUT - 21:06:08.817 [+206321 ms] WARN  c.j.m.s.FXSerializer$$anon$1 - Unsupported Object: com.sun.scenario.effect.DropShadow@3b92d846 ... com.sun.scenario.effect.DropShadow - AsyncAppender-Worker-ASYNCSTDOUT
2026-04-29 21:06:08,833 [INFO] in AsyncAppender-Worker-ASYNCSTDOUT - 21:06:08.833 [+206337 ms] WARN  c.j.m.s.FXSerializer$$anon$1 - Unsupported Object: com.sun.scenario.effect.DropShadow@4c803bae ... com.sun.scenario.effect.DropShadow - AsyncAppender-Worker-ASYNCSTDOUT
2026-04-29 21:06:08,852 [INFO] in AsyncAppender-Worker-ASYNCSTDOUT - 21:06:08.852 [+206356 ms] WARN  c.j.m.s.FXSerializer$$anon$1 - Unsupported Object: com.sun.scenario.effect.DropShadow@78fbdf40 ... com.sun.scenario.effect.DropShadow - AsyncAppender-Worker-ASYNCSTDOUT
2026-04-29 21:06:08,866 [INFO] in AsyncAppender-Worker-ASYNCSTDOUT - 21:06:08.866 [+206370 ms] WARN  c.j.m.s.FXSerializer$$anon$1 - Unsupported Object: com.sun.scenario.effect.DropShadow@6903e630 ... com.sun.scenario.effect.DropShadow - AsyncAppender-Worker-ASYNCSTDOUT
2026-04-29 21:06:08,881 [INFO] in AsyncAppender-Worker-ASYNCSTDOUT - 21:06:08.881 [+206385 ms] WARN  c.j.m.s.FXSerializer$$anon$1 - Unsupported Object: com.sun.scenario.effect.DropShadow@3751df9e ... com.sun.scenario.effect.DropShadow - AsyncAppender-Worker-ASYNCSTDOUT
2026-04-29 21:06:08,899 [INFO] in AsyncAppender-Worker-ASYNCSTDOUT - 21:06:08.898 [+206402 ms] WARN  c.j.m.s.FXSerializer$$anon$1 - Unsupported Object: com.sun.scenario.effect.DropShadow@711f61da ... com.sun.scenario.effect.DropShadow - AsyncAppender-Worker-ASYNCSTDOUT
2026-04-29 21:06:08,915 [INFO] in AsyncAppender-Worker-ASYNCSTDOUT - 21:06:08.915 [+206419 ms] WARN  c.j.m.s.FXSerializer$$anon$1 - Unsupported Object: com.sun.scenario.effect.DropShadow@3c061e15 ... com.sun.scenario.effect.DropShadow - AsyncAppender-Worker-ASYNCSTDOUT
2026-04-29 21:06:08,931 [INFO] in AsyncAppender-Worker-ASYNCSTDOUT - 21:06:08.931 [+206435 ms] WARN  c.j.m.s.FXSerializer$$anon$1 - Unsupported Object: com.sun.scenario.effect.DropShadow@72442f59 ... com.sun.scenario.effect.DropShadow - AsyncAppender-Worker-ASYNCSTDOUT
2026-04-29 21:06:08,947 [INFO] in AsyncAppender-Worker-ASYNCSTDOUT - 21:06:08.947 [+206451 ms] WARN  c.j.m.s.FXSerializer$$anon$1 - Unsupported Object: com.sun.scenario.effect.DropShadow@65403c90 ... com.sun.scenario.effect.DropShadow - AsyncAppender-Worker-ASYNCSTDOUT
2026-04-29 21:06:08,963 [INFO] in AsyncAppender-Worker-ASYNCSTDOUT - 21:06:08.963 [+206467 ms] WARN  c.j.m.s.FXSerializer$$anon$1 - Unsupported Object: com.sun.scenario.effect.DropShadow@7cacb178 ... com.sun.scenario.effect.DropShadow - AsyncAppender-Worker-ASYNCSTDOUT
2026-04-29 21:06:08,979 [INFO] in AsyncAppender-Worker-ASYNCSTDOUT - 21:06:08.979 [+206483 ms] WARN  c.j.m.s.FXSerializer$$anon$1 - Unsupported Object: com.sun.scenario.effect.DropShadow@51759ac5 ... com.sun.scenario.effect.DropShadow - AsyncAppender-Worker-ASYNCSTDOUT
2026-04-29 21:06:08,994 [INFO] in AsyncAppender-Worker-ASYNCSTDOUT - 21:06:08.994 [+206498 ms] WARN  c.j.m.s.FXSerializer$$anon$1 - Unsupported Object: com.sun.scenario.effect.DropShadow@6b817f4f ... com.sun.scenario.effect.DropShadow - AsyncAppender-Worker-ASYNCSTDOUT
2026-04-29 21:06:09,010 [INFO] in AsyncAppender-Worker-ASYNCSTDOUT - 21:06:09.010 [+206514 ms] WARN  c.j.m.s.FXSerializer$$anon$1 - Unsupported Object: com.sun.scenario.effect.DropShadow@75670b57 ... com.sun.scenario.effect.DropShadow - AsyncAppender-Worker-ASYNCSTDOUT
2026-04-29 21:06:09,026 [INFO] in AsyncAppender-Worker-ASYNCSTDOUT - 21:06:09.026 [+206530 ms] WARN  c.j.m.s.FXSerializer$$anon$1 - Unsupported Object: com.sun.scenario.effect.DropShadow@3a7aa082 ... com.sun.scenario.effect.DropShadow - AsyncAppender-Worker-ASYNCSTDOUT
2026-04-29 21:06:09,043 [INFO] in AsyncAppender-Worker-ASYNCSTDOUT - 21:06:09.042 [+206546 ms] WARN  c.j.m.s.FXSerializer$$anon$1 - Unsupported Object: com.sun.scenario.effect.DropShadow@406a98 ... com.sun.scenario.effect.DropShadow - AsyncAppender-Worker-ASYNCSTDOUT
2026-04-29 21:06:15,089 [INFO] in AsyncAppender-Worker-ASYNCSTDOUT - 21:06:15.089 [+212593 ms] WARN  c.j.m.s.FXSerializer$$anon$1 - Unsupported Object: com.sun.scenario.effect.DropShadow@21e70864 ... com.sun.scenario.effect.DropShadow - AsyncAppender-Worker-ASYNCSTDOUT
2026-04-29 21:06:15,106 [INFO] in AsyncAppender-Worker-ASYNCSTDOUT - 21:06:15.106 [+212610 ms] WARN  c.j.m.s.FXSerializer$$anon$1 - Unsupported Object: com.sun.scenario.effect.DropShadow@68f7869d ... com.sun.scenario.effect.DropShadow - AsyncAppender-Worker-ASYNCSTDOUT
2026-04-29 21:06:15,123 [INFO] in AsyncAppender-Worker-ASYNCSTDOUT - 21:06:15.122 [+212626 ms] WARN  c.j.m.s.FXSerializer$$anon$1 - Unsupported Object: com.sun.scenario.effect.DropShadow@3761b997 ... com.sun.scenario.effect.DropShadow - AsyncAppender-Worker-ASYNCSTDOUT
2026-04-29 21:06:15,137 [INFO] in AsyncAppender-Worker-ASYNCSTDOUT - 21:06:15.137 [+212641 ms] WARN  c.j.m.s.FXSerializer$$anon$1 - Unsupported Object: com.sun.scenario.effect.DropShadow@15c5c5a2 ... com.sun.scenario.effect.DropShadow - AsyncAppender-Worker-ASYNCSTDOUT
2026-04-29 21:06:15,154 [INFO] in AsyncAppender-Worker-ASYNCSTDOUT - 21:06:15.154 [+212658 ms] WARN  c.j.m.s.FXSerializer$$anon$1 - Unsupported Object: com.sun.scenario.effect.DropShadow@61df3826 ... com.sun.scenario.effect.DropShadow - AsyncAppender-Worker-ASYNCSTDOUT
2026-04-29 21:06:15,170 [INFO] in AsyncAppender-Worker-ASYNCSTDOUT - 21:06:15.170 [+212674 ms] WARN  c.j.m.s.FXSerializer$$anon$1 - Unsupported Object: com.sun.scenario.effect.DropShadow@421b09bf ... com.sun.scenario.effect.DropShadow - AsyncAppender-Worker-ASYNCSTDOUT
2026-04-29 21:06:15,185 [INFO] in AsyncAppender-Worker-ASYNCSTDOUT - 21:06:15.185 [+212689 ms] WARN  c.j.m.s.FXSerializer$$anon$1 - Unsupported Object: com.sun.scenario.effect.DropShadow@29bd0055 ... com.sun.scenario.effect.DropShadow - AsyncAppender-Worker-ASYNCSTDOUT
2026-04-29 21:06:15,202 [INFO] in AsyncAppender-Worker-ASYNCSTDOUT - 21:06:15.202 [+212706 ms] WARN  c.j.m.s.FXSerializer$$anon$1 - Unsupported Object: com.sun.scenario.effect.DropShadow@1765edf5 ... com.sun.scenario.effect.DropShadow - AsyncAppender-Worker-ASYNCSTDOUT
2026-04-29 21:06:15,217 [INFO] in AsyncAppender-Worker-ASYNCSTDOUT - 21:06:15.217 [+212721 ms] WARN  c.j.m.s.FXSerializer$$anon$1 - Unsupported Object: com.sun.scenario.effect.DropShadow@5914ab04 ... com.sun.scenario.effect.DropShadow - AsyncAppender-Worker-ASYNCSTDOUT
2026-04-29 21:06:15,234 [INFO] in AsyncAppender-Worker-ASYNCSTDOUT - 21:06:15.234 [+212738 ms] WARN  c.j.m.s.FXSerializer$$anon$1 - Unsupported Object: com.sun.scenario.effect.DropShadow@62c66312 ... com.sun.scenario.effect.DropShadow - AsyncAppender-Worker-ASYNCSTDOUT
2026-04-29 21:06:15,249 [INFO] in AsyncAppender-Worker-ASYNCSTDOUT - 21:06:15.249 [+212753 ms] WARN  c.j.m.s.FXSerializer$$anon$1 - Unsupported Object: com.sun.scenario.effect.DropShadow@78e1270f ... com.sun.scenario.effect.DropShadow - AsyncAppender-Worker-ASYNCSTDOUT
2026-04-29 21:06:15,266 [INFO] in AsyncAppender-Worker-ASYNCSTDOUT - 21:06:15.265 [+212769 ms] WARN  c.j.m.s.FXSerializer$$anon$1 - Unsupported Object: com.sun.scenario.effect.DropShadow@3acc2332 ... com.sun.scenario.effect.DropShadow - AsyncAppender-Worker-ASYNCSTDOUT
2026-04-29 21:06:15,284 [INFO] in AsyncAppender-Worker-ASYNCSTDOUT - 21:06:15.284 [+212788 ms] WARN  c.j.m.s.FXSerializer$$anon$1 - Unsupported Object: com.sun.scenario.effect.DropShadow@499254b5 ... com.sun.scenario.effect.DropShadow - AsyncAppender-Worker-ASYNCSTDOUT
2026-04-29 21:06:15,300 [INFO] in AsyncAppender-Worker-ASYNCSTDOUT - 21:06:15.300 [+212804 ms] WARN  c.j.m.s.FXSerializer$$anon$1 - Unsupported Object: com.sun.scenario.effect.DropShadow@7b860696 ... com.sun.scenario.effect.DropShadow - AsyncAppender-Worker-ASYNCSTDOUT
2026-04-29 21:06:15,315 [INFO] in AsyncAppender-Worker-ASYNCSTDOUT - 21:06:15.314 [+212818 ms] WARN  c.j.m.s.FXSerializer$$anon$1 - Unsupported Object: com.sun.scenario.effect.DropShadow@1a83a2be ... com.sun.scenario.effect.DropShadow - AsyncAppender-Worker-ASYNCSTDOUT
2026-04-29 21:06:15,329 [INFO] in AsyncAppender-Worker-ASYNCSTDOUT - 21:06:15.329 [+212833 ms] WARN  c.j.m.s.FXSerializer$$anon$1 - Unsupported Object: com.sun.scenario.effect.DropShadow@16cd0b3f ... com.sun.scenario.effect.DropShadow - AsyncAppender-Worker-ASYNCSTDOUT
2026-04-29 21:06:15,347 [INFO] in AsyncAppender-Worker-ASYNCSTDOUT - 21:06:15.347 [+212851 ms] WARN  c.j.m.s.FXSerializer$$anon$1 - Unsupported Object: com.sun.scenario.effect.DropShadow@e3deecc ... com.sun.scenario.effect.DropShadow - AsyncAppender-Worker-ASYNCSTDOUT
2026-04-29 21:06:15,361 [INFO] in AsyncAppender-Worker-ASYNCSTDOUT - 21:06:15.361 [+212865 ms] WARN  c.j.m.s.FXSerializer$$anon$1 - Unsupported Object: com.sun.scenario.effect.DropShadow@4bd13751 ... com.sun.scenario.effect.DropShadow - AsyncAppender-Worker-ASYNCSTDOUT
2026-04-29 21:06:15,379 [INFO] in AsyncAppender-Worker-ASYNCSTDOUT - 21:06:15.379 [+212883 ms] WARN  c.j.m.s.FXSerializer$$anon$1 - Unsupported Object: com.sun.scenario.effect.DropShadow@12a47ac2 ... com.sun.scenario.effect.DropShadow - AsyncAppender-Worker-ASYNCSTDOUT
2026-04-29 21:06:17,706 [INFO] in AsyncAppender-Worker-ASYNCSTDOUT - 21:06:17.706 [+215210 ms] WARN  javafx.css - Caught 'java.lang.ClassCastException: class java.lang.String cannot be cast to class javafx.scene.paint.Paint (java.lang.String is in module java.base of loader 'bootstrap'; javafx.scene.paint.Paint is in unnamed module of loader 'app')' while converting value for '-fx-background-color' from inline style on Button@390203ab[styleClass=button exit-back-button]'' - AsyncAppender-Worker-ASYNCSTDOUT
2026-04-29 21:07:18,019 [INFO] in AsyncAppender-Worker-ASYNCSTDOUT - 21:07:18.015 [+546 ms] INFO  c.jpro.activity - Starting the server - AsyncAppender-Worker-ASYNCSTDOUT
2026-04-29 21:07:18,020 [INFO] in AsyncAppender-Worker-ASYNCSTDOUT - 21:07:18.017 [+548 ms] INFO  c.j.i.s.JProInitializer$ -  *** Starting JPro: https://www.jpro.one/ *** - AsyncAppender-Worker-ASYNCSTDOUT
2026-04-29 21:07:18,020 [INFO] in AsyncAppender-Worker-ASYNCSTDOUT - 21:07:18.017 [+548 ms] INFO  c.j.i.s.JProInitializer$ - OS: Windows 11 - AsyncAppender-Worker-ASYNCSTDOUT
2026-04-29 21:07:18,026 [INFO] in AsyncAppender-Worker-ASYNCSTDOUT - 21:07:18.026 [+557 ms] INFO  c.j.i.s.JProInitializer$ - JPro: 2026.1.1 - AsyncAppender-Worker-ASYNCSTDOUT
2026-04-29 21:07:18,026 [INFO] in AsyncAppender-Worker-ASYNCSTDOUT - 21:07:18.026 [+557 ms] INFO  c.j.i.s.JProInitializer$ - Java version: 26.0.1 - AsyncAppender-Worker-ASYNCSTDOUT
2026-04-29 21:07:18,026 [INFO] in AsyncAppender-Worker-ASYNCSTDOUT - 21:07:18.026 [+557 ms] INFO  c.j.i.s.JProInitializer$ - JVM: 26.0.1 Oracle Corporation - AsyncAppender-Worker-ASYNCSTDOUT
2026-04-29 21:07:18,029 [INFO] in AsyncAppender-Worker-ASYNCSTDOUT - 21:07:18.028 [+559 ms] INFO  c.j.i.s.JProInitializer$ - JavaFX jar: file:/C:/Users/lehas/.m2/repository/org/openjfx/javafx-graphics/25.0.2-jpro+1/javafx-graphics-25.0.2-jpro+1-win.jar - AsyncAppender-Worker-ASYNCSTDOUT
2026-04-29 21:07:18,033 [INFO] in AsyncAppender-Worker-ASYNCSTDOUT - 21:07:18.031 [+562 ms] INFO  c.j.i.s.JProInitializer$ - Configuring logging from url: 'jar:file:/C:/Users/lehas/.m2/repository/one/jpro/jpro-server_2.12/2026.1.1/jpro-server_2.12-2026.1.1.jar!/logback-jpro-default.xml' - AsyncAppender-Worker-ASYNCSTDOUT
2026-04-29 21:07:18,664 [INFO] in AsyncAppender-Worker-ASYNCSTDOUT - 21:07:18.664 [+1195 ms] INFO  c.j.i.s.JProInitializer$ - JavaFX version: 25.0.2-jpro+1 - AsyncAppender-Worker-ASYNCSTDOUT
2026-04-29 21:07:18,749 [INFO] in JavaFX Application Thread - G1 Young Generation - JavaFX Application Thread
2026-04-29 21:07:18,749 [INFO] in JavaFX Application Thread - G1 Concurrent GC - JavaFX Application Thread
2026-04-29 21:07:18,749 [INFO] in JavaFX Application Thread - G1 Old Generation - JavaFX Application Thread
2026-04-29 21:07:18,761 [INFO] in AsyncAppender-Worker-ASYNCSTDOUT - 21:07:18.761 [+1292 ms] INFO  c.j.i.s.JProInitializer$ - finished init! - AsyncAppender-Worker-ASYNCSTDOUT
2026-04-29 21:07:18,765 [INFO] in AsyncAppender-Worker-ASYNCSTDOUT - 21:07:18.765 [+1296 ms] INFO  c.j.i.s.JProInitializer$ - [JPro] -> Server started: {start_time: 1777471638011, os_name: Windows 11, jpro_version: 2026.1.1, pid: 23724, servername: V82} - AsyncAppender-Worker-ASYNCSTDOUT
2026-04-29 21:07:18,848 [INFO] in AsyncAppender-Worker-ASYNCSTDOUT - 21:07:18.847 [+1378 ms] INFO  c.j.i.s.Route$ - Creating routing for JPro server - AsyncAppender-Worker-ASYNCSTDOUT
2026-04-29 21:07:18,923 [INFO] in AsyncAppender-Worker-ASYNCSTDOUT - 21:07:18.922 [+1453 ms] INFO  i.h.c.f.HelidonFeatures - Helidon SE 4.2.6 features: [Config, Encoding, Media, Metrics, Registry, WebServer, WebSocket] - AsyncAppender-Worker-ASYNCSTDOUT
2026-04-29 21:07:18,930 [INFO] in AsyncAppender-Worker-ASYNCSTDOUT - 21:07:18.930 [+1461 ms] INFO  i.h.w.ServerListener - [0x45d4398e] http://0.0.0.0:8080 bound for socket '@default' - AsyncAppender-Worker-ASYNCSTDOUT
2026-04-29 21:07:18,933 [ERROR] in Thread-0 - There is no Helidon logging implementation on classpath, skipping log configuration. - Thread-0
2026-04-29 21:07:18,937 [INFO] in AsyncAppender-Worker-ASYNCSTDOUT - 21:07:18.936 [+1467 ms] INFO  i.h.w.LoomServer - Started all channels in 21 milliseconds. 1892 milliseconds since JVM startup. Java 26.0.1+8-34 - AsyncAppender-Worker-ASYNCSTDOUT
2026-04-29 21:07:18,938 [INFO] in Thread-0 - Server started at http://localhost:8080 - Thread-0
2026-04-29 21:07:19,159 [INFO] in AsyncAppender-Worker-ASYNCSTDOUT - 21:07:19.159 [+1690 ms] INFO  c.j.i.s.JProWSEndpoint - application requested: default params: Map(instanceID -> 3hb36kiqw0nqngvnil11whlu2) - AsyncAppender-Worker-ASYNCSTDOUT
2026-04-29 21:07:19,159 [INFO] in AsyncAppender-Worker-ASYNCSTDOUT - 21:07:19.159 [+1690 ms] INFO  c.j.i.s.JProWSEndpoint - Creating Application: default - AsyncAppender-Worker-ASYNCSTDOUT
2026-04-29 21:07:19,160 [INFO] in AsyncAppender-Worker-ASYNCSTDOUT - 21:07:19.159 [+1690 ms] INFO  c.j.i.s.JProWSEndpoint - remoteAddress 0:0:0:0:0:0:0:1 - AsyncAppender-Worker-ASYNCSTDOUT
2026-04-29 21:07:19,160 [INFO] in AsyncAppender-Worker-ASYNCSTDOUT - 21:07:19.159 [+1690 ms] INFO  c.j.i.s.JProWSEndpoint - host           - AsyncAppender-Worker-ASYNCSTDOUT
2026-04-29 21:07:19,160 [INFO] in AsyncAppender-Worker-ASYNCSTDOUT - 21:07:19.159 [+1690 ms] INFO  c.j.i.s.JProWSEndpoint - uri           /app/ws/default?instanceID=3hb36kiqw0nqngvnil11whlu2 - AsyncAppender-Worker-ASYNCSTDOUT
2026-04-29 21:07:19,170 [INFO] in AsyncAppender-Worker-ASYNCSTDOUT - 21:07:19.169 [+1700 ms] INFO  c.j.i.s.JProWSEndpoint - Application found. - AsyncAppender-Worker-ASYNCSTDOUT
2026-04-29 21:07:19,173 [INFO] in AsyncAppender-Worker-ASYNCSTDOUT - 21:07:19.173 [+1704 ms] INFO  c.j.i.s.JProWSEndpoint - Handshake received: 1fc848e7be83856bef963b103116f03f - AsyncAppender-Worker-ASYNCSTDOUT
2026-04-29 21:07:19,607 [INFO] in AsyncAppender-Worker-ASYNCSTDOUT - 21:07:19.607 [+2138 ms] INFO  c.j.i.s.ViewInfo$ - [JPro] -> View created: {app_name: default, host_name: localhost:8080, instance_id: eu3uia0m2dfbcx1zyifnutfo9, browser: Microsoft Edge 147.0.0.0, browser_url: http://localhost:8080/, client_ip: 0:0:0:0:0:0:0:1} - AsyncAppender-Worker-ASYNCSTDOUT
2026-04-29 21:07:19,931 [INFO] in JavaFX Application Thread - Menu Controller đã được khởi tạo! - JavaFX Application Thread
2026-04-29 21:07:19,944 [INFO] in AsyncAppender-Worker-ASYNCSTDOUT - 21:07:19.942 [+2473 ms] INFO  c.j.i.s.JProWSEndpoint - application requested: default params: Map() - AsyncAppender-Worker-ASYNCSTDOUT
2026-04-29 21:07:19,944 [INFO] in AsyncAppender-Worker-ASYNCSTDOUT - 21:07:19.943 [+2474 ms] INFO  c.j.i.s.JProWSEndpoint - Creating Application: default - AsyncAppender-Worker-ASYNCSTDOUT
2026-04-29 21:07:19,944 [INFO] in AsyncAppender-Worker-ASYNCSTDOUT - 21:07:19.943 [+2474 ms] INFO  c.j.i.s.JProWSEndpoint - remoteAddress 0:0:0:0:0:0:0:1 - AsyncAppender-Worker-ASYNCSTDOUT
2026-04-29 21:07:19,944 [INFO] in AsyncAppender-Worker-ASYNCSTDOUT - 21:07:19.943 [+2474 ms] INFO  c.j.i.s.JProWSEndpoint - host           - AsyncAppender-Worker-ASYNCSTDOUT
2026-04-29 21:07:19,945 [INFO] in AsyncAppender-Worker-ASYNCSTDOUT - 21:07:19.943 [+2474 ms] INFO  c.j.i.s.JProWSEndpoint - uri           /app/ws/default - AsyncAppender-Worker-ASYNCSTDOUT
2026-04-29 21:07:19,945 [INFO] in AsyncAppender-Worker-ASYNCSTDOUT - 21:07:19.943 [+2474 ms] INFO  c.j.i.s.JProWSEndpoint - Application found. - AsyncAppender-Worker-ASYNCSTDOUT
2026-04-29 21:07:19,985 [INFO] in AsyncAppender-Worker-ASYNCSTDOUT - 21:07:19.984 [+2515 ms] INFO  c.j.i.s.JProWSEndpoint - Handshake received: 1fc848e7be83856bef963b103116f03f - AsyncAppender-Worker-ASYNCSTDOUT
2026-04-29 21:07:20,560 [INFO] in JavaFX Application Thread - Nhạc nền menu đang phát... - JavaFX Application Thread
2026-04-29 21:07:20,983 [INFO] in AsyncAppender-Worker-ASYNCSTDOUT - 21:07:20.982 [+3513 ms] INFO  c.j.i.c.InstanceImpl - [JPro] -> Instance created: {app_name: default, host_name: localhost:8080, instance_id: eu3uia0m2dfbcx1zyifnutfo9, browser: Microsoft Edge 147.0.0.0, browser_url: http://localhost:8080/, client_ip: 0:0:0:0:0:0:0:1} - AsyncAppender-Worker-ASYNCSTDOUT
2026-04-29 21:07:21,378 [INFO] in AsyncAppender-Worker-ASYNCSTDOUT - 21:07:21.377 [+3908 ms] INFO  c.j.i.s.JProWSEndpoint - Frame received after poison, ignoring - AsyncAppender-Worker-ASYNCSTDOUT
2026-04-29 21:07:21,379 [INFO] in AsyncAppender-Worker-ASYNCSTDOUT - 21:07:21.377 [+3908 ms] INFO  c.j.i.s.JProWSEndpoint - WebSocket for [default] closed: 1000 – tab-closed - AsyncAppender-Worker-ASYNCSTDOUT
2026-04-29 21:07:21,440 [INFO] in AsyncAppender-Worker-ASYNCSTDOUT - 21:07:21.438 [+3969 ms] INFO  c.j.i.s.ViewInfo$ - [JPro] -> View created: {app_name: default, host_name: localhost:8080, instance_id: aqp7q8ypcre5pv1trsvh9brg7, browser: Microsoft Edge 147.0.0.0, browser_url: http://localhost:8080/, client_ip: 0:0:0:0:0:0:0:1} - AsyncAppender-Worker-ASYNCSTDOUT
2026-04-29 21:07:21,510 [INFO] in JavaFX Application Thread - Menu Controller đã được khởi tạo! - JavaFX Application Thread
2026-04-29 21:07:21,539 [INFO] in JavaFX Application Thread - Nhạc nền menu đang phát... - JavaFX Application Thread
2026-04-29 21:07:21,722 [INFO] in AsyncAppender-Worker-ASYNCSTDOUT - 21:07:21.721 [+4252 ms] INFO  c.j.i.c.InstanceImpl - [JPro] -> Instance created: {app_name: default, host_name: localhost:8080, instance_id: aqp7q8ypcre5pv1trsvh9brg7, browser: Microsoft Edge 147.0.0.0, browser_url: http://localhost:8080/, client_ip: 0:0:0:0:0:0:0:1} - AsyncAppender-Worker-ASYNCSTDOUT
2026-04-29 21:07:22,004 [INFO] in AsyncAppender-Worker-ASYNCSTDOUT - 21:07:22.003 [+4534 ms] INFO  c.j.i.s.ViewInfo$ - [JPro] -> View closed: {app_name: default, host_name: localhost:8080, instance_id: eu3uia0m2dfbcx1zyifnutfo9, browser: Microsoft Edge 147.0.0.0, browser_url: http://localhost:8080/, client_ip: 0:0:0:0:0:0:0:1, reason: tab-closed} - AsyncAppender-Worker-ASYNCSTDOUT
2026-04-29 21:07:22,009 [INFO] in AsyncAppender-Worker-ASYNCSTDOUT - 21:07:22.008 [+4539 ms] INFO  c.j.i.s.JProWSEndpoint - Frame received after poison, ignoring - AsyncAppender-Worker-ASYNCSTDOUT
2026-04-29 21:07:22,010 [INFO] in AsyncAppender-Worker-ASYNCSTDOUT - 21:07:22.008 [+4539 ms] INFO  c.j.i.s.JProWSEndpoint - WebSocket for [default] closed: 1000 – tab-closed - AsyncAppender-Worker-ASYNCSTDOUT
2026-04-29 21:07:22,034 [INFO] in AsyncAppender-Worker-ASYNCSTDOUT - 21:07:22.029 [+4560 ms] INFO  c.j.i.s.ViewInfo$ -  - AsyncAppender-Worker-ASYNCSTDOUT
2026-04-29 21:07:22,034 [INFO] in AsyncAppender-Worker-ASYNCSTDOUT - 21:07:22.030 [+4561 ms] INFO  c.j.i.s.ViewInfo$ - Application closed: - AsyncAppender-Worker-ASYNCSTDOUT
2026-04-29 21:07:22,093 [ERROR] in JavaFX Application Thread - java.lang.AssertionError: assertion failed: Can't dispose, the JPro view is no longer active. Close reason was: tab-closed - JavaFX Application Thread
2026-04-29 21:07:22,093 [INFO] in AsyncAppender-Worker-ASYNCSTDOUT - 21:07:22.084 [+4615 ms] INFO  c.j.i.s.ViewInfo$ - startTime      : Wed Apr 29 21:07:19 GMT+07:00 2026       - AsyncAppender-Worker-ASYNCSTDOUT
2026-04-29 21:07:22,093 [ERROR] in JavaFX Application Thread - 	at scala.Predef$.assert(Predef.scala:223) - JavaFX Application Thread
2026-04-29 21:07:22,093 [ERROR] in JavaFX Application Thread - 	at com.jpro.internal.communicator.ViewImpl.dispose(ViewImpl.scala:226) - JavaFX Application Thread
2026-04-29 21:07:22,094 [ERROR] in JavaFX Application Thread - 	at com.jpro.internal.server.JProWSEndpoint.$anonfun$disposeIfNeeded$1(JProWSEndpoint.scala:242) - JavaFX Application Thread
2026-04-29 21:07:22,102 [ERROR] in JavaFX Application Thread - 	at scala.runtime.java8.JFunction0$mcV$sp.apply(JFunction0$mcV$sp.java:23) - JavaFX Application Thread
2026-04-29 21:07:22,104 [ERROR] in JavaFX Application Thread - 	at simplefx.cores.standard.parts.CoreTimeEvent$$anon$3.run(CoreTimeEvent.scala:62) - JavaFX Application Thread
2026-04-29 21:07:22,120 [ERROR] in JavaFX Application Thread - 	at com.sun.javafx.application.PlatformImpl.lambda$runLater$0(PlatformImpl.java:425) - JavaFX Application Thread
2026-04-29 21:07:22,120 [ERROR] in JavaFX Application Thread - 	at com.sun.glass.ui.monocle.RunnableProcessor.runLoop(RunnableProcessor.java:92) - JavaFX Application Thread
2026-04-29 21:07:22,120 [ERROR] in JavaFX Application Thread - 	at com.sun.glass.ui.monocle.RunnableProcessor.run(RunnableProcessor.java:51) - JavaFX Application Thread
2026-04-29 21:07:22,121 [ERROR] in JavaFX Application Thread - 	at java.base/java.lang.Thread.run(Thread.java:1516) - JavaFX Application Thread
2026-04-29 21:07:22,121 [INFO] in AsyncAppender-Worker-ASYNCSTDOUT - 21:07:22.085 [+4616 ms] INFO  c.j.i.s.ViewInfo$ - duration       : 00:00:02.440  - AsyncAppender-Worker-ASYNCSTDOUT
2026-04-29 21:07:22,121 [INFO] in AsyncAppender-Worker-ASYNCSTDOUT - 21:07:22.086 [+4617 ms] INFO  c.j.i.s.ViewInfo$ - averageLatency : 00:00:00.000  - AsyncAppender-Worker-ASYNCSTDOUT
2026-04-29 21:07:22,121 [INFO] in AsyncAppender-Worker-ASYNCSTDOUT - 21:07:22.087 [+4618 ms] INFO  c.j.i.s.ViewInfo$ - averageJitter  : 00:00:00.000   - AsyncAppender-Worker-ASYNCSTDOUT
2026-04-29 21:07:22,121 [INFO] in AsyncAppender-Worker-ASYNCSTDOUT - 21:07:22.087 [+4618 ms] INFO  c.j.i.s.ViewInfo$ - framerateServer: 00:00:00.000 - AsyncAppender-Worker-ASYNCSTDOUT
2026-04-29 21:07:22,121 [INFO] in AsyncAppender-Worker-ASYNCSTDOUT - 21:07:22.088 [+4619 ms] INFO  c.j.i.s.ViewInfo$ - framerateClient: 00:00:00.000 - AsyncAppender-Worker-ASYNCSTDOUT
2026-04-29 21:07:22,121 [INFO] in AsyncAppender-Worker-ASYNCSTDOUT - 21:07:22.088 [+4619 ms] INFO  c.j.i.s.ViewInfo$ - raw            : 0 - AsyncAppender-Worker-ASYNCSTDOUT
2026-04-29 21:07:22,121 [ERROR] in JavaFX Application Thread - Exception in thread "JavaFX Application Thread" java.lang.AssertionError: assertion failed: Can't dispose, the JPro view is no longer active. Close reason was: tab-closed - JavaFX Application Thread
2026-04-29 21:07:22,121 [ERROR] in JavaFX Application Thread - 	at scala.Predef$.assert(Predef.scala:223) - JavaFX Application Thread
2026-04-29 21:07:22,121 [ERROR] in JavaFX Application Thread - 	at com.jpro.internal.communicator.ViewImpl.dispose(ViewImpl.scala:226) - JavaFX Application Thread
2026-04-29 21:07:22,121 [ERROR] in JavaFX Application Thread - 	at com.jpro.internal.server.JProWSEndpoint.$anonfun$disposeIfNeeded$1(JProWSEndpoint.scala:242) - JavaFX Application Thread
2026-04-29 21:07:22,121 [ERROR] in JavaFX Application Thread - 	at scala.runtime.java8.JFunction0$mcV$sp.apply(JFunction0$mcV$sp.java:23) - JavaFX Application Thread
2026-04-29 21:07:22,122 [ERROR] in JavaFX Application Thread - 	at simplefx.cores.standard.parts.CoreTimeEvent$$anon$3.run(CoreTimeEvent.scala:62) - JavaFX Application Thread
2026-04-29 21:07:22,122 [ERROR] in JavaFX Application Thread - 	at com.sun.javafx.application.PlatformImpl.lambda$runLater$0(PlatformImpl.java:425) - JavaFX Application Thread
2026-04-29 21:07:22,122 [INFO] in AsyncAppender-Worker-ASYNCSTDOUT - 21:07:22.088 [+4619 ms] INFO  c.j.i.s.ViewInfo$ - zipped         : 0 - AsyncAppender-Worker-ASYNCSTDOUT
2026-04-29 21:07:22,122 [ERROR] in JavaFX Application Thread - 	at com.sun.glass.ui.monocle.RunnableProcessor.runLoop(RunnableProcessor.java:92) - JavaFX Application Thread
2026-04-29 21:07:22,122 [ERROR] in JavaFX Application Thread - 	at com.sun.glass.ui.monocle.RunnableProcessor.run(RunnableProcessor.java:51) - JavaFX Application Thread
2026-04-29 21:07:22,122 [ERROR] in JavaFX Application Thread - 	at java.base/java.lang.Thread.run(Thread.java:1516) - JavaFX Application Thread
2026-04-29 21:07:22,122 [INFO] in AsyncAppender-Worker-ASYNCSTDOUT - 21:07:22.088 [+4619 ms] INFO  c.j.i.s.ViewInfo$ -  - AsyncAppender-Worker-ASYNCSTDOUT
2026-04-29 21:07:22,162 [INFO] in AsyncAppender-Worker-ASYNCSTDOUT - 21:07:22.160 [+4691 ms] INFO  c.j.i.s.ViewInfo$ - [JPro] -> View closed: {app_name: default, host_name: localhost:8080, instance_id: aqp7q8ypcre5pv1trsvh9brg7, browser: Microsoft Edge 147.0.0.0, browser_url: http://localhost:8080/, client_ip: 0:0:0:0:0:0:0:1, reason: tab-closed} - AsyncAppender-Worker-ASYNCSTDOUT
2026-04-29 21:07:22,167 [INFO] in AsyncAppender-Worker-ASYNCSTDOUT - 21:07:22.166 [+4697 ms] INFO  c.j.i.s.ViewInfo$ -  - AsyncAppender-Worker-ASYNCSTDOUT
2026-04-29 21:07:22,167 [INFO] in AsyncAppender-Worker-ASYNCSTDOUT - 21:07:22.166 [+4697 ms] INFO  c.j.i.s.ViewInfo$ - Application closed: - AsyncAppender-Worker-ASYNCSTDOUT
2026-04-29 21:07:22,167 [INFO] in AsyncAppender-Worker-ASYNCSTDOUT - 21:07:22.167 [+4698 ms] INFO  c.j.i.s.ViewInfo$ - startTime      : Wed Apr 29 21:07:21 GMT+07:00 2026       - AsyncAppender-Worker-ASYNCSTDOUT
2026-04-29 21:07:22,167 [INFO] in AsyncAppender-Worker-ASYNCSTDOUT - 21:07:22.167 [+4698 ms] INFO  c.j.i.s.ViewInfo$ - duration       : 00:00:00.760  - AsyncAppender-Worker-ASYNCSTDOUT
2026-04-29 21:07:22,168 [INFO] in AsyncAppender-Worker-ASYNCSTDOUT - 21:07:22.167 [+4698 ms] INFO  c.j.i.s.ViewInfo$ - averageLatency : 00:00:00.000  - AsyncAppender-Worker-ASYNCSTDOUT
2026-04-29 21:07:22,169 [INFO] in AsyncAppender-Worker-ASYNCSTDOUT - 21:07:22.168 [+4699 ms] INFO  c.j.i.s.ViewInfo$ - averageJitter  : 00:00:00.000   - AsyncAppender-Worker-ASYNCSTDOUT
2026-04-29 21:07:22,171 [INFO] in AsyncAppender-Worker-ASYNCSTDOUT - 21:07:22.169 [+4700 ms] INFO  c.j.i.s.ViewInfo$ - framerateServer: 00:00:00.000 - AsyncAppender-Worker-ASYNCSTDOUT
2026-04-29 21:07:22,171 [INFO] in AsyncAppender-Worker-ASYNCSTDOUT - 21:07:22.169 [+4700 ms] INFO  c.j.i.s.ViewInfo$ - framerateClient: 00:00:00.000 - AsyncAppender-Worker-ASYNCSTDOUT
2026-04-29 21:07:22,171 [INFO] in AsyncAppender-Worker-ASYNCSTDOUT - 21:07:22.169 [+4700 ms] INFO  c.j.i.s.ViewInfo$ - raw            : 13923 - AsyncAppender-Worker-ASYNCSTDOUT
2026-04-29 21:07:22,172 [INFO] in AsyncAppender-Worker-ASYNCSTDOUT - 21:07:22.169 [+4700 ms] INFO  c.j.i.s.ViewInfo$ - zipped         : 2318 - AsyncAppender-Worker-ASYNCSTDOUT
2026-04-29 21:07:22,172 [INFO] in AsyncAppender-Worker-ASYNCSTDOUT - 21:07:22.169 [+4700 ms] INFO  c.j.i.s.ViewInfo$ -  - AsyncAppender-Worker-ASYNCSTDOUT
2026-04-29 21:07:22,173 [ERROR] in JavaFX Application Thread - java.lang.AssertionError: assertion failed: Can't dispose, the JPro view is no longer active. Close reason was: tab-closed - JavaFX Application Thread
2026-04-29 21:07:22,173 [ERROR] in JavaFX Application Thread - 	at scala.Predef$.assert(Predef.scala:223) - JavaFX Application Thread
2026-04-29 21:07:22,174 [ERROR] in JavaFX Application Thread - 	at com.jpro.internal.communicator.ViewImpl.dispose(ViewImpl.scala:226) - JavaFX Application Thread
2026-04-29 21:07:22,174 [ERROR] in JavaFX Application Thread - 	at com.jpro.internal.server.JProWSEndpoint.$anonfun$disposeIfNeeded$1(JProWSEndpoint.scala:242) - JavaFX Application Thread
2026-04-29 21:07:22,174 [ERROR] in JavaFX Application Thread - 	at scala.runtime.java8.JFunction0$mcV$sp.apply(JFunction0$mcV$sp.java:23) - JavaFX Application Thread
2026-04-29 21:07:22,174 [ERROR] in JavaFX Application Thread - 	at simplefx.cores.standard.parts.CoreTimeEvent$$anon$3.run(CoreTimeEvent.scala:62) - JavaFX Application Thread
2026-04-29 21:07:22,174 [ERROR] in JavaFX Application Thread - 	at com.sun.javafx.application.PlatformImpl.lambda$runLater$0(PlatformImpl.java:425) - JavaFX Application Thread
2026-04-29 21:07:22,174 [ERROR] in JavaFX Application Thread - 	at com.sun.glass.ui.monocle.RunnableProcessor.runLoop(RunnableProcessor.java:92) - JavaFX Application Thread
2026-04-29 21:07:22,175 [ERROR] in JavaFX Application Thread - 	at com.sun.glass.ui.monocle.RunnableProcessor.run(RunnableProcessor.java:51) - JavaFX Application Thread
2026-04-29 21:07:22,176 [ERROR] in JavaFX Application Thread - 	at java.base/java.lang.Thread.run(Thread.java:1516) - JavaFX Application Thread
2026-04-29 21:07:22,179 [ERROR] in JavaFX Application Thread - Exception in thread "JavaFX Application Thread" java.lang.AssertionError: assertion failed: Can't dispose, the JPro view is no longer active. Close reason was: tab-closed - JavaFX Application Thread
2026-04-29 21:07:22,179 [ERROR] in JavaFX Application Thread - 	at scala.Predef$.assert(Predef.scala:223) - JavaFX Application Thread
2026-04-29 21:07:22,179 [ERROR] in JavaFX Application Thread - 	at com.jpro.internal.communicator.ViewImpl.dispose(ViewImpl.scala:226) - JavaFX Application Thread
2026-04-29 21:07:22,179 [ERROR] in JavaFX Application Thread - 	at com.jpro.internal.server.JProWSEndpoint.$anonfun$disposeIfNeeded$1(JProWSEndpoint.scala:242) - JavaFX Application Thread
2026-04-29 21:07:22,179 [ERROR] in JavaFX Application Thread - 	at scala.runtime.java8.JFunction0$mcV$sp.apply(JFunction0$mcV$sp.java:23) - JavaFX Application Thread
2026-04-29 21:07:22,179 [ERROR] in JavaFX Application Thread - 	at simplefx.cores.standard.parts.CoreTimeEvent$$anon$3.run(CoreTimeEvent.scala:62) - JavaFX Application Thread
2026-04-29 21:07:22,180 [ERROR] in JavaFX Application Thread - 	at com.sun.javafx.application.PlatformImpl.lambda$runLater$0(PlatformImpl.java:425) - JavaFX Application Thread
2026-04-29 21:07:22,180 [ERROR] in JavaFX Application Thread - 	at com.sun.glass.ui.monocle.RunnableProcessor.runLoop(RunnableProcessor.java:92) - JavaFX Application Thread
2026-04-29 21:07:22,180 [ERROR] in JavaFX Application Thread - 	at com.sun.glass.ui.monocle.RunnableProcessor.run(RunnableProcessor.java:51) - JavaFX Application Thread
2026-04-29 21:07:22,180 [ERROR] in JavaFX Application Thread - 	at java.base/java.lang.Thread.run(Thread.java:1516) - JavaFX Application Thread
2026-04-29 21:07:22,884 [INFO] in AsyncAppender-Worker-ASYNCSTDOUT - 21:07:22.883 [+5414 ms] INFO  c.j.i.c.InstanceImpl - [JPro] -> Instance closed: {app_name: default, host_name: localhost:8080, instance_id: eu3uia0m2dfbcx1zyifnutfo9, browser: Microsoft Edge 147.0.0.0, browser_url: http://localhost:8080/, client_ip: 0:0:0:0:0:0:0:1, reason: close-tab-closed} - AsyncAppender-Worker-ASYNCSTDOUT
2026-04-29 21:07:23,149 [INFO] in AsyncAppender-Worker-ASYNCSTDOUT - 21:07:23.147 [+5678 ms] INFO  c.j.i.c.InstanceImpl - [JPro] -> Instance closed: {app_name: default, host_name: localhost:8080, instance_id: aqp7q8ypcre5pv1trsvh9brg7, browser: Microsoft Edge 147.0.0.0, browser_url: http://localhost:8080/, client_ip: 0:0:0:0:0:0:0:1, reason: close-tab-closed} - AsyncAppender-Worker-ASYNCSTDOUT
2026-04-29 21:07:39,512 [INFO] in AsyncAppender-Worker-ASYNCSTDOUT - 21:07:39.511 [+22042 ms] INFO  c.j.i.s.JProWSEndpoint - application requested: default params: Map() - AsyncAppender-Worker-ASYNCSTDOUT
2026-04-29 21:07:39,512 [INFO] in AsyncAppender-Worker-ASYNCSTDOUT - 21:07:39.511 [+22042 ms] INFO  c.j.i.s.JProWSEndpoint - Creating Application: default - AsyncAppender-Worker-ASYNCSTDOUT
2026-04-29 21:07:39,512 [INFO] in AsyncAppender-Worker-ASYNCSTDOUT - 21:07:39.511 [+22042 ms] INFO  c.j.i.s.JProWSEndpoint - remoteAddress 0:0:0:0:0:0:0:1 - AsyncAppender-Worker-ASYNCSTDOUT
2026-04-29 21:07:39,512 [INFO] in AsyncAppender-Worker-ASYNCSTDOUT - 21:07:39.511 [+22042 ms] INFO  c.j.i.s.JProWSEndpoint - host           - AsyncAppender-Worker-ASYNCSTDOUT
2026-04-29 21:07:39,512 [INFO] in AsyncAppender-Worker-ASYNCSTDOUT - 21:07:39.511 [+22042 ms] INFO  c.j.i.s.JProWSEndpoint - uri           /app/ws/default - AsyncAppender-Worker-ASYNCSTDOUT
2026-04-29 21:07:39,512 [INFO] in AsyncAppender-Worker-ASYNCSTDOUT - 21:07:39.512 [+22043 ms] INFO  c.j.i.s.JProWSEndpoint - Application found. - AsyncAppender-Worker-ASYNCSTDOUT
2026-04-29 21:07:39,538 [INFO] in AsyncAppender-Worker-ASYNCSTDOUT - 21:07:39.538 [+22069 ms] INFO  c.j.i.s.JProWSEndpoint - Handshake received: 1fc848e7be83856bef963b103116f03f - AsyncAppender-Worker-ASYNCSTDOUT
2026-04-29 21:07:39,549 [INFO] in AsyncAppender-Worker-ASYNCSTDOUT - 21:07:39.548 [+22079 ms] INFO  c.j.i.s.ViewInfo$ - [JPro] -> View created: {app_name: default, host_name: localhost:8080, instance_id: 5napuoik9rfdxldmvmiim05gw, browser: Google Chrome 142.0.7444.265, browser_url: http://localhost:8080/, client_ip: 0:0:0:0:0:0:0:1} - AsyncAppender-Worker-ASYNCSTDOUT
2026-04-29 21:07:39,599 [INFO] in JavaFX Application Thread - Menu Controller đã được khởi tạo! - JavaFX Application Thread
2026-04-29 21:07:39,606 [INFO] in JavaFX Application Thread - Nhạc nền menu đang phát... - JavaFX Application Thread
2026-04-29 21:07:39,719 [INFO] in AsyncAppender-Worker-ASYNCSTDOUT - 21:07:39.719 [+22250 ms] INFO  c.j.i.c.InstanceImpl - [JPro] -> Instance created: {app_name: default, host_name: localhost:8080, instance_id: 5napuoik9rfdxldmvmiim05gw, browser: Google Chrome 142.0.7444.265, browser_url: http://localhost:8080/, client_ip: 0:0:0:0:0:0:0:1} - AsyncAppender-Worker-ASYNCSTDOUT
2026-04-29 21:07:48,196 [INFO] in AsyncAppender-Worker-ASYNCSTDOUT - 21:07:48.196 [+30727 ms] INFO  c.j.i.s.JProWSEndpoint - WebSocket for [default] closed: 1001 – normal - AsyncAppender-Worker-ASYNCSTDOUT
2026-04-29 21:07:48,197 [INFO] in AsyncAppender-Worker-ASYNCSTDOUT - 21:07:48.197 [+30728 ms] INFO  c.j.i.s.ViewInfo$ - [JPro] -> View closed: {app_name: default, host_name: localhost:8080, instance_id: 5napuoik9rfdxldmvmiim05gw, browser: Google Chrome 142.0.7444.265, browser_url: http://localhost:8080/, client_ip: 0:0:0:0:0:0:0:1, reason: websocket-stop} - AsyncAppender-Worker-ASYNCSTDOUT
2026-04-29 21:07:48,198 [INFO] in AsyncAppender-Worker-ASYNCSTDOUT - 21:07:48.198 [+30729 ms] INFO  c.j.i.s.ViewInfo$ -  - AsyncAppender-Worker-ASYNCSTDOUT
2026-04-29 21:07:48,198 [INFO] in AsyncAppender-Worker-ASYNCSTDOUT - 21:07:48.198 [+30729 ms] INFO  c.j.i.s.ViewInfo$ - Application closed: - AsyncAppender-Worker-ASYNCSTDOUT
2026-04-29 21:07:48,198 [INFO] in AsyncAppender-Worker-ASYNCSTDOUT - 21:07:48.198 [+30729 ms] INFO  c.j.i.s.ViewInfo$ - startTime      : Wed Apr 29 21:07:39 GMT+07:00 2026       - AsyncAppender-Worker-ASYNCSTDOUT
2026-04-29 21:07:48,198 [INFO] in AsyncAppender-Worker-ASYNCSTDOUT - 21:07:48.198 [+30729 ms] INFO  c.j.i.s.ViewInfo$ - duration       : 00:00:08.639  - AsyncAppender-Worker-ASYNCSTDOUT
2026-04-29 21:07:48,198 [INFO] in AsyncAppender-Worker-ASYNCSTDOUT - 21:07:48.198 [+30729 ms] INFO  c.j.i.s.ViewInfo$ - averageLatency : 00:00:00.001  - AsyncAppender-Worker-ASYNCSTDOUT
2026-04-29 21:07:48,198 [INFO] in AsyncAppender-Worker-ASYNCSTDOUT - 21:07:48.198 [+30729 ms] INFO  c.j.i.s.ViewInfo$ - averageJitter  : 00:00:00.002   - AsyncAppender-Worker-ASYNCSTDOUT
2026-04-29 21:07:48,198 [INFO] in AsyncAppender-Worker-ASYNCSTDOUT - 21:07:48.198 [+30729 ms] INFO  c.j.i.s.ViewInfo$ - framerateServer: 00:00:00.000 - AsyncAppender-Worker-ASYNCSTDOUT
2026-04-29 21:07:48,198 [INFO] in AsyncAppender-Worker-ASYNCSTDOUT - 21:07:48.198 [+30729 ms] INFO  c.j.i.s.ViewInfo$ - framerateClient: 00:00:00.000 - AsyncAppender-Worker-ASYNCSTDOUT
2026-04-29 21:07:48,198 [INFO] in AsyncAppender-Worker-ASYNCSTDOUT - 21:07:48.198 [+30729 ms] INFO  c.j.i.s.ViewInfo$ - raw            : 32931 - AsyncAppender-Worker-ASYNCSTDOUT
2026-04-29 21:07:48,198 [INFO] in AsyncAppender-Worker-ASYNCSTDOUT - 21:07:48.198 [+30729 ms] INFO  c.j.i.s.ViewInfo$ - zipped         : 5551 - AsyncAppender-Worker-ASYNCSTDOUT
2026-04-29 21:07:48,198 [INFO] in AsyncAppender-Worker-ASYNCSTDOUT - 21:07:48.198 [+30729 ms] INFO  c.j.i.s.ViewInfo$ -  - AsyncAppender-Worker-ASYNCSTDOUT
2026-04-29 21:07:49,195 [INFO] in AsyncAppender-Worker-ASYNCSTDOUT - 21:07:49.194 [+31725 ms] INFO  c.j.i.c.InstanceImpl - [JPro] -> Instance closed: {app_name: default, host_name: localhost:8080, instance_id: 5napuoik9rfdxldmvmiim05gw, browser: Google Chrome 142.0.7444.265, browser_url: http://localhost:8080/, client_ip: 0:0:0:0:0:0:0:1, reason: close-tab-closed} - AsyncAppender-Worker-ASYNCSTDOUT
2026-04-29 21:08:07,115 [INFO] in AsyncAppender-Worker-ASYNCSTDOUT - 21:08:07.114 [+49645 ms] INFO  c.j.i.s.JProWSEndpoint - application requested: default params: Map() - AsyncAppender-Worker-ASYNCSTDOUT
2026-04-29 21:08:07,115 [INFO] in AsyncAppender-Worker-ASYNCSTDOUT - 21:08:07.114 [+49645 ms] INFO  c.j.i.s.JProWSEndpoint - Creating Application: default - AsyncAppender-Worker-ASYNCSTDOUT
2026-04-29 21:08:07,115 [INFO] in AsyncAppender-Worker-ASYNCSTDOUT - 21:08:07.114 [+49645 ms] INFO  c.j.i.s.JProWSEndpoint - remoteAddress 0:0:0:0:0:0:0:1 - AsyncAppender-Worker-ASYNCSTDOUT
2026-04-29 21:08:07,115 [INFO] in AsyncAppender-Worker-ASYNCSTDOUT - 21:08:07.114 [+49645 ms] INFO  c.j.i.s.JProWSEndpoint - host           - AsyncAppender-Worker-ASYNCSTDOUT
2026-04-29 21:08:07,115 [INFO] in AsyncAppender-Worker-ASYNCSTDOUT - 21:08:07.114 [+49645 ms] INFO  c.j.i.s.JProWSEndpoint - uri           /app/ws/default - AsyncAppender-Worker-ASYNCSTDOUT
2026-04-29 21:08:07,115 [INFO] in AsyncAppender-Worker-ASYNCSTDOUT - 21:08:07.115 [+49646 ms] INFO  c.j.i.s.JProWSEndpoint - Application found. - AsyncAppender-Worker-ASYNCSTDOUT
2026-04-29 21:08:07,142 [INFO] in AsyncAppender-Worker-ASYNCSTDOUT - 21:08:07.142 [+49673 ms] INFO  c.j.i.s.JProWSEndpoint - Handshake received: 1fc848e7be83856bef963b103116f03f - AsyncAppender-Worker-ASYNCSTDOUT
2026-04-29 21:08:07,151 [INFO] in AsyncAppender-Worker-ASYNCSTDOUT - 21:08:07.151 [+49682 ms] INFO  c.j.i.s.ViewInfo$ - [JPro] -> View created: {app_name: default, host_name: localhost:8080, instance_id: enfw5449kdktvy3s5kw68mjs5, browser: Microsoft Edge 147.0.0.0, browser_url: http://localhost:8080/, client_ip: 0:0:0:0:0:0:0:1} - AsyncAppender-Worker-ASYNCSTDOUT
2026-04-29 21:08:07,181 [INFO] in JavaFX Application Thread - Menu Controller đã được khởi tạo! - JavaFX Application Thread
2026-04-29 21:08:07,187 [INFO] in JavaFX Application Thread - Nhạc nền menu đang phát... - JavaFX Application Thread
2026-04-29 21:08:07,279 [INFO] in AsyncAppender-Worker-ASYNCSTDOUT - 21:08:07.279 [+49810 ms] INFO  c.j.i.c.InstanceImpl - [JPro] -> Instance created: {app_name: default, host_name: localhost:8080, instance_id: enfw5449kdktvy3s5kw68mjs5, browser: Microsoft Edge 147.0.0.0, browser_url: http://localhost:8080/, client_ip: 0:0:0:0:0:0:0:1} - AsyncAppender-Worker-ASYNCSTDOUT
2026-04-29 21:08:10,378 [INFO] in JavaFX Application Thread - Nút Start đã được bấm! Đang khởi tạo GameView... - JavaFX Application Thread
2026-04-29 21:08:10,392 [INFO] in JavaFX Application Thread - Đã khởi tạo Difficulty Controller - JavaFX Application Thread
2026-04-29 21:08:10,426 [INFO] in AsyncAppender-Worker-ASYNCSTDOUT - 21:08:10.426 [+52957 ms] INFO  c.j.m.t.SceneInputListener - On disposing SceneInputListener: primaryScene.window was null. Skipped the forced release of the mouse. - AsyncAppender-Worker-ASYNCSTDOUT
2026-04-29 21:08:16,447 [INFO] in JavaFX Application Thread - Easy Mode - JavaFX Application Thread
2026-04-29 21:08:16,460 [INFO] in AsyncAppender-Worker-ASYNCSTDOUT - 21:08:16.460 [+58991 ms] INFO  c.j.m.t.SceneInputListener - On disposing SceneInputListener: primaryScene.window was null. Skipped the forced release of the mouse. - AsyncAppender-Worker-ASYNCSTDOUT
2026-04-29 21:08:37,405 [INFO] in AsyncAppender-Worker-ASYNCSTDOUT - 21:08:37.404 [+79935 ms] WARN  c.j.m.s.FXSerializer$$anon$1 - Unsupported Object: com.sun.scenario.effect.DropShadow@61d33dd5 ... com.sun.scenario.effect.DropShadow - AsyncAppender-Worker-ASYNCSTDOUT
2026-04-29 21:08:37,420 [INFO] in AsyncAppender-Worker-ASYNCSTDOUT - 21:08:37.419 [+79950 ms] WARN  c.j.m.s.FXSerializer$$anon$1 - Unsupported Object: com.sun.scenario.effect.DropShadow@308afbc8 ... com.sun.scenario.effect.DropShadow - AsyncAppender-Worker-ASYNCSTDOUT
2026-04-29 21:08:37,435 [INFO] in AsyncAppender-Worker-ASYNCSTDOUT - 21:08:37.435 [+79966 ms] WARN  c.j.m.s.FXSerializer$$anon$1 - Unsupported Object: com.sun.scenario.effect.DropShadow@125a718d ... com.sun.scenario.effect.DropShadow - AsyncAppender-Worker-ASYNCSTDOUT
2026-04-29 21:08:37,450 [INFO] in AsyncAppender-Worker-ASYNCSTDOUT - 21:08:37.450 [+79981 ms] WARN  c.j.m.s.FXSerializer$$anon$1 - Unsupported Object: com.sun.scenario.effect.DropShadow@4a970a46 ... com.sun.scenario.effect.DropShadow - AsyncAppender-Worker-ASYNCSTDOUT
2026-04-29 21:08:37,467 [INFO] in AsyncAppender-Worker-ASYNCSTDOUT - 21:08:37.467 [+79998 ms] WARN  c.j.m.s.FXSerializer$$anon$1 - Unsupported Object: com.sun.scenario.effect.DropShadow@7474b088 ... com.sun.scenario.effect.DropShadow - AsyncAppender-Worker-ASYNCSTDOUT
2026-04-29 21:08:37,483 [INFO] in AsyncAppender-Worker-ASYNCSTDOUT - 21:08:37.483 [+80014 ms] WARN  c.j.m.s.FXSerializer$$anon$1 - Unsupported Object: com.sun.scenario.effect.DropShadow@553b7b8f ... com.sun.scenario.effect.DropShadow - AsyncAppender-Worker-ASYNCSTDOUT
2026-04-29 21:08:37,498 [INFO] in AsyncAppender-Worker-ASYNCSTDOUT - 21:08:37.498 [+80029 ms] WARN  c.j.m.s.FXSerializer$$anon$1 - Unsupported Object: com.sun.scenario.effect.DropShadow@983471c ... com.sun.scenario.effect.DropShadow - AsyncAppender-Worker-ASYNCSTDOUT
2026-04-29 21:08:37,498 [INFO] in AsyncAppender-Worker-ASYNCSTDOUT - 21:08:37.498 [+80029 ms] WARN  c.j.m.s.FXSerializer$$anon$1 - Unsupported Object: com.sun.scenario.effect.DropShadow@74f326b ... com.sun.scenario.effect.DropShadow - AsyncAppender-Worker-ASYNCSTDOUT
2026-04-29 21:08:37,516 [INFO] in AsyncAppender-Worker-ASYNCSTDOUT - 21:08:37.515 [+80046 ms] WARN  c.j.m.s.FXSerializer$$anon$1 - Unsupported Object: com.sun.scenario.effect.DropShadow@5108b841 ... com.sun.scenario.effect.DropShadow - AsyncAppender-Worker-ASYNCSTDOUT
2026-04-29 21:08:37,516 [INFO] in AsyncAppender-Worker-ASYNCSTDOUT - 21:08:37.516 [+80047 ms] WARN  c.j.m.s.FXSerializer$$anon$1 - Unsupported Object: com.sun.scenario.effect.DropShadow@46065872 ... com.sun.scenario.effect.DropShadow - AsyncAppender-Worker-ASYNCSTDOUT
2026-04-29 21:08:37,531 [INFO] in AsyncAppender-Worker-ASYNCSTDOUT - 21:08:37.531 [+80062 ms] WARN  c.j.m.s.FXSerializer$$anon$1 - Unsupported Object: com.sun.scenario.effect.DropShadow@615477d8 ... com.sun.scenario.effect.DropShadow - AsyncAppender-Worker-ASYNCSTDOUT
2026-04-29 21:08:37,531 [INFO] in AsyncAppender-Worker-ASYNCSTDOUT - 21:08:37.531 [+80062 ms] WARN  c.j.m.s.FXSerializer$$anon$1 - Unsupported Object: com.sun.scenario.effect.DropShadow@24c502cb ... com.sun.scenario.effect.DropShadow - AsyncAppender-Worker-ASYNCSTDOUT
2026-04-29 21:08:37,545 [INFO] in AsyncAppender-Worker-ASYNCSTDOUT - 21:08:37.545 [+80076 ms] WARN  c.j.m.s.FXSerializer$$anon$1 - Unsupported Object: com.sun.scenario.effect.DropShadow@51571fbe ... com.sun.scenario.effect.DropShadow - AsyncAppender-Worker-ASYNCSTDOUT
2026-04-29 21:08:37,546 [INFO] in AsyncAppender-Worker-ASYNCSTDOUT - 21:08:37.545 [+80076 ms] WARN  c.j.m.s.FXSerializer$$anon$1 - Unsupported Object: com.sun.scenario.effect.DropShadow@705a5762 ... com.sun.scenario.effect.DropShadow - AsyncAppender-Worker-ASYNCSTDOUT
2026-04-29 21:08:37,563 [INFO] in AsyncAppender-Worker-ASYNCSTDOUT - 21:08:37.563 [+80094 ms] WARN  c.j.m.s.FXSerializer$$anon$1 - Unsupported Object: com.sun.scenario.effect.DropShadow@1b65a3f1 ... com.sun.scenario.effect.DropShadow - AsyncAppender-Worker-ASYNCSTDOUT
2026-04-29 21:08:37,563 [INFO] in AsyncAppender-Worker-ASYNCSTDOUT - 21:08:37.563 [+80094 ms] WARN  c.j.m.s.FXSerializer$$anon$1 - Unsupported Object: com.sun.scenario.effect.DropShadow@7aaea10d ... com.sun.scenario.effect.DropShadow - AsyncAppender-Worker-ASYNCSTDOUT
2026-04-29 21:08:37,579 [INFO] in AsyncAppender-Worker-ASYNCSTDOUT - 21:08:37.579 [+80110 ms] WARN  c.j.m.s.FXSerializer$$anon$1 - Unsupported Object: com.sun.scenario.effect.DropShadow@348b456f ... com.sun.scenario.effect.DropShadow - AsyncAppender-Worker-ASYNCSTDOUT
2026-04-29 21:08:37,579 [INFO] in AsyncAppender-Worker-ASYNCSTDOUT - 21:08:37.579 [+80110 ms] WARN  c.j.m.s.FXSerializer$$anon$1 - Unsupported Object: com.sun.scenario.effect.DropShadow@4067d172 ... com.sun.scenario.effect.DropShadow - AsyncAppender-Worker-ASYNCSTDOUT
2026-04-29 21:08:37,596 [INFO] in AsyncAppender-Worker-ASYNCSTDOUT - 21:08:37.595 [+80126 ms] WARN  c.j.m.s.FXSerializer$$anon$1 - Unsupported Object: com.sun.scenario.effect.DropShadow@406a4a9e ... com.sun.scenario.effect.DropShadow - AsyncAppender-Worker-ASYNCSTDOUT
2026-04-29 21:08:37,596 [INFO] in AsyncAppender-Worker-ASYNCSTDOUT - 21:08:37.595 [+80126 ms] WARN  c.j.m.s.FXSerializer$$anon$1 - Unsupported Object: com.sun.scenario.effect.DropShadow@41f3d35d ... com.sun.scenario.effect.DropShadow - AsyncAppender-Worker-ASYNCSTDOUT
2026-04-29 21:08:37,610 [INFO] in AsyncAppender-Worker-ASYNCSTDOUT - 21:08:37.610 [+80141 ms] WARN  c.j.m.s.FXSerializer$$anon$1 - Unsupported Object: com.sun.scenario.effect.DropShadow@47eb1091 ... com.sun.scenario.effect.DropShadow - AsyncAppender-Worker-ASYNCSTDOUT
2026-04-29 21:08:37,610 [INFO] in AsyncAppender-Worker-ASYNCSTDOUT - 21:08:37.610 [+80141 ms] WARN  c.j.m.s.FXSerializer$$anon$1 - Unsupported Object: com.sun.scenario.effect.DropShadow@355a70c1 ... com.sun.scenario.effect.DropShadow - AsyncAppender-Worker-ASYNCSTDOUT
2026-04-29 21:08:37,627 [INFO] in AsyncAppender-Worker-ASYNCSTDOUT - 21:08:37.626 [+80157 ms] WARN  c.j.m.s.FXSerializer$$anon$1 - Unsupported Object: com.sun.scenario.effect.DropShadow@54f006b0 ... com.sun.scenario.effect.DropShadow - AsyncAppender-Worker-ASYNCSTDOUT
2026-04-29 21:08:37,627 [INFO] in AsyncAppender-Worker-ASYNCSTDOUT - 21:08:37.626 [+80157 ms] WARN  c.j.m.s.FXSerializer$$anon$1 - Unsupported Object: com.sun.scenario.effect.DropShadow@21fb7461 ... com.sun.scenario.effect.DropShadow - AsyncAppender-Worker-ASYNCSTDOUT
2026-04-29 21:08:37,643 [INFO] in AsyncAppender-Worker-ASYNCSTDOUT - 21:08:37.642 [+80173 ms] WARN  c.j.m.s.FXSerializer$$anon$1 - Unsupported Object: com.sun.scenario.effect.DropShadow@5f5f64cc ... com.sun.scenario.effect.DropShadow - AsyncAppender-Worker-ASYNCSTDOUT
2026-04-29 21:08:37,643 [INFO] in AsyncAppender-Worker-ASYNCSTDOUT - 21:08:37.643 [+80174 ms] WARN  c.j.m.s.FXSerializer$$anon$1 - Unsupported Object: com.sun.scenario.effect.DropShadow@28c5003e ... com.sun.scenario.effect.DropShadow - AsyncAppender-Worker-ASYNCSTDOUT
2026-04-29 21:08:37,659 [INFO] in AsyncAppender-Worker-ASYNCSTDOUT - 21:08:37.658 [+80189 ms] WARN  c.j.m.s.FXSerializer$$anon$1 - Unsupported Object: com.sun.scenario.effect.DropShadow@2a73cfd ... com.sun.scenario.effect.DropShadow - AsyncAppender-Worker-ASYNCSTDOUT
2026-04-29 21:08:37,659 [INFO] in AsyncAppender-Worker-ASYNCSTDOUT - 21:08:37.659 [+80190 ms] WARN  c.j.m.s.FXSerializer$$anon$1 - Unsupported Object: com.sun.scenario.effect.DropShadow@488724e8 ... com.sun.scenario.effect.DropShadow - AsyncAppender-Worker-ASYNCSTDOUT
2026-04-29 21:08:37,675 [INFO] in AsyncAppender-Worker-ASYNCSTDOUT - 21:08:37.675 [+80206 ms] WARN  c.j.m.s.FXSerializer$$anon$1 - Unsupported Object: com.sun.scenario.effect.DropShadow@66bf40bd ... com.sun.scenario.effect.DropShadow - AsyncAppender-Worker-ASYNCSTDOUT
2026-04-29 21:08:37,675 [INFO] in AsyncAppender-Worker-ASYNCSTDOUT - 21:08:37.675 [+80206 ms] WARN  c.j.m.s.FXSerializer$$anon$1 - Unsupported Object: com.sun.scenario.effect.DropShadow@686324fd ... com.sun.scenario.effect.DropShadow - AsyncAppender-Worker-ASYNCSTDOUT
2026-04-29 21:08:37,691 [INFO] in AsyncAppender-Worker-ASYNCSTDOUT - 21:08:37.690 [+80221 ms] WARN  c.j.m.s.FXSerializer$$anon$1 - Unsupported Object: com.sun.scenario.effect.DropShadow@29421cf2 ... com.sun.scenario.effect.DropShadow - AsyncAppender-Worker-ASYNCSTDOUT
2026-04-29 21:08:37,691 [INFO] in AsyncAppender-Worker-ASYNCSTDOUT - 21:08:37.690 [+80221 ms] WARN  c.j.m.s.FXSerializer$$anon$1 - Unsupported Object: com.sun.scenario.effect.DropShadow@7c8bc1f ... com.sun.scenario.effect.DropShadow - AsyncAppender-Worker-ASYNCSTDOUT
2026-04-29 21:08:37,706 [INFO] in AsyncAppender-Worker-ASYNCSTDOUT - 21:08:37.705 [+80236 ms] WARN  c.j.m.s.FXSerializer$$anon$1 - Unsupported Object: com.sun.scenario.effect.DropShadow@55366058 ... com.sun.scenario.effect.DropShadow - AsyncAppender-Worker-ASYNCSTDOUT
2026-04-29 21:08:37,706 [INFO] in AsyncAppender-Worker-ASYNCSTDOUT - 21:08:37.705 [+80236 ms] WARN  c.j.m.s.FXSerializer$$anon$1 - Unsupported Object: com.sun.scenario.effect.DropShadow@66900a6c ... com.sun.scenario.effect.DropShadow - AsyncAppender-Worker-ASYNCSTDOUT
2026-04-29 21:08:37,722 [INFO] in AsyncAppender-Worker-ASYNCSTDOUT - 21:08:37.721 [+80252 ms] WARN  c.j.m.s.FXSerializer$$anon$1 - Unsupported Object: com.sun.scenario.effect.DropShadow@551f1261 ... com.sun.scenario.effect.DropShadow - AsyncAppender-Worker-ASYNCSTDOUT
2026-04-29 21:08:37,739 [INFO] in AsyncAppender-Worker-ASYNCSTDOUT - 21:08:37.738 [+80269 ms] WARN  c.j.m.s.FXSerializer$$anon$1 - Unsupported Object: com.sun.scenario.effect.DropShadow@759c4718 ... com.sun.scenario.effect.DropShadow - AsyncAppender-Worker-ASYNCSTDOUT
2026-04-29 21:08:37,754 [INFO] in AsyncAppender-Worker-ASYNCSTDOUT - 21:08:37.753 [+80284 ms] WARN  c.j.m.s.FXSerializer$$anon$1 - Unsupported Object: com.sun.scenario.effect.DropShadow@3655327a ... com.sun.scenario.effect.DropShadow - AsyncAppender-Worker-ASYNCSTDOUT
2026-04-29 21:08:37,771 [INFO] in AsyncAppender-Worker-ASYNCSTDOUT - 21:08:37.770 [+80301 ms] WARN  c.j.m.s.FXSerializer$$anon$1 - Unsupported Object: com.sun.scenario.effect.DropShadow@2146691d ... com.sun.scenario.effect.DropShadow - AsyncAppender-Worker-ASYNCSTDOUT
2026-04-29 21:08:37,786 [INFO] in AsyncAppender-Worker-ASYNCSTDOUT - 21:08:37.785 [+80316 ms] WARN  c.j.m.s.FXSerializer$$anon$1 - Unsupported Object: com.sun.scenario.effect.DropShadow@715d1c8c ... com.sun.scenario.effect.DropShadow - AsyncAppender-Worker-ASYNCSTDOUT
2026-04-29 21:08:49,571 [INFO] in AsyncAppender-Worker-ASYNCSTDOUT - 21:08:49.571 [+92102 ms] WARN  javafx.css - Caught 'java.lang.ClassCastException: class java.lang.String cannot be cast to class javafx.scene.paint.Paint (java.lang.String is in module java.base of loader 'bootstrap'; javafx.scene.paint.Paint is in unnamed module of loader 'app')' while converting value for '-fx-background-color' from inline style on Button@448d09ed[styleClass=button exit-back-button]'' - AsyncAppender-Worker-ASYNCSTDOUT
2026-04-29 21:08:49,603 [INFO] in AsyncAppender-Worker-ASYNCSTDOUT - 21:08:49.603 [+92134 ms] INFO  c.j.m.t.SceneInputListener - On disposing SceneInputListener: primaryScene.window was null. Skipped the forced release of the mouse. - AsyncAppender-Worker-ASYNCSTDOUT
2026-04-29 21:08:56,329 [INFO] in AsyncAppender-Worker-ASYNCSTDOUT - 21:08:56.329 [+98860 ms] WARN  javafx.css - Caught 'java.lang.ClassCastException: class java.lang.String cannot be cast to class javafx.scene.paint.Paint (java.lang.String is in module java.base of loader 'bootstrap'; javafx.scene.paint.Paint is in unnamed module of loader 'app')' while converting value for '-fx-background-color' from inline style on Button@448d09ed[styleClass=button exit-back-button]'' - AsyncAppender-Worker-ASYNCSTDOUT
2026-04-29 21:08:57,442 [INFO] in JavaFX Application Thread - Menu Controller đã được khởi tạo! - JavaFX Application Thread
2026-04-29 21:08:57,447 [INFO] in JavaFX Application Thread - Nhạc nền menu đang phát... - JavaFX Application Thread
2026-04-29 21:08:57,473 [INFO] in AsyncAppender-Worker-ASYNCSTDOUT - 21:08:57.472 [+100003 ms] INFO  c.j.m.t.SceneInputListener - On disposing SceneInputListener: primaryScene.window was null. Skipped the forced release of the mouse. - AsyncAppender-Worker-ASYNCSTDOUT
2026-04-29 21:08:58,567 [INFO] in JavaFX Application Thread - Nút Settings đã được bấm!  - JavaFX Application Thread
2026-04-29 21:09:00,491 [INFO] in JavaFX Application Thread - Nút Exit đã được bấm! Tạm biệt. - JavaFX Application Thread
2026-04-29 21:09:15,943 [INFO] in AsyncAppender-Worker-ASYNCSTDOUT - 21:09:15.943 [+118474 ms] INFO  c.j.i.s.JProWSEndpoint - Frame received after poison, ignoring - AsyncAppender-Worker-ASYNCSTDOUT
2026-04-29 21:09:15,943 [INFO] in AsyncAppender-Worker-ASYNCSTDOUT - 21:09:15.943 [+118474 ms] INFO  c.j.i.s.JProWSEndpoint - WebSocket for [default] closed: 1000 – tab-closed - AsyncAppender-Worker-ASYNCSTDOUT
2026-04-29 21:12:22,875 [INFO] in AsyncAppender-Worker-ASYNCSTDOUT - 21:12:22.872 [+618 ms] INFO  c.jpro.activity - Starting the server - AsyncAppender-Worker-ASYNCSTDOUT
2026-04-29 21:12:22,876 [INFO] in AsyncAppender-Worker-ASYNCSTDOUT - 21:12:22.873 [+619 ms] INFO  c.j.i.s.JProInitializer$ -  *** Starting JPro: https://www.jpro.one/ *** - AsyncAppender-Worker-ASYNCSTDOUT
2026-04-29 21:12:22,877 [INFO] in AsyncAppender-Worker-ASYNCSTDOUT - 21:12:22.873 [+619 ms] INFO  c.j.i.s.JProInitializer$ - OS: Windows 11 - AsyncAppender-Worker-ASYNCSTDOUT
2026-04-29 21:12:22,881 [INFO] in AsyncAppender-Worker-ASYNCSTDOUT - 21:12:22.880 [+626 ms] INFO  c.j.i.s.JProInitializer$ - JPro: 2026.1.1 - AsyncAppender-Worker-ASYNCSTDOUT
2026-04-29 21:12:22,881 [INFO] in AsyncAppender-Worker-ASYNCSTDOUT - 21:12:22.880 [+626 ms] INFO  c.j.i.s.JProInitializer$ - Java version: 26.0.1 - AsyncAppender-Worker-ASYNCSTDOUT
2026-04-29 21:12:22,881 [INFO] in AsyncAppender-Worker-ASYNCSTDOUT - 21:12:22.880 [+626 ms] INFO  c.j.i.s.JProInitializer$ - JVM: 26.0.1 Oracle Corporation - AsyncAppender-Worker-ASYNCSTDOUT
2026-04-29 21:12:22,882 [INFO] in AsyncAppender-Worker-ASYNCSTDOUT - 21:12:22.882 [+628 ms] INFO  c.j.i.s.JProInitializer$ - JavaFX jar: file:/C:/Users/lehas/.m2/repository/org/openjfx/javafx-graphics/25.0.2-jpro+1/javafx-graphics-25.0.2-jpro+1-win.jar - AsyncAppender-Worker-ASYNCSTDOUT
2026-04-29 21:12:22,886 [INFO] in AsyncAppender-Worker-ASYNCSTDOUT - 21:12:22.885 [+631 ms] INFO  c.j.i.s.JProInitializer$ - Configuring logging from url: 'jar:file:/C:/Users/lehas/.m2/repository/one/jpro/jpro-server_2.12/2026.1.1/jpro-server_2.12-2026.1.1.jar!/logback-jpro-default.xml' - AsyncAppender-Worker-ASYNCSTDOUT
2026-04-29 21:12:23,552 [INFO] in AsyncAppender-Worker-ASYNCSTDOUT - 21:12:23.552 [+1298 ms] INFO  c.j.i.s.JProInitializer$ - JavaFX version: 25.0.2-jpro+1 - AsyncAppender-Worker-ASYNCSTDOUT
2026-04-29 21:12:23,639 [INFO] in JavaFX Application Thread - G1 Young Generation - JavaFX Application Thread
2026-04-29 21:12:23,639 [INFO] in JavaFX Application Thread - G1 Concurrent GC - JavaFX Application Thread
2026-04-29 21:12:23,639 [INFO] in JavaFX Application Thread - G1 Old Generation - JavaFX Application Thread
2026-04-29 21:12:23,661 [INFO] in AsyncAppender-Worker-ASYNCSTDOUT - 21:12:23.660 [+1406 ms] INFO  c.j.i.s.JProInitializer$ - finished init! - AsyncAppender-Worker-ASYNCSTDOUT
2026-04-29 21:12:23,666 [INFO] in AsyncAppender-Worker-ASYNCSTDOUT - 21:12:23.665 [+1411 ms] INFO  c.j.i.s.JProInitializer$ - [JPro] -> Server started: {start_time: 1777471942871, os_name: Windows 11, jpro_version: 2026.1.1, pid: 12804, servername: A796} - AsyncAppender-Worker-ASYNCSTDOUT
2026-04-29 21:12:23,753 [INFO] in AsyncAppender-Worker-ASYNCSTDOUT - 21:12:23.753 [+1499 ms] INFO  c.j.i.s.Route$ - Creating routing for JPro server - AsyncAppender-Worker-ASYNCSTDOUT
2026-04-29 21:12:23,823 [INFO] in AsyncAppender-Worker-ASYNCSTDOUT - 21:12:23.822 [+1568 ms] INFO  i.h.c.f.HelidonFeatures - Helidon SE 4.2.6 features: [Config, Encoding, Media, Metrics, Registry, WebServer, WebSocket] - AsyncAppender-Worker-ASYNCSTDOUT
2026-04-29 21:12:23,831 [INFO] in AsyncAppender-Worker-ASYNCSTDOUT - 21:12:23.831 [+1577 ms] INFO  i.h.w.ServerListener - [0x71d6aa45] http://0.0.0.0:8080 bound for socket '@default' - AsyncAppender-Worker-ASYNCSTDOUT
2026-04-29 21:12:23,833 [ERROR] in Thread-0 - There is no Helidon logging implementation on classpath, skipping log configuration. - Thread-0
2026-04-29 21:12:23,838 [INFO] in AsyncAppender-Worker-ASYNCSTDOUT - 21:12:23.837 [+1583 ms] INFO  i.h.w.LoomServer - Started all channels in 21 milliseconds. 2073 milliseconds since JVM startup. Java 26.0.1+8-34 - AsyncAppender-Worker-ASYNCSTDOUT
2026-04-29 21:12:23,839 [INFO] in Thread-0 - Server started at http://localhost:8080 - Thread-0
2026-04-29 21:12:24,788 [INFO] in AsyncAppender-Worker-ASYNCSTDOUT - 21:12:24.788 [+2534 ms] INFO  c.j.i.s.JProWSEndpoint - application requested: default params: Map() - AsyncAppender-Worker-ASYNCSTDOUT
2026-04-29 21:12:24,789 [INFO] in AsyncAppender-Worker-ASYNCSTDOUT - 21:12:24.788 [+2534 ms] INFO  c.j.i.s.JProWSEndpoint - Creating Application: default - AsyncAppender-Worker-ASYNCSTDOUT
2026-04-29 21:12:24,789 [INFO] in AsyncAppender-Worker-ASYNCSTDOUT - 21:12:24.789 [+2535 ms] INFO  c.j.i.s.JProWSEndpoint - remoteAddress 0:0:0:0:0:0:0:1 - AsyncAppender-Worker-ASYNCSTDOUT
2026-04-29 21:12:24,789 [INFO] in AsyncAppender-Worker-ASYNCSTDOUT - 21:12:24.789 [+2535 ms] INFO  c.j.i.s.JProWSEndpoint - host           - AsyncAppender-Worker-ASYNCSTDOUT
2026-04-29 21:12:24,789 [INFO] in AsyncAppender-Worker-ASYNCSTDOUT - 21:12:24.789 [+2535 ms] INFO  c.j.i.s.JProWSEndpoint - uri           /app/ws/default - AsyncAppender-Worker-ASYNCSTDOUT
2026-04-29 21:12:24,798 [INFO] in AsyncAppender-Worker-ASYNCSTDOUT - 21:12:24.797 [+2543 ms] INFO  c.j.i.s.JProWSEndpoint - Application found. - AsyncAppender-Worker-ASYNCSTDOUT
2026-04-29 21:12:24,854 [INFO] in AsyncAppender-Worker-ASYNCSTDOUT - 21:12:24.854 [+2600 ms] INFO  c.j.i.s.JProWSEndpoint - Handshake received: 1fc848e7be83856bef963b103116f03f - AsyncAppender-Worker-ASYNCSTDOUT
2026-04-29 21:12:25,099 [INFO] in AsyncAppender-Worker-ASYNCSTDOUT - 21:12:25.099 [+2845 ms] INFO  c.j.i.s.ViewInfo$ - [JPro] -> View created: {app_name: default, host_name: localhost:8080, instance_id: 9qe88ypw6opsmqa68r0fbiv0t, browser: Microsoft Edge 147.0.0.0, browser_url: http://localhost:8080/, client_ip: 0:0:0:0:0:0:0:1} - AsyncAppender-Worker-ASYNCSTDOUT
2026-04-29 21:12:25,322 [INFO] in JavaFX Application Thread - Menu Controller đã được khởi tạo! - JavaFX Application Thread
2026-04-29 21:12:25,842 [INFO] in JavaFX Application Thread - Nhạc nền menu đang phát... - JavaFX Application Thread
2026-04-29 21:12:26,222 [INFO] in AsyncAppender-Worker-ASYNCSTDOUT - 21:12:26.221 [+3967 ms] INFO  c.j.i.c.InstanceImpl - [JPro] -> Instance created: {app_name: default, host_name: localhost:8080, instance_id: 9qe88ypw6opsmqa68r0fbiv0t, browser: Microsoft Edge 147.0.0.0, browser_url: http://localhost:8080/, client_ip: 0:0:0:0:0:0:0:1} - AsyncAppender-Worker-ASYNCSTDOUT
2026-04-29 21:15:52,368 [INFO] in AsyncAppender-Worker-ASYNCSTDOUT - 21:15:52.362 [+635 ms] INFO  c.jpro.activity - Starting the server - AsyncAppender-Worker-ASYNCSTDOUT
2026-04-29 21:15:52,369 [INFO] in AsyncAppender-Worker-ASYNCSTDOUT - 21:15:52.365 [+638 ms] INFO  c.j.i.s.JProInitializer$ -  *** Starting JPro: https://www.jpro.one/ *** - AsyncAppender-Worker-ASYNCSTDOUT
2026-04-29 21:15:52,371 [INFO] in AsyncAppender-Worker-ASYNCSTDOUT - 21:15:52.365 [+638 ms] INFO  c.j.i.s.JProInitializer$ - OS: Windows 11 - AsyncAppender-Worker-ASYNCSTDOUT
2026-04-29 21:15:52,383 [INFO] in AsyncAppender-Worker-ASYNCSTDOUT - 21:15:52.382 [+655 ms] INFO  c.j.i.s.JProInitializer$ - JPro: 2026.1.1 - AsyncAppender-Worker-ASYNCSTDOUT
2026-04-29 21:15:52,384 [INFO] in AsyncAppender-Worker-ASYNCSTDOUT - 21:15:52.383 [+656 ms] INFO  c.j.i.s.JProInitializer$ - Java version: 26.0.1 - AsyncAppender-Worker-ASYNCSTDOUT
2026-04-29 21:15:52,384 [INFO] in AsyncAppender-Worker-ASYNCSTDOUT - 21:15:52.383 [+656 ms] INFO  c.j.i.s.JProInitializer$ - JVM: 26.0.1 Oracle Corporation - AsyncAppender-Worker-ASYNCSTDOUT
2026-04-29 21:15:52,386 [INFO] in AsyncAppender-Worker-ASYNCSTDOUT - 21:15:52.386 [+659 ms] INFO  c.j.i.s.JProInitializer$ - JavaFX jar: file:/C:/Users/lehas/.m2/repository/org/openjfx/javafx-graphics/25.0.2-jpro+1/javafx-graphics-25.0.2-jpro+1-win.jar - AsyncAppender-Worker-ASYNCSTDOUT
2026-04-29 21:15:52,392 [INFO] in AsyncAppender-Worker-ASYNCSTDOUT - 21:15:52.390 [+663 ms] INFO  c.j.i.s.JProInitializer$ - Configuring logging from url: 'jar:file:/C:/Users/lehas/.m2/repository/one/jpro/jpro-server_2.12/2026.1.1/jpro-server_2.12-2026.1.1.jar!/logback-jpro-default.xml' - AsyncAppender-Worker-ASYNCSTDOUT
2026-04-29 21:15:53,200 [INFO] in AsyncAppender-Worker-ASYNCSTDOUT - 21:15:53.199 [+1472 ms] INFO  c.j.i.s.JProInitializer$ - JavaFX version: 25.0.2-jpro+1 - AsyncAppender-Worker-ASYNCSTDOUT
2026-04-29 21:15:53,280 [INFO] in JavaFX Application Thread - G1 Young Generation - JavaFX Application Thread
2026-04-29 21:15:53,281 [INFO] in JavaFX Application Thread - G1 Concurrent GC - JavaFX Application Thread
2026-04-29 21:15:53,281 [INFO] in JavaFX Application Thread - G1 Old Generation - JavaFX Application Thread
2026-04-29 21:15:53,301 [INFO] in AsyncAppender-Worker-ASYNCSTDOUT - 21:15:53.301 [+1574 ms] INFO  c.j.i.s.JProInitializer$ - finished init! - AsyncAppender-Worker-ASYNCSTDOUT
2026-04-29 21:15:53,305 [INFO] in AsyncAppender-Worker-ASYNCSTDOUT - 21:15:53.304 [+1577 ms] INFO  c.j.i.s.JProInitializer$ - [JPro] -> Server started: {start_time: 1777472152360, os_name: Windows 11, jpro_version: 2026.1.1, pid: 5916, servername: N434} - AsyncAppender-Worker-ASYNCSTDOUT
2026-04-29 21:15:53,370 [INFO] in AsyncAppender-Worker-ASYNCSTDOUT - 21:15:53.370 [+1643 ms] INFO  c.j.i.s.Route$ - Creating routing for JPro server - AsyncAppender-Worker-ASYNCSTDOUT
2026-04-29 21:15:53,424 [INFO] in AsyncAppender-Worker-ASYNCSTDOUT - 21:15:53.424 [+1697 ms] INFO  i.h.c.f.HelidonFeatures - Helidon SE 4.2.6 features: [Config, Encoding, Media, Metrics, Registry, WebServer, WebSocket] - AsyncAppender-Worker-ASYNCSTDOUT
2026-04-29 21:15:53,432 [INFO] in AsyncAppender-Worker-ASYNCSTDOUT - 21:15:53.431 [+1704 ms] INFO  i.h.w.ServerListener - [0x18fa279f] http://0.0.0.0:8080 bound for socket '@default' - AsyncAppender-Worker-ASYNCSTDOUT
2026-04-29 21:15:53,433 [ERROR] in Thread-0 - There is no Helidon logging implementation on classpath, skipping log configuration. - Thread-0
2026-04-29 21:15:53,436 [INFO] in AsyncAppender-Worker-ASYNCSTDOUT - 21:15:53.436 [+1709 ms] INFO  i.h.w.LoomServer - Started all channels in 16 milliseconds. 2071 milliseconds since JVM startup. Java 26.0.1+8-34 - AsyncAppender-Worker-ASYNCSTDOUT
2026-04-29 21:15:53,437 [INFO] in Thread-0 - Server started at http://localhost:8080 - Thread-0
2026-04-29 21:15:54,311 [INFO] in AsyncAppender-Worker-ASYNCSTDOUT - 21:15:54.311 [+2584 ms] INFO  c.j.i.s.JProWSEndpoint - application requested: default params: Map() - AsyncAppender-Worker-ASYNCSTDOUT
2026-04-29 21:15:54,312 [INFO] in AsyncAppender-Worker-ASYNCSTDOUT - 21:15:54.312 [+2585 ms] INFO  c.j.i.s.JProWSEndpoint - Creating Application: default - AsyncAppender-Worker-ASYNCSTDOUT
2026-04-29 21:15:54,312 [INFO] in AsyncAppender-Worker-ASYNCSTDOUT - 21:15:54.312 [+2585 ms] INFO  c.j.i.s.JProWSEndpoint - remoteAddress 0:0:0:0:0:0:0:1 - AsyncAppender-Worker-ASYNCSTDOUT
2026-04-29 21:15:54,312 [INFO] in AsyncAppender-Worker-ASYNCSTDOUT - 21:15:54.312 [+2585 ms] INFO  c.j.i.s.JProWSEndpoint - host           - AsyncAppender-Worker-ASYNCSTDOUT
2026-04-29 21:15:54,312 [INFO] in AsyncAppender-Worker-ASYNCSTDOUT - 21:15:54.312 [+2585 ms] INFO  c.j.i.s.JProWSEndpoint - uri           /app/ws/default - AsyncAppender-Worker-ASYNCSTDOUT
2026-04-29 21:15:54,322 [INFO] in AsyncAppender-Worker-ASYNCSTDOUT - 21:15:54.321 [+2594 ms] INFO  c.j.i.s.JProWSEndpoint - Application found. - AsyncAppender-Worker-ASYNCSTDOUT
2026-04-29 21:15:54,377 [INFO] in AsyncAppender-Worker-ASYNCSTDOUT - 21:15:54.376 [+2649 ms] INFO  c.j.i.s.JProWSEndpoint - Handshake received: 1fc848e7be83856bef963b103116f03f - AsyncAppender-Worker-ASYNCSTDOUT
2026-04-29 21:15:54,627 [INFO] in AsyncAppender-Worker-ASYNCSTDOUT - 21:15:54.626 [+2899 ms] INFO  c.j.i.s.ViewInfo$ - [JPro] -> View created: {app_name: default, host_name: localhost:8080, instance_id: btk3aup5u8l8viijkfyx6a1mq, browser: Microsoft Edge 147.0.0.0, browser_url: http://localhost:8080/, client_ip: 0:0:0:0:0:0:0:1} - AsyncAppender-Worker-ASYNCSTDOUT
2026-04-29 21:15:54,873 [INFO] in JavaFX Application Thread - Menu Controller đã được khởi tạo! - JavaFX Application Thread
2026-04-29 21:15:55,332 [INFO] in JavaFX Application Thread - Nhạc nền menu đang phát... - JavaFX Application Thread
2026-04-29 21:15:55,688 [INFO] in AsyncAppender-Worker-ASYNCSTDOUT - 21:15:55.687 [+3960 ms] INFO  c.j.i.c.InstanceImpl - [JPro] -> Instance created: {app_name: default, host_name: localhost:8080, instance_id: btk3aup5u8l8viijkfyx6a1mq, browser: Microsoft Edge 147.0.0.0, browser_url: http://localhost:8080/, client_ip: 0:0:0:0:0:0:0:1} - AsyncAppender-Worker-ASYNCSTDOUT
2026-04-29 21:15:55,769 [INFO] in AsyncAppender-Worker-ASYNCSTDOUT - 21:15:55.768 [+4041 ms] INFO  c.j.i.s.JProWSEndpoint - application requested: default params: Map(instanceID -> 9qe88ypw6opsmqa68r0fbiv0t) - AsyncAppender-Worker-ASYNCSTDOUT
2026-04-29 21:15:55,769 [INFO] in AsyncAppender-Worker-ASYNCSTDOUT - 21:15:55.769 [+4042 ms] INFO  c.j.i.s.JProWSEndpoint - Creating Application: default - AsyncAppender-Worker-ASYNCSTDOUT
2026-04-29 21:15:55,769 [INFO] in AsyncAppender-Worker-ASYNCSTDOUT - 21:15:55.769 [+4042 ms] INFO  c.j.i.s.JProWSEndpoint - remoteAddress 0:0:0:0:0:0:0:1 - AsyncAppender-Worker-ASYNCSTDOUT
2026-04-29 21:15:55,769 [INFO] in AsyncAppender-Worker-ASYNCSTDOUT - 21:15:55.769 [+4042 ms] INFO  c.j.i.s.JProWSEndpoint - host           - AsyncAppender-Worker-ASYNCSTDOUT
2026-04-29 21:15:55,769 [INFO] in AsyncAppender-Worker-ASYNCSTDOUT - 21:15:55.769 [+4042 ms] INFO  c.j.i.s.JProWSEndpoint - uri           /app/ws/default?instanceID=9qe88ypw6opsmqa68r0fbiv0t - AsyncAppender-Worker-ASYNCSTDOUT
2026-04-29 21:15:55,771 [INFO] in AsyncAppender-Worker-ASYNCSTDOUT - 21:15:55.771 [+4044 ms] INFO  c.j.i.s.JProWSEndpoint - Application found. - AsyncAppender-Worker-ASYNCSTDOUT
2026-04-29 21:15:55,777 [INFO] in AsyncAppender-Worker-ASYNCSTDOUT - 21:15:55.776 [+4049 ms] INFO  c.j.i.s.JProWSEndpoint - Handshake received: 1fc848e7be83856bef963b103116f03f - AsyncAppender-Worker-ASYNCSTDOUT
2026-04-29 21:15:56,038 [INFO] in AsyncAppender-Worker-ASYNCSTDOUT - 21:15:56.037 [+4310 ms] INFO  c.j.i.s.ViewInfo$ - [JPro] -> View created: {app_name: default, host_name: localhost:8080, instance_id: 1ozwuxih5wr5rv7qn2eap3dgt, browser: Microsoft Edge 147.0.0.0, browser_url: http://localhost:8080/, client_ip: 0:0:0:0:0:0:0:1} - AsyncAppender-Worker-ASYNCSTDOUT
2026-04-29 21:15:56,081 [INFO] in JavaFX Application Thread - Menu Controller đã được khởi tạo! - JavaFX Application Thread
2026-04-29 21:15:56,095 [INFO] in JavaFX Application Thread - Nhạc nền menu đang phát... - JavaFX Application Thread
2026-04-29 21:15:56,197 [INFO] in AsyncAppender-Worker-ASYNCSTDOUT - 21:15:56.197 [+4470 ms] INFO  c.j.i.c.InstanceImpl - [JPro] -> Instance created: {app_name: default, host_name: localhost:8080, instance_id: 1ozwuxih5wr5rv7qn2eap3dgt, browser: Microsoft Edge 147.0.0.0, browser_url: http://localhost:8080/, client_ip: 0:0:0:0:0:0:0:1} - AsyncAppender-Worker-ASYNCSTDOUT
2026-04-29 21:15:56,391 [INFO] in AsyncAppender-Worker-ASYNCSTDOUT - 21:15:56.391 [+4664 ms] INFO  c.j.i.s.JProWSEndpoint - Frame received after poison, ignoring - AsyncAppender-Worker-ASYNCSTDOUT
2026-04-29 21:15:56,391 [INFO] in AsyncAppender-Worker-ASYNCSTDOUT - 21:15:56.391 [+4664 ms] INFO  c.j.i.s.JProWSEndpoint - WebSocket for [default] closed: 1000 – tab-closed - AsyncAppender-Worker-ASYNCSTDOUT
2026-04-29 21:15:56,393 [INFO] in AsyncAppender-Worker-ASYNCSTDOUT - 21:15:56.393 [+4666 ms] INFO  c.j.i.s.ViewInfo$ - [JPro] -> View closed: {app_name: default, host_name: localhost:8080, instance_id: 1ozwuxih5wr5rv7qn2eap3dgt, browser: Microsoft Edge 147.0.0.0, browser_url: http://localhost:8080/, client_ip: 0:0:0:0:0:0:0:1, reason: tab-closed} - AsyncAppender-Worker-ASYNCSTDOUT
2026-04-29 21:15:56,397 [INFO] in AsyncAppender-Worker-ASYNCSTDOUT - 21:15:56.396 [+4669 ms] INFO  c.j.i.s.ViewInfo$ -  - AsyncAppender-Worker-ASYNCSTDOUT
2026-04-29 21:15:56,397 [INFO] in AsyncAppender-Worker-ASYNCSTDOUT - 21:15:56.397 [+4670 ms] INFO  c.j.i.s.ViewInfo$ - Application closed: - AsyncAppender-Worker-ASYNCSTDOUT
2026-04-29 21:15:56,407 [INFO] in AsyncAppender-Worker-ASYNCSTDOUT - 21:15:56.406 [+4679 ms] INFO  c.j.i.s.ViewInfo$ - startTime      : Wed Apr 29 21:15:56 GMT+07:00 2026       - AsyncAppender-Worker-ASYNCSTDOUT
2026-04-29 21:15:56,407 [INFO] in AsyncAppender-Worker-ASYNCSTDOUT - 21:15:56.407 [+4680 ms] INFO  c.j.i.s.ViewInfo$ - duration       : 00:00:00.357  - AsyncAppender-Worker-ASYNCSTDOUT
2026-04-29 21:15:56,408 [INFO] in AsyncAppender-Worker-ASYNCSTDOUT - 21:15:56.407 [+4680 ms] INFO  c.j.i.s.ViewInfo$ - averageLatency : 00:00:00.000  - AsyncAppender-Worker-ASYNCSTDOUT
2026-04-29 21:15:56,408 [INFO] in AsyncAppender-Worker-ASYNCSTDOUT - 21:15:56.407 [+4680 ms] INFO  c.j.i.s.ViewInfo$ - averageJitter  : 00:00:00.000   - AsyncAppender-Worker-ASYNCSTDOUT
2026-04-29 21:15:56,408 [INFO] in AsyncAppender-Worker-ASYNCSTDOUT - 21:15:56.408 [+4681 ms] INFO  c.j.i.s.ViewInfo$ - framerateServer: 00:00:00.000 - AsyncAppender-Worker-ASYNCSTDOUT
2026-04-29 21:15:56,408 [INFO] in AsyncAppender-Worker-ASYNCSTDOUT - 21:15:56.408 [+4681 ms] INFO  c.j.i.s.ViewInfo$ - framerateClient: 00:00:00.000 - AsyncAppender-Worker-ASYNCSTDOUT
2026-04-29 21:15:56,408 [INFO] in AsyncAppender-Worker-ASYNCSTDOUT - 21:15:56.408 [+4681 ms] INFO  c.j.i.s.ViewInfo$ - raw            : 13924 - AsyncAppender-Worker-ASYNCSTDOUT
2026-04-29 21:15:56,408 [INFO] in AsyncAppender-Worker-ASYNCSTDOUT - 21:15:56.408 [+4681 ms] INFO  c.j.i.s.ViewInfo$ - zipped         : 2319 - AsyncAppender-Worker-ASYNCSTDOUT
2026-04-29 21:15:56,408 [INFO] in AsyncAppender-Worker-ASYNCSTDOUT - 21:15:56.408 [+4681 ms] INFO  c.j.i.s.ViewInfo$ -  - AsyncAppender-Worker-ASYNCSTDOUT
2026-04-29 21:15:56,410 [ERROR] in JavaFX Application Thread - java.lang.AssertionError: assertion failed: Can't dispose, the JPro view is no longer active. Close reason was: tab-closed - JavaFX Application Thread
2026-04-29 21:15:56,410 [ERROR] in JavaFX Application Thread - 	at scala.Predef$.assert(Predef.scala:223) - JavaFX Application Thread
2026-04-29 21:15:56,411 [ERROR] in JavaFX Application Thread - 	at com.jpro.internal.communicator.ViewImpl.dispose(ViewImpl.scala:226) - JavaFX Application Thread
2026-04-29 21:15:56,411 [ERROR] in JavaFX Application Thread - 	at com.jpro.internal.server.JProWSEndpoint.$anonfun$disposeIfNeeded$1(JProWSEndpoint.scala:242) - JavaFX Application Thread
2026-04-29 21:15:56,411 [ERROR] in JavaFX Application Thread - 	at scala.runtime.java8.JFunction0$mcV$sp.apply(JFunction0$mcV$sp.java:23) - JavaFX Application Thread
2026-04-29 21:15:56,411 [ERROR] in JavaFX Application Thread - 	at simplefx.cores.standard.parts.CoreTimeEvent$$anon$3.run(CoreTimeEvent.scala:62) - JavaFX Application Thread
2026-04-29 21:15:56,411 [ERROR] in JavaFX Application Thread - 	at com.sun.javafx.application.PlatformImpl.lambda$runLater$0(PlatformImpl.java:425) - JavaFX Application Thread
2026-04-29 21:15:56,411 [ERROR] in JavaFX Application Thread - 	at com.sun.glass.ui.monocle.RunnableProcessor.runLoop(RunnableProcessor.java:92) - JavaFX Application Thread
2026-04-29 21:15:56,411 [ERROR] in JavaFX Application Thread - 	at com.sun.glass.ui.monocle.RunnableProcessor.run(RunnableProcessor.java:51) - JavaFX Application Thread
2026-04-29 21:15:56,411 [ERROR] in JavaFX Application Thread - 	at java.base/java.lang.Thread.run(Thread.java:1516) - JavaFX Application Thread
2026-04-29 21:15:56,411 [ERROR] in JavaFX Application Thread - Exception in thread "JavaFX Application Thread" java.lang.AssertionError: assertion failed: Can't dispose, the JPro view is no longer active. Close reason was: tab-closed - JavaFX Application Thread
2026-04-29 21:15:56,411 [ERROR] in JavaFX Application Thread - 	at scala.Predef$.assert(Predef.scala:223) - JavaFX Application Thread
2026-04-29 21:15:56,412 [ERROR] in JavaFX Application Thread - 	at com.jpro.internal.communicator.ViewImpl.dispose(ViewImpl.scala:226) - JavaFX Application Thread
2026-04-29 21:15:56,412 [ERROR] in JavaFX Application Thread - 	at com.jpro.internal.server.JProWSEndpoint.$anonfun$disposeIfNeeded$1(JProWSEndpoint.scala:242) - JavaFX Application Thread
2026-04-29 21:15:56,412 [ERROR] in JavaFX Application Thread - 	at scala.runtime.java8.JFunction0$mcV$sp.apply(JFunction0$mcV$sp.java:23) - JavaFX Application Thread
2026-04-29 21:15:56,412 [ERROR] in JavaFX Application Thread - 	at simplefx.cores.standard.parts.CoreTimeEvent$$anon$3.run(CoreTimeEvent.scala:62) - JavaFX Application Thread
2026-04-29 21:15:56,412 [ERROR] in JavaFX Application Thread - 	at com.sun.javafx.application.PlatformImpl.lambda$runLater$0(PlatformImpl.java:425) - JavaFX Application Thread
2026-04-29 21:15:56,412 [ERROR] in JavaFX Application Thread - 	at com.sun.glass.ui.monocle.RunnableProcessor.runLoop(RunnableProcessor.java:92) - JavaFX Application Thread
2026-04-29 21:15:56,412 [ERROR] in JavaFX Application Thread - 	at com.sun.glass.ui.monocle.RunnableProcessor.run(RunnableProcessor.java:51) - JavaFX Application Thread
2026-04-29 21:15:56,412 [ERROR] in JavaFX Application Thread - 	at java.base/java.lang.Thread.run(Thread.java:1516) - JavaFX Application Thread
2026-04-29 21:15:57,401 [INFO] in AsyncAppender-Worker-ASYNCSTDOUT - 21:15:57.401 [+5674 ms] INFO  c.j.i.c.InstanceImpl - [JPro] -> Instance closed: {app_name: default, host_name: localhost:8080, instance_id: 1ozwuxih5wr5rv7qn2eap3dgt, browser: Microsoft Edge 147.0.0.0, browser_url: http://localhost:8080/, client_ip: 0:0:0:0:0:0:0:1, reason: close-tab-closed} - AsyncAppender-Worker-ASYNCSTDOUT
2026-04-29 21:15:59,707 [INFO] in AsyncAppender-Worker-ASYNCSTDOUT - 21:15:59.707 [+7980 ms] INFO  c.j.i.s.JProWSEndpoint - Frame received after poison, ignoring - AsyncAppender-Worker-ASYNCSTDOUT
2026-04-29 21:15:59,707 [INFO] in AsyncAppender-Worker-ASYNCSTDOUT - 21:15:59.707 [+7980 ms] INFO  c.j.i.s.JProWSEndpoint - WebSocket for [default] closed: 1000 – tab-closed - AsyncAppender-Worker-ASYNCSTDOUT
2026-04-29 21:15:59,707 [INFO] in AsyncAppender-Worker-ASYNCSTDOUT - 21:15:59.707 [+7980 ms] INFO  c.j.i.s.ViewInfo$ - [JPro] -> View closed: {app_name: default, host_name: localhost:8080, instance_id: btk3aup5u8l8viijkfyx6a1mq, browser: Microsoft Edge 147.0.0.0, browser_url: http://localhost:8080/, client_ip: 0:0:0:0:0:0:0:1, reason: tab-closed} - AsyncAppender-Worker-ASYNCSTDOUT
2026-04-29 21:15:59,710 [INFO] in AsyncAppender-Worker-ASYNCSTDOUT - 21:15:59.710 [+7983 ms] INFO  c.j.i.s.ViewInfo$ -  - AsyncAppender-Worker-ASYNCSTDOUT
2026-04-29 21:15:59,710 [INFO] in AsyncAppender-Worker-ASYNCSTDOUT - 21:15:59.710 [+7983 ms] INFO  c.j.i.s.ViewInfo$ - Application closed: - AsyncAppender-Worker-ASYNCSTDOUT
2026-04-29 21:15:59,710 [INFO] in AsyncAppender-Worker-ASYNCSTDOUT - 21:15:59.710 [+7983 ms] INFO  c.j.i.s.ViewInfo$ - startTime      : Wed Apr 29 21:15:54 GMT+07:00 2026       - AsyncAppender-Worker-ASYNCSTDOUT
2026-04-29 21:15:59,710 [INFO] in AsyncAppender-Worker-ASYNCSTDOUT - 21:15:59.710 [+7983 ms] INFO  c.j.i.s.ViewInfo$ - duration       : 00:00:05.184  - AsyncAppender-Worker-ASYNCSTDOUT
2026-04-29 21:15:59,711 [INFO] in AsyncAppender-Worker-ASYNCSTDOUT - 21:15:59.710 [+7983 ms] INFO  c.j.i.s.ViewInfo$ - averageLatency : 00:00:00.003  - AsyncAppender-Worker-ASYNCSTDOUT
2026-04-29 21:15:59,711 [INFO] in AsyncAppender-Worker-ASYNCSTDOUT - 21:15:59.710 [+7983 ms] INFO  c.j.i.s.ViewInfo$ - averageJitter  : 00:00:00.004   - AsyncAppender-Worker-ASYNCSTDOUT
2026-04-29 21:15:59,711 [INFO] in AsyncAppender-Worker-ASYNCSTDOUT - 21:15:59.710 [+7983 ms] INFO  c.j.i.s.ViewInfo$ - framerateServer: 00:00:00.000 - AsyncAppender-Worker-ASYNCSTDOUT
2026-04-29 21:15:59,711 [INFO] in AsyncAppender-Worker-ASYNCSTDOUT - 21:15:59.710 [+7983 ms] INFO  c.j.i.s.ViewInfo$ - framerateClient: 00:00:00.000 - AsyncAppender-Worker-ASYNCSTDOUT
2026-04-29 21:15:59,711 [INFO] in AsyncAppender-Worker-ASYNCSTDOUT - 21:15:59.710 [+7983 ms] INFO  c.j.i.s.ViewInfo$ - raw            : 32932 - AsyncAppender-Worker-ASYNCSTDOUT
2026-04-29 21:15:59,711 [INFO] in AsyncAppender-Worker-ASYNCSTDOUT - 21:15:59.710 [+7983 ms] INFO  c.j.i.s.ViewInfo$ - zipped         : 5647 - AsyncAppender-Worker-ASYNCSTDOUT
2026-04-29 21:15:59,711 [INFO] in AsyncAppender-Worker-ASYNCSTDOUT - 21:15:59.710 [+7983 ms] INFO  c.j.i.s.ViewInfo$ -  - AsyncAppender-Worker-ASYNCSTDOUT
2026-04-29 21:16:00,711 [INFO] in AsyncAppender-Worker-ASYNCSTDOUT - 21:16:00.711 [+8984 ms] INFO  c.j.i.c.InstanceImpl - [JPro] -> Instance closed: {app_name: default, host_name: localhost:8080, instance_id: btk3aup5u8l8viijkfyx6a1mq, browser: Microsoft Edge 147.0.0.0, browser_url: http://localhost:8080/, client_ip: 0:0:0:0:0:0:0:1, reason: close-tab-closed} - AsyncAppender-Worker-ASYNCSTDOUT
2026-04-29 21:16:36,450 [INFO] in AsyncAppender-Worker-ASYNCSTDOUT - 21:16:36.450 [+44723 ms] INFO  c.j.i.s.JProInitializer$ - Parent process is not alive anymore. Shutting down. - AsyncAppender-Worker-ASYNCSTDOUT
2026-04-29 21:16:36,451 [INFO] in AsyncAppender-Worker-ASYNCSTDOUT - 21:16:36.451 [+44724 ms] INFO  i.helidon.Main - Shutdown requested by JVM shutting down - AsyncAppender-Worker-ASYNCSTDOUT
2026-04-29 21:16:36,451 [INFO] in Thread-1 - Deleted pid file: S:\Project\Nhom12_Arkanoid_OOP\demo2\RUNNING_PID - Thread-1
2026-04-29 21:16:36,452 [INFO] in AsyncAppender-Worker-ASYNCSTDOUT - 21:16:36.452 [+44725 ms] INFO  i.h.w.ServerListener - [0x18fa279f] @default socket closed. - AsyncAppender-Worker-ASYNCSTDOUT
2026-04-29 21:16:36,454 [INFO] in AsyncAppender-Worker-ASYNCSTDOUT - 21:16:36.454 [+44727 ms] INFO  i.helidon.Main - Shutdown finished - AsyncAppender-Worker-ASYNCSTDOUT
2026-04-29 21:16:50,053 [INFO] in AsyncAppender-Worker-ASYNCSTDOUT - 21:16:50.050 [+443 ms] INFO  c.jpro.activity - Starting the server - AsyncAppender-Worker-ASYNCSTDOUT
2026-04-29 21:16:50,054 [INFO] in AsyncAppender-Worker-ASYNCSTDOUT - 21:16:50.051 [+444 ms] INFO  c.j.i.s.JProInitializer$ -  *** Starting JPro: https://www.jpro.one/ *** - AsyncAppender-Worker-ASYNCSTDOUT
2026-04-29 21:16:50,054 [INFO] in AsyncAppender-Worker-ASYNCSTDOUT - 21:16:50.051 [+444 ms] INFO  c.j.i.s.JProInitializer$ - OS: Windows 11 - AsyncAppender-Worker-ASYNCSTDOUT
2026-04-29 21:16:50,058 [INFO] in AsyncAppender-Worker-ASYNCSTDOUT - 21:16:50.057 [+450 ms] INFO  c.j.i.s.JProInitializer$ - JPro: 2026.1.1 - AsyncAppender-Worker-ASYNCSTDOUT
2026-04-29 21:16:50,058 [INFO] in AsyncAppender-Worker-ASYNCSTDOUT - 21:16:50.058 [+451 ms] INFO  c.j.i.s.JProInitializer$ - Java version: 26.0.1 - AsyncAppender-Worker-ASYNCSTDOUT
2026-04-29 21:16:50,058 [INFO] in AsyncAppender-Worker-ASYNCSTDOUT - 21:16:50.058 [+451 ms] INFO  c.j.i.s.JProInitializer$ - JVM: 26.0.1 Oracle Corporation - AsyncAppender-Worker-ASYNCSTDOUT
2026-04-29 21:16:50,060 [INFO] in AsyncAppender-Worker-ASYNCSTDOUT - 21:16:50.060 [+453 ms] INFO  c.j.i.s.JProInitializer$ - JavaFX jar: file:/C:/Users/lehas/.m2/repository/org/openjfx/javafx-graphics/25.0.2-jpro+1/javafx-graphics-25.0.2-jpro+1-win.jar - AsyncAppender-Worker-ASYNCSTDOUT
2026-04-29 21:16:50,062 [INFO] in AsyncAppender-Worker-ASYNCSTDOUT - 21:16:50.061 [+454 ms] INFO  c.j.i.s.JProInitializer$ - Configuring logging from url: 'jar:file:/C:/Users/lehas/.m2/repository/one/jpro/jpro-server_2.12/2026.1.1/jpro-server_2.12-2026.1.1.jar!/logback-jpro-default.xml' - AsyncAppender-Worker-ASYNCSTDOUT
2026-04-29 21:16:50,588 [INFO] in AsyncAppender-Worker-ASYNCSTDOUT - 21:16:50.587 [+980 ms] INFO  c.j.i.s.JProInitializer$ - JavaFX version: 25.0.2-jpro+1 - AsyncAppender-Worker-ASYNCSTDOUT
2026-04-29 21:16:50,659 [INFO] in JavaFX Application Thread - G1 Young Generation - JavaFX Application Thread
2026-04-29 21:16:50,659 [INFO] in JavaFX Application Thread - G1 Concurrent GC - JavaFX Application Thread
2026-04-29 21:16:50,659 [INFO] in JavaFX Application Thread - G1 Old Generation - JavaFX Application Thread
2026-04-29 21:16:50,681 [INFO] in AsyncAppender-Worker-ASYNCSTDOUT - 21:16:50.681 [+1074 ms] INFO  c.j.i.s.JProInitializer$ - finished init! - AsyncAppender-Worker-ASYNCSTDOUT
2026-04-29 21:16:50,684 [INFO] in AsyncAppender-Worker-ASYNCSTDOUT - 21:16:50.684 [+1077 ms] INFO  c.j.i.s.JProInitializer$ - [JPro] -> Server started: {start_time: 1777472210048, os_name: Windows 11, jpro_version: 2026.1.1, pid: 5068, servername: J235} - AsyncAppender-Worker-ASYNCSTDOUT
2026-04-29 21:16:50,762 [INFO] in AsyncAppender-Worker-ASYNCSTDOUT - 21:16:50.761 [+1154 ms] INFO  c.j.i.s.Route$ - Creating routing for JPro server - AsyncAppender-Worker-ASYNCSTDOUT
2026-04-29 21:16:50,818 [INFO] in AsyncAppender-Worker-ASYNCSTDOUT - 21:16:50.817 [+1210 ms] INFO  i.h.c.f.HelidonFeatures - Helidon SE 4.2.6 features: [Config, Encoding, Media, Metrics, Registry, WebServer, WebSocket] - AsyncAppender-Worker-ASYNCSTDOUT
2026-04-29 21:16:50,822 [INFO] in AsyncAppender-Worker-ASYNCSTDOUT - 21:16:50.822 [+1215 ms] INFO  i.h.w.ServerListener - [0x02d90efa] http://0.0.0.0:8080 bound for socket '@default' - AsyncAppender-Worker-ASYNCSTDOUT
2026-04-29 21:16:50,826 [ERROR] in Thread-0 - There is no Helidon logging implementation on classpath, skipping log configuration. - Thread-0
2026-04-29 21:16:50,831 [INFO] in AsyncAppender-Worker-ASYNCSTDOUT - 21:16:50.830 [+1223 ms] INFO  i.h.w.LoomServer - Started all channels in 17 milliseconds. 1567 milliseconds since JVM startup. Java 26.0.1+8-34 - AsyncAppender-Worker-ASYNCSTDOUT
2026-04-29 21:16:50,831 [INFO] in Thread-0 - Server started at http://localhost:8080 - Thread-0
2026-04-29 21:16:51,790 [INFO] in AsyncAppender-Worker-ASYNCSTDOUT - 21:16:51.789 [+2182 ms] INFO  c.j.i.s.JProWSEndpoint - application requested: default params: Map() - AsyncAppender-Worker-ASYNCSTDOUT
2026-04-29 21:16:51,791 [INFO] in AsyncAppender-Worker-ASYNCSTDOUT - 21:16:51.790 [+2183 ms] INFO  c.j.i.s.JProWSEndpoint - Creating Application: default - AsyncAppender-Worker-ASYNCSTDOUT
2026-04-29 21:16:51,791 [INFO] in AsyncAppender-Worker-ASYNCSTDOUT - 21:16:51.790 [+2183 ms] INFO  c.j.i.s.JProWSEndpoint - remoteAddress 0:0:0:0:0:0:0:1 - AsyncAppender-Worker-ASYNCSTDOUT
2026-04-29 21:16:51,791 [INFO] in AsyncAppender-Worker-ASYNCSTDOUT - 21:16:51.790 [+2183 ms] INFO  c.j.i.s.JProWSEndpoint - host           - AsyncAppender-Worker-ASYNCSTDOUT
2026-04-29 21:16:51,791 [INFO] in AsyncAppender-Worker-ASYNCSTDOUT - 21:16:51.791 [+2184 ms] INFO  c.j.i.s.JProWSEndpoint - uri           /app/ws/default - AsyncAppender-Worker-ASYNCSTDOUT
2026-04-29 21:16:51,804 [INFO] in AsyncAppender-Worker-ASYNCSTDOUT - 21:16:51.804 [+2197 ms] INFO  c.j.i.s.JProWSEndpoint - Application found. - AsyncAppender-Worker-ASYNCSTDOUT
2026-04-29 21:16:51,871 [INFO] in AsyncAppender-Worker-ASYNCSTDOUT - 21:16:51.871 [+2264 ms] INFO  c.j.i.s.JProWSEndpoint - Handshake received: 1fc848e7be83856bef963b103116f03f - AsyncAppender-Worker-ASYNCSTDOUT
2026-04-29 21:16:52,179 [INFO] in AsyncAppender-Worker-ASYNCSTDOUT - 21:16:52.179 [+2572 ms] INFO  c.j.i.s.ViewInfo$ - [JPro] -> View created: {app_name: default, host_name: localhost:8080, instance_id: b45cguskd6f2vtbvb18ufnpsg, browser: Microsoft Edge 147.0.0.0, browser_url: http://localhost:8080/, client_ip: 0:0:0:0:0:0:0:1} - AsyncAppender-Worker-ASYNCSTDOUT
2026-04-29 21:16:52,603 [INFO] in JavaFX Application Thread - Menu Controller đã được khởi tạo! - JavaFX Application Thread
2026-04-29 21:16:53,059 [INFO] in JavaFX Application Thread - Nhạc nền menu đang phát... - JavaFX Application Thread
2026-04-29 21:16:53,464 [INFO] in AsyncAppender-Worker-ASYNCSTDOUT - 21:16:53.463 [+3856 ms] INFO  c.j.i.c.InstanceImpl - [JPro] -> Instance created: {app_name: default, host_name: localhost:8080, instance_id: b45cguskd6f2vtbvb18ufnpsg, browser: Microsoft Edge 147.0.0.0, browser_url: http://localhost:8080/, client_ip: 0:0:0:0:0:0:0:1} - AsyncAppender-Worker-ASYNCSTDOUT
2026-04-29 21:16:57,820 [INFO] in JavaFX Application Thread - Nút Start đã được bấm! Đang khởi tạo GameView... - JavaFX Application Thread
2026-04-29 21:16:57,836 [INFO] in JavaFX Application Thread - Đã khởi tạo Difficulty Controller - JavaFX Application Thread
2026-04-29 21:16:57,875 [INFO] in AsyncAppender-Worker-ASYNCSTDOUT - 21:16:57.874 [+8267 ms] INFO  c.j.m.t.SceneInputListener - On disposing SceneInputListener: primaryScene.window was null. Skipped the forced release of the mouse. - AsyncAppender-Worker-ASYNCSTDOUT
2026-04-29 21:16:59,193 [INFO] in JavaFX Application Thread - Hard Mode - JavaFX Application Thread
2026-04-29 21:16:59,207 [INFO] in AsyncAppender-Worker-ASYNCSTDOUT - 21:16:59.206 [+9599 ms] INFO  c.j.m.t.SceneInputListener - On disposing SceneInputListener: primaryScene.window was null. Skipped the forced release of the mouse. - AsyncAppender-Worker-ASYNCSTDOUT
2026-04-29 21:17:03,434 [INFO] in AsyncAppender-Worker-ASYNCSTDOUT - 21:17:03.434 [+13827 ms] WARN  c.j.m.s.FXSerializer$$anon$1 - Unsupported Object: com.sun.scenario.effect.DropShadow@667e227 ... com.sun.scenario.effect.DropShadow - AsyncAppender-Worker-ASYNCSTDOUT
2026-04-29 21:17:03,447 [INFO] in AsyncAppender-Worker-ASYNCSTDOUT - 21:17:03.447 [+13840 ms] WARN  c.j.m.s.FXSerializer$$anon$1 - Unsupported Object: com.sun.scenario.effect.DropShadow@12426e3a ... com.sun.scenario.effect.DropShadow - AsyncAppender-Worker-ASYNCSTDOUT
2026-04-29 21:17:03,465 [INFO] in AsyncAppender-Worker-ASYNCSTDOUT - 21:17:03.465 [+13858 ms] WARN  c.j.m.s.FXSerializer$$anon$1 - Unsupported Object: com.sun.scenario.effect.DropShadow@2e325f26 ... com.sun.scenario.effect.DropShadow - AsyncAppender-Worker-ASYNCSTDOUT
2026-04-29 21:17:03,481 [INFO] in AsyncAppender-Worker-ASYNCSTDOUT - 21:17:03.481 [+13874 ms] WARN  c.j.m.s.FXSerializer$$anon$1 - Unsupported Object: com.sun.scenario.effect.DropShadow@5c1f2636 ... com.sun.scenario.effect.DropShadow - AsyncAppender-Worker-ASYNCSTDOUT
2026-04-29 21:17:03,496 [INFO] in AsyncAppender-Worker-ASYNCSTDOUT - 21:17:03.496 [+13889 ms] WARN  c.j.m.s.FXSerializer$$anon$1 - Unsupported Object: com.sun.scenario.effect.DropShadow@263a6db7 ... com.sun.scenario.effect.DropShadow - AsyncAppender-Worker-ASYNCSTDOUT
2026-04-29 21:17:03,513 [INFO] in AsyncAppender-Worker-ASYNCSTDOUT - 21:17:03.513 [+13906 ms] WARN  c.j.m.s.FXSerializer$$anon$1 - Unsupported Object: com.sun.scenario.effect.DropShadow@5a2f9008 ... com.sun.scenario.effect.DropShadow - AsyncAppender-Worker-ASYNCSTDOUT
2026-04-29 21:17:03,532 [INFO] in AsyncAppender-Worker-ASYNCSTDOUT - 21:17:03.532 [+13925 ms] WARN  c.j.m.s.FXSerializer$$anon$1 - Unsupported Object: com.sun.scenario.effect.DropShadow@37c34fcf ... com.sun.scenario.effect.DropShadow - AsyncAppender-Worker-ASYNCSTDOUT
2026-04-29 21:17:03,544 [INFO] in AsyncAppender-Worker-ASYNCSTDOUT - 21:17:03.544 [+13937 ms] WARN  c.j.m.s.FXSerializer$$anon$1 - Unsupported Object: com.sun.scenario.effect.DropShadow@4a60221b ... com.sun.scenario.effect.DropShadow - AsyncAppender-Worker-ASYNCSTDOUT
2026-04-29 21:17:03,561 [INFO] in AsyncAppender-Worker-ASYNCSTDOUT - 21:17:03.561 [+13954 ms] WARN  c.j.m.s.FXSerializer$$anon$1 - Unsupported Object: com.sun.scenario.effect.DropShadow@60353416 ... com.sun.scenario.effect.DropShadow - AsyncAppender-Worker-ASYNCSTDOUT
2026-04-29 21:17:03,576 [INFO] in AsyncAppender-Worker-ASYNCSTDOUT - 21:17:03.576 [+13969 ms] WARN  c.j.m.s.FXSerializer$$anon$1 - Unsupported Object: com.sun.scenario.effect.DropShadow@495e1285 ... com.sun.scenario.effect.DropShadow - AsyncAppender-Worker-ASYNCSTDOUT
2026-04-29 21:17:03,593 [INFO] in AsyncAppender-Worker-ASYNCSTDOUT - 21:17:03.593 [+13986 ms] WARN  c.j.m.s.FXSerializer$$anon$1 - Unsupported Object: com.sun.scenario.effect.DropShadow@2bce40c6 ... com.sun.scenario.effect.DropShadow - AsyncAppender-Worker-ASYNCSTDOUT
2026-04-29 21:17:03,610 [INFO] in AsyncAppender-Worker-ASYNCSTDOUT - 21:17:03.610 [+14003 ms] WARN  c.j.m.s.FXSerializer$$anon$1 - Unsupported Object: com.sun.scenario.effect.DropShadow@3e75ea82 ... com.sun.scenario.effect.DropShadow - AsyncAppender-Worker-ASYNCSTDOUT
2026-04-29 21:17:03,626 [INFO] in AsyncAppender-Worker-ASYNCSTDOUT - 21:17:03.626 [+14019 ms] WARN  c.j.m.s.FXSerializer$$anon$1 - Unsupported Object: com.sun.scenario.effect.DropShadow@2d16dcae ... com.sun.scenario.effect.DropShadow - AsyncAppender-Worker-ASYNCSTDOUT
2026-04-29 21:17:03,641 [INFO] in AsyncAppender-Worker-ASYNCSTDOUT - 21:17:03.641 [+14034 ms] WARN  c.j.m.s.FXSerializer$$anon$1 - Unsupported Object: com.sun.scenario.effect.DropShadow@7fdde98 ... com.sun.scenario.effect.DropShadow - AsyncAppender-Worker-ASYNCSTDOUT
2026-04-29 21:17:03,658 [INFO] in AsyncAppender-Worker-ASYNCSTDOUT - 21:17:03.658 [+14051 ms] WARN  c.j.m.s.FXSerializer$$anon$1 - Unsupported Object: com.sun.scenario.effect.DropShadow@b27bd48 ... com.sun.scenario.effect.DropShadow - AsyncAppender-Worker-ASYNCSTDOUT
2026-04-29 21:17:03,674 [INFO] in AsyncAppender-Worker-ASYNCSTDOUT - 21:17:03.673 [+14066 ms] WARN  c.j.m.s.FXSerializer$$anon$1 - Unsupported Object: com.sun.scenario.effect.DropShadow@7b54462d ... com.sun.scenario.effect.DropShadow - AsyncAppender-Worker-ASYNCSTDOUT
2026-04-29 21:17:03,689 [INFO] in AsyncAppender-Worker-ASYNCSTDOUT - 21:17:03.689 [+14082 ms] WARN  c.j.m.s.FXSerializer$$anon$1 - Unsupported Object: com.sun.scenario.effect.DropShadow@79f4fde1 ... com.sun.scenario.effect.DropShadow - AsyncAppender-Worker-ASYNCSTDOUT
2026-04-29 21:17:03,706 [INFO] in AsyncAppender-Worker-ASYNCSTDOUT - 21:17:03.705 [+14098 ms] WARN  c.j.m.s.FXSerializer$$anon$1 - Unsupported Object: com.sun.scenario.effect.DropShadow@744e3ce1 ... com.sun.scenario.effect.DropShadow - AsyncAppender-Worker-ASYNCSTDOUT
2026-04-29 21:17:03,722 [INFO] in AsyncAppender-Worker-ASYNCSTDOUT - 21:17:03.721 [+14114 ms] WARN  c.j.m.s.FXSerializer$$anon$1 - Unsupported Object: com.sun.scenario.effect.DropShadow@2b1939c0 ... com.sun.scenario.effect.DropShadow - AsyncAppender-Worker-ASYNCSTDOUT
2026-04-29 21:17:16,523 [INFO] in AsyncAppender-Worker-ASYNCSTDOUT - 21:17:16.523 [+26916 ms] WARN  javafx.css - Caught 'java.lang.ClassCastException: class java.lang.String cannot be cast to class javafx.scene.paint.Paint (java.lang.String is in module java.base of loader 'bootstrap'; javafx.scene.paint.Paint is in unnamed module of loader 'app')' while converting value for '-fx-background-color' from inline style on Button@2ac93984[styleClass=button exit-back-button]'' - AsyncAppender-Worker-ASYNCSTDOUT
2026-04-29 21:17:16,553 [INFO] in AsyncAppender-Worker-ASYNCSTDOUT - 21:17:16.553 [+26946 ms] INFO  c.j.m.t.SceneInputListener - On disposing SceneInputListener: primaryScene.window was null. Skipped the forced release of the mouse. - AsyncAppender-Worker-ASYNCSTDOUT
2026-04-29 21:17:18,584 [INFO] in AsyncAppender-Worker-ASYNCSTDOUT - 21:17:18.584 [+28977 ms] WARN  javafx.css - Caught 'java.lang.ClassCastException: class java.lang.String cannot be cast to class javafx.scene.paint.Paint (java.lang.String is in module java.base of loader 'bootstrap'; javafx.scene.paint.Paint is in unnamed module of loader 'app')' while converting value for '-fx-background-color' from inline style on Button@2ac93984[styleClass=button exit-back-button]'' - AsyncAppender-Worker-ASYNCSTDOUT
2026-04-29 21:17:19,385 [INFO] in JavaFX Application Thread - Đã khởi tạo Difficulty Controller - JavaFX Application Thread
2026-04-29 21:17:19,403 [INFO] in AsyncAppender-Worker-ASYNCSTDOUT - 21:17:19.403 [+29796 ms] INFO  c.j.m.t.SceneInputListener - On disposing SceneInputListener: primaryScene.window was null. Skipped the forced release of the mouse. - AsyncAppender-Worker-ASYNCSTDOUT
2026-04-29 21:17:20,904 [INFO] in JavaFX Application Thread - Hard Mode - JavaFX Application Thread
2026-04-29 21:17:20,909 [INFO] in AsyncAppender-Worker-ASYNCSTDOUT - 21:17:20.909 [+31302 ms] INFO  c.j.m.t.SceneInputListener - On disposing SceneInputListener: primaryScene.window was null. Skipped the forced release of the mouse. - AsyncAppender-Worker-ASYNCSTDOUT
2026-04-29 21:17:23,518 [INFO] in AsyncAppender-Worker-ASYNCSTDOUT - 21:17:23.517 [+33910 ms] INFO  c.j.i.s.JProWSEndpoint - Frame received after poison, ignoring - AsyncAppender-Worker-ASYNCSTDOUT
2026-04-29 21:17:23,518 [INFO] in AsyncAppender-Worker-ASYNCSTDOUT - 21:17:23.517 [+33910 ms] INFO  c.j.i.s.JProWSEndpoint - WebSocket for [default] closed: 1000 – tab-closed - AsyncAppender-Worker-ASYNCSTDOUT
2026-04-29 21:17:23,519 [INFO] in AsyncAppender-Worker-ASYNCSTDOUT - 21:17:23.519 [+33912 ms] INFO  c.j.i.s.ViewInfo$ - [JPro] -> View closed: {app_name: default, host_name: localhost:8080, instance_id: b45cguskd6f2vtbvb18ufnpsg, browser: Microsoft Edge 147.0.0.0, browser_url: http://localhost:8080/, client_ip: 0:0:0:0:0:0:0:1, reason: tab-closed} - AsyncAppender-Worker-ASYNCSTDOUT
2026-04-29 21:17:23,550 [INFO] in AsyncAppender-Worker-ASYNCSTDOUT - 21:17:23.550 [+33943 ms] INFO  c.j.i.s.ViewInfo$ -  - AsyncAppender-Worker-ASYNCSTDOUT
2026-04-29 21:17:23,551 [INFO] in AsyncAppender-Worker-ASYNCSTDOUT - 21:17:23.550 [+33943 ms] INFO  c.j.i.s.ViewInfo$ - Application closed: - AsyncAppender-Worker-ASYNCSTDOUT
2026-04-29 21:17:23,563 [INFO] in AsyncAppender-Worker-ASYNCSTDOUT - 21:17:23.563 [+33956 ms] INFO  c.j.i.s.ViewInfo$ - startTime      : Wed Apr 29 21:16:52 GMT+07:00 2026       - AsyncAppender-Worker-ASYNCSTDOUT
2026-04-29 21:17:23,564 [INFO] in AsyncAppender-Worker-ASYNCSTDOUT - 21:17:23.563 [+33956 ms] INFO  c.j.i.s.ViewInfo$ - duration       : 00:00:31.473  - AsyncAppender-Worker-ASYNCSTDOUT
2026-04-29 21:17:23,564 [INFO] in AsyncAppender-Worker-ASYNCSTDOUT - 21:17:23.563 [+33956 ms] INFO  c.j.i.s.ViewInfo$ - averageLatency : 00:00:00.004  - AsyncAppender-Worker-ASYNCSTDOUT
2026-04-29 21:17:23,564 [INFO] in AsyncAppender-Worker-ASYNCSTDOUT - 21:17:23.563 [+33956 ms] INFO  c.j.i.s.ViewInfo$ - averageJitter  : 00:00:00.003   - AsyncAppender-Worker-ASYNCSTDOUT
2026-04-29 21:17:23,565 [INFO] in AsyncAppender-Worker-ASYNCSTDOUT - 21:17:23.565 [+33958 ms] INFO  c.j.i.s.ViewInfo$ - framerateServer: 00:00:00.000 - AsyncAppender-Worker-ASYNCSTDOUT
2026-04-29 21:17:23,566 [INFO] in AsyncAppender-Worker-ASYNCSTDOUT - 21:17:23.566 [+33959 ms] INFO  c.j.i.s.ViewInfo$ - framerateClient: 00:00:00.000 - AsyncAppender-Worker-ASYNCSTDOUT
2026-04-29 21:17:23,566 [INFO] in AsyncAppender-Worker-ASYNCSTDOUT - 21:17:23.566 [+33959 ms] INFO  c.j.i.s.ViewInfo$ - raw            : 9464482 - AsyncAppender-Worker-ASYNCSTDOUT
2026-04-29 21:17:23,566 [INFO] in AsyncAppender-Worker-ASYNCSTDOUT - 21:17:23.566 [+33959 ms] INFO  c.j.i.s.ViewInfo$ - zipped         : 1317864 - AsyncAppender-Worker-ASYNCSTDOUT
2026-04-29 21:17:23,566 [INFO] in AsyncAppender-Worker-ASYNCSTDOUT - 21:17:23.566 [+33959 ms] INFO  c.j.i.s.ViewInfo$ -  - AsyncAppender-Worker-ASYNCSTDOUT
2026-04-29 21:17:23,568 [ERROR] in JavaFX Application Thread - java.lang.AssertionError: assertion failed: Can't dispose, the JPro view is no longer active. Close reason was: tab-closed - JavaFX Application Thread
2026-04-29 21:17:23,568 [ERROR] in JavaFX Application Thread - 	at scala.Predef$.assert(Predef.scala:223) - JavaFX Application Thread
2026-04-29 21:17:23,568 [ERROR] in JavaFX Application Thread - 	at com.jpro.internal.communicator.ViewImpl.dispose(ViewImpl.scala:226) - JavaFX Application Thread
2026-04-29 21:17:23,568 [ERROR] in JavaFX Application Thread - 	at com.jpro.internal.server.JProWSEndpoint.$anonfun$disposeIfNeeded$1(JProWSEndpoint.scala:242) - JavaFX Application Thread
2026-04-29 21:17:23,568 [ERROR] in JavaFX Application Thread - 	at scala.runtime.java8.JFunction0$mcV$sp.apply(JFunction0$mcV$sp.java:23) - JavaFX Application Thread
2026-04-29 21:17:23,568 [ERROR] in JavaFX Application Thread - 	at simplefx.cores.standard.parts.CoreTimeEvent$$anon$3.run(CoreTimeEvent.scala:62) - JavaFX Application Thread
2026-04-29 21:17:23,568 [ERROR] in JavaFX Application Thread - 	at com.sun.javafx.application.PlatformImpl.lambda$runLater$0(PlatformImpl.java:425) - JavaFX Application Thread
2026-04-29 21:17:23,568 [ERROR] in JavaFX Application Thread - 	at com.sun.glass.ui.monocle.RunnableProcessor.runLoop(RunnableProcessor.java:92) - JavaFX Application Thread
2026-04-29 21:17:23,568 [ERROR] in JavaFX Application Thread - 	at com.sun.glass.ui.monocle.RunnableProcessor.run(RunnableProcessor.java:51) - JavaFX Application Thread
2026-04-29 21:17:23,568 [ERROR] in JavaFX Application Thread - 	at java.base/java.lang.Thread.run(Thread.java:1516) - JavaFX Application Thread
2026-04-29 21:17:23,568 [ERROR] in JavaFX Application Thread - Exception in thread "JavaFX Application Thread" java.lang.AssertionError: assertion failed: Can't dispose, the JPro view is no longer active. Close reason was: tab-closed - JavaFX Application Thread
2026-04-29 21:17:23,568 [ERROR] in JavaFX Application Thread - 	at scala.Predef$.assert(Predef.scala:223) - JavaFX Application Thread
2026-04-29 21:17:23,569 [ERROR] in JavaFX Application Thread - 	at com.jpro.internal.communicator.ViewImpl.dispose(ViewImpl.scala:226) - JavaFX Application Thread
2026-04-29 21:17:23,569 [ERROR] in JavaFX Application Thread - 	at com.jpro.internal.server.JProWSEndpoint.$anonfun$disposeIfNeeded$1(JProWSEndpoint.scala:242) - JavaFX Application Thread
2026-04-29 21:17:23,569 [ERROR] in JavaFX Application Thread - 	at scala.runtime.java8.JFunction0$mcV$sp.apply(JFunction0$mcV$sp.java:23) - JavaFX Application Thread
2026-04-29 21:17:23,569 [ERROR] in JavaFX Application Thread - 	at simplefx.cores.standard.parts.CoreTimeEvent$$anon$3.run(CoreTimeEvent.scala:62) - JavaFX Application Thread
2026-04-29 21:17:23,569 [ERROR] in JavaFX Application Thread - 	at com.sun.javafx.application.PlatformImpl.lambda$runLater$0(PlatformImpl.java:425) - JavaFX Application Thread
2026-04-29 21:17:23,569 [ERROR] in JavaFX Application Thread - 	at com.sun.glass.ui.monocle.RunnableProcessor.runLoop(RunnableProcessor.java:92) - JavaFX Application Thread
2026-04-29 21:17:23,569 [ERROR] in JavaFX Application Thread - 	at com.sun.glass.ui.monocle.RunnableProcessor.run(RunnableProcessor.java:51) - JavaFX Application Thread
2026-04-29 21:17:23,569 [ERROR] in JavaFX Application Thread - 	at java.base/java.lang.Thread.run(Thread.java:1516) - JavaFX Application Thread
2026-04-29 21:17:24,525 [INFO] in AsyncAppender-Worker-ASYNCSTDOUT - 21:17:24.525 [+34918 ms] INFO  c.j.i.c.InstanceImpl - [JPro] -> Instance closed: {app_name: default, host_name: localhost:8080, instance_id: b45cguskd6f2vtbvb18ufnpsg, browser: Microsoft Edge 147.0.0.0, browser_url: http://localhost:8080/, client_ip: 0:0:0:0:0:0:0:1, reason: close-tab-closed} - AsyncAppender-Worker-ASYNCSTDOUT
2026-04-29 21:17:27,100 [INFO] in AsyncAppender-Worker-ASYNCSTDOUT - 21:17:27.100 [+37493 ms] INFO  c.j.i.s.JProInitializer$ - Parent process is not alive anymore. Shutting down. - AsyncAppender-Worker-ASYNCSTDOUT
2026-04-29 21:17:27,100 [INFO] in AsyncAppender-Worker-ASYNCSTDOUT - 21:17:27.100 [+37493 ms] INFO  i.helidon.Main - Shutdown requested by JVM shutting down - AsyncAppender-Worker-ASYNCSTDOUT
2026-04-29 21:17:27,100 [INFO] in Thread-1 - Deleted pid file: S:\Project\Nhom12_Arkanoid_OOP\demo2\RUNNING_PID - Thread-1
2026-04-29 21:17:27,101 [INFO] in AsyncAppender-Worker-ASYNCSTDOUT - 21:17:27.101 [+37494 ms] INFO  i.h.w.ServerListener - [0x02d90efa] @default socket closed. - AsyncAppender-Worker-ASYNCSTDOUT
2026-04-29 21:17:27,102 [INFO] in AsyncAppender-Worker-ASYNCSTDOUT - 21:17:27.102 [+37495 ms] INFO  i.helidon.Main - Shutdown finished - AsyncAppender-Worker-ASYNCSTDOUT
2026-04-29 21:19:34,876 [INFO] in AsyncAppender-Worker-ASYNCSTDOUT - 21:19:34.868 [+451 ms] INFO  c.jpro.activity - Starting the server - AsyncAppender-Worker-ASYNCSTDOUT
2026-04-29 21:19:34,876 [INFO] in AsyncAppender-Worker-ASYNCSTDOUT - 21:19:34.875 [+458 ms] INFO  c.j.i.s.JProInitializer$ -  *** Starting JPro: https://www.jpro.one/ *** - AsyncAppender-Worker-ASYNCSTDOUT
2026-04-29 21:19:34,876 [INFO] in AsyncAppender-Worker-ASYNCSTDOUT - 21:19:34.875 [+458 ms] INFO  c.j.i.s.JProInitializer$ - OS: Windows 11 - AsyncAppender-Worker-ASYNCSTDOUT
2026-04-29 21:19:34,881 [INFO] in AsyncAppender-Worker-ASYNCSTDOUT - 21:19:34.880 [+463 ms] INFO  c.j.i.s.JProInitializer$ - JPro: 2026.1.1 - AsyncAppender-Worker-ASYNCSTDOUT
2026-04-29 21:19:34,881 [INFO] in AsyncAppender-Worker-ASYNCSTDOUT - 21:19:34.880 [+463 ms] INFO  c.j.i.s.JProInitializer$ - Java version: 26.0.1 - AsyncAppender-Worker-ASYNCSTDOUT
2026-04-29 21:19:34,881 [INFO] in AsyncAppender-Worker-ASYNCSTDOUT - 21:19:34.880 [+463 ms] INFO  c.j.i.s.JProInitializer$ - JVM: 26.0.1 Oracle Corporation - AsyncAppender-Worker-ASYNCSTDOUT
2026-04-29 21:19:34,882 [INFO] in AsyncAppender-Worker-ASYNCSTDOUT - 21:19:34.882 [+465 ms] INFO  c.j.i.s.JProInitializer$ - JavaFX jar: file:/C:/Users/lehas/.m2/repository/org/openjfx/javafx-graphics/25.0.2-jpro+1/javafx-graphics-25.0.2-jpro+1-win.jar - AsyncAppender-Worker-ASYNCSTDOUT
2026-04-29 21:19:34,885 [INFO] in AsyncAppender-Worker-ASYNCSTDOUT - 21:19:34.884 [+467 ms] INFO  c.j.i.s.JProInitializer$ - Configuring logging from url: 'jar:file:/C:/Users/lehas/.m2/repository/one/jpro/jpro-server_2.12/2026.1.1/jpro-server_2.12-2026.1.1.jar!/logback-jpro-default.xml' - AsyncAppender-Worker-ASYNCSTDOUT
2026-04-29 21:19:35,397 [INFO] in AsyncAppender-Worker-ASYNCSTDOUT - 21:19:35.396 [+979 ms] INFO  c.j.i.s.JProInitializer$ - JavaFX version: 25.0.2-jpro+1 - AsyncAppender-Worker-ASYNCSTDOUT
2026-04-29 21:19:35,468 [INFO] in JavaFX Application Thread - G1 Young Generation - JavaFX Application Thread
2026-04-29 21:19:35,468 [INFO] in JavaFX Application Thread - G1 Concurrent GC - JavaFX Application Thread
2026-04-29 21:19:35,469 [INFO] in JavaFX Application Thread - G1 Old Generation - JavaFX Application Thread
2026-04-29 21:19:35,486 [INFO] in AsyncAppender-Worker-ASYNCSTDOUT - 21:19:35.486 [+1069 ms] INFO  c.j.i.s.JProInitializer$ - finished init! - AsyncAppender-Worker-ASYNCSTDOUT
2026-04-29 21:19:35,489 [INFO] in AsyncAppender-Worker-ASYNCSTDOUT - 21:19:35.489 [+1072 ms] INFO  c.j.i.s.JProInitializer$ - [JPro] -> Server started: {start_time: 1777472374867, os_name: Windows 11, jpro_version: 2026.1.1, pid: 18192, servername: D604} - AsyncAppender-Worker-ASYNCSTDOUT
2026-04-29 21:19:35,550 [INFO] in AsyncAppender-Worker-ASYNCSTDOUT - 21:19:35.550 [+1133 ms] INFO  c.j.i.s.Route$ - Creating routing for JPro server - AsyncAppender-Worker-ASYNCSTDOUT
2026-04-29 21:19:35,608 [INFO] in AsyncAppender-Worker-ASYNCSTDOUT - 21:19:35.607 [+1190 ms] INFO  i.h.c.f.HelidonFeatures - Helidon SE 4.2.6 features: [Config, Encoding, Media, Metrics, Registry, WebServer, WebSocket] - AsyncAppender-Worker-ASYNCSTDOUT
2026-04-29 21:19:35,612 [INFO] in AsyncAppender-Worker-ASYNCSTDOUT - 21:19:35.612 [+1195 ms] INFO  i.h.w.ServerListener - [0x579c290a] http://0.0.0.0:8080 bound for socket '@default' - AsyncAppender-Worker-ASYNCSTDOUT
2026-04-29 21:19:35,613 [ERROR] in Thread-0 - There is no Helidon logging implementation on classpath, skipping log configuration. - Thread-0
2026-04-29 21:19:35,620 [INFO] in AsyncAppender-Worker-ASYNCSTDOUT - 21:19:35.620 [+1203 ms] INFO  i.h.w.LoomServer - Started all channels in 15 milliseconds. 1521 milliseconds since JVM startup. Java 26.0.1+8-34 - AsyncAppender-Worker-ASYNCSTDOUT
2026-04-29 21:19:35,621 [INFO] in Thread-0 - Server started at http://localhost:8080 - Thread-0
2026-04-29 21:19:36,592 [INFO] in AsyncAppender-Worker-ASYNCSTDOUT - 21:19:36.592 [+2175 ms] INFO  c.j.i.s.JProWSEndpoint - application requested: default params: Map() - AsyncAppender-Worker-ASYNCSTDOUT
2026-04-29 21:19:36,593 [INFO] in AsyncAppender-Worker-ASYNCSTDOUT - 21:19:36.592 [+2175 ms] INFO  c.j.i.s.JProWSEndpoint - Creating Application: default - AsyncAppender-Worker-ASYNCSTDOUT
2026-04-29 21:19:36,593 [INFO] in AsyncAppender-Worker-ASYNCSTDOUT - 21:19:36.592 [+2175 ms] INFO  c.j.i.s.JProWSEndpoint - remoteAddress 0:0:0:0:0:0:0:1 - AsyncAppender-Worker-ASYNCSTDOUT
2026-04-29 21:19:36,593 [INFO] in AsyncAppender-Worker-ASYNCSTDOUT - 21:19:36.593 [+2176 ms] INFO  c.j.i.s.JProWSEndpoint - host           - AsyncAppender-Worker-ASYNCSTDOUT
2026-04-29 21:19:36,593 [INFO] in AsyncAppender-Worker-ASYNCSTDOUT - 21:19:36.593 [+2176 ms] INFO  c.j.i.s.JProWSEndpoint - uri           /app/ws/default - AsyncAppender-Worker-ASYNCSTDOUT
2026-04-29 21:19:36,603 [INFO] in AsyncAppender-Worker-ASYNCSTDOUT - 21:19:36.602 [+2185 ms] INFO  c.j.i.s.JProWSEndpoint - Application found. - AsyncAppender-Worker-ASYNCSTDOUT
2026-04-29 21:19:36,655 [INFO] in AsyncAppender-Worker-ASYNCSTDOUT - 21:19:36.655 [+2238 ms] INFO  c.j.i.s.JProWSEndpoint - Handshake received: 1fc848e7be83856bef963b103116f03f - AsyncAppender-Worker-ASYNCSTDOUT
2026-04-29 21:19:36,902 [INFO] in AsyncAppender-Worker-ASYNCSTDOUT - 21:19:36.902 [+2485 ms] INFO  c.j.i.s.ViewInfo$ - [JPro] -> View created: {app_name: default, host_name: localhost:8080, instance_id: 9c73o5lu38ewsf2bbr7kmrp82, browser: Microsoft Edge 147.0.0.0, browser_url: http://localhost:8080/, client_ip: 0:0:0:0:0:0:0:1} - AsyncAppender-Worker-ASYNCSTDOUT
2026-04-29 21:19:37,117 [INFO] in JavaFX Application Thread - Menu Controller đã được khởi tạo! - JavaFX Application Thread
2026-04-29 21:19:37,564 [INFO] in JavaFX Application Thread - Nhạc nền menu đang phát... - JavaFX Application Thread
2026-04-29 21:19:37,958 [INFO] in AsyncAppender-Worker-ASYNCSTDOUT - 21:19:37.957 [+3540 ms] INFO  c.j.i.c.InstanceImpl - [JPro] -> Instance created: {app_name: default, host_name: localhost:8080, instance_id: 9c73o5lu38ewsf2bbr7kmrp82, browser: Microsoft Edge 147.0.0.0, browser_url: http://localhost:8080/, client_ip: 0:0:0:0:0:0:0:1} - AsyncAppender-Worker-ASYNCSTDOUT
2026-04-29 21:19:40,192 [INFO] in JavaFX Application Thread - Nút Start đã được bấm! Đang khởi tạo GameView... - JavaFX Application Thread
2026-04-29 21:19:40,208 [INFO] in JavaFX Application Thread - Đã khởi tạo Difficulty Controller - JavaFX Application Thread
2026-04-29 21:19:40,248 [INFO] in AsyncAppender-Worker-ASYNCSTDOUT - 21:19:40.248 [+5831 ms] INFO  c.j.m.t.SceneInputListener - On disposing SceneInputListener: primaryScene.window was null. Skipped the forced release of the mouse. - AsyncAppender-Worker-ASYNCSTDOUT
2026-04-29 21:19:42,953 [INFO] in JavaFX Application Thread - Hard Mode - JavaFX Application Thread
2026-04-29 21:19:42,968 [INFO] in AsyncAppender-Worker-ASYNCSTDOUT - 21:19:42.967 [+8550 ms] INFO  c.j.m.t.SceneInputListener - On disposing SceneInputListener: primaryScene.window was null. Skipped the forced release of the mouse. - AsyncAppender-Worker-ASYNCSTDOUT
2026-04-29 21:19:47,326 [INFO] in AsyncAppender-Worker-ASYNCSTDOUT - 21:19:47.326 [+12909 ms] INFO  c.j.i.s.JProWSEndpoint - Frame received after poison, ignoring - AsyncAppender-Worker-ASYNCSTDOUT
2026-04-29 21:19:47,326 [INFO] in AsyncAppender-Worker-ASYNCSTDOUT - 21:19:47.326 [+12909 ms] INFO  c.j.i.s.JProWSEndpoint - WebSocket for [default] closed: 1000 – tab-closed - AsyncAppender-Worker-ASYNCSTDOUT
2026-04-29 21:19:47,330 [INFO] in AsyncAppender-Worker-ASYNCSTDOUT - 21:19:47.329 [+12912 ms] INFO  c.j.i.s.ViewInfo$ - [JPro] -> View closed: {app_name: default, host_name: localhost:8080, instance_id: 9c73o5lu38ewsf2bbr7kmrp82, browser: Microsoft Edge 147.0.0.0, browser_url: http://localhost:8080/, client_ip: 0:0:0:0:0:0:0:1, reason: tab-closed} - AsyncAppender-Worker-ASYNCSTDOUT
2026-04-29 21:19:47,337 [INFO] in AsyncAppender-Worker-ASYNCSTDOUT - 21:19:47.337 [+12920 ms] INFO  c.j.i.s.ViewInfo$ -  - AsyncAppender-Worker-ASYNCSTDOUT
2026-04-29 21:19:47,337 [INFO] in AsyncAppender-Worker-ASYNCSTDOUT - 21:19:47.337 [+12920 ms] INFO  c.j.i.s.ViewInfo$ - Application closed: - AsyncAppender-Worker-ASYNCSTDOUT
2026-04-29 21:19:47,352 [INFO] in AsyncAppender-Worker-ASYNCSTDOUT - 21:19:47.352 [+12935 ms] INFO  c.j.i.s.ViewInfo$ - startTime      : Wed Apr 29 21:19:36 GMT+07:00 2026       - AsyncAppender-Worker-ASYNCSTDOUT
2026-04-29 21:19:47,353 [INFO] in AsyncAppender-Worker-ASYNCSTDOUT - 21:19:47.352 [+12935 ms] INFO  c.j.i.s.ViewInfo$ - duration       : 00:00:10.528  - AsyncAppender-Worker-ASYNCSTDOUT
2026-04-29 21:19:47,353 [INFO] in AsyncAppender-Worker-ASYNCSTDOUT - 21:19:47.352 [+12935 ms] INFO  c.j.i.s.ViewInfo$ - averageLatency : 00:00:00.002  - AsyncAppender-Worker-ASYNCSTDOUT
2026-04-29 21:19:47,353 [INFO] in AsyncAppender-Worker-ASYNCSTDOUT - 21:19:47.352 [+12935 ms] INFO  c.j.i.s.ViewInfo$ - averageJitter  : 00:00:00.000   - AsyncAppender-Worker-ASYNCSTDOUT
2026-04-29 21:19:47,354 [INFO] in AsyncAppender-Worker-ASYNCSTDOUT - 21:19:47.354 [+12937 ms] INFO  c.j.i.s.ViewInfo$ - framerateServer: 00:00:00.000 - AsyncAppender-Worker-ASYNCSTDOUT
2026-04-29 21:19:47,354 [INFO] in AsyncAppender-Worker-ASYNCSTDOUT - 21:19:47.354 [+12937 ms] INFO  c.j.i.s.ViewInfo$ - framerateClient: 00:00:00.000 - AsyncAppender-Worker-ASYNCSTDOUT
2026-04-29 21:19:47,354 [INFO] in AsyncAppender-Worker-ASYNCSTDOUT - 21:19:47.354 [+12937 ms] INFO  c.j.i.s.ViewInfo$ - raw            : 2102571 - AsyncAppender-Worker-ASYNCSTDOUT
2026-04-29 21:19:47,354 [INFO] in AsyncAppender-Worker-ASYNCSTDOUT - 21:19:47.354 [+12937 ms] INFO  c.j.i.s.ViewInfo$ - zipped         : 283871 - AsyncAppender-Worker-ASYNCSTDOUT
2026-04-29 21:19:47,356 [INFO] in AsyncAppender-Worker-ASYNCSTDOUT - 21:19:47.354 [+12937 ms] INFO  c.j.i.s.ViewInfo$ -  - AsyncAppender-Worker-ASYNCSTDOUT
2026-04-29 21:19:47,358 [ERROR] in JavaFX Application Thread - java.lang.AssertionError: assertion failed: Can't dispose, the JPro view is no longer active. Close reason was: tab-closed - JavaFX Application Thread
2026-04-29 21:19:47,359 [ERROR] in JavaFX Application Thread - 	at scala.Predef$.assert(Predef.scala:223) - JavaFX Application Thread
2026-04-29 21:19:47,359 [ERROR] in JavaFX Application Thread - 	at com.jpro.internal.communicator.ViewImpl.dispose(ViewImpl.scala:226) - JavaFX Application Thread
2026-04-29 21:19:47,359 [ERROR] in JavaFX Application Thread - 	at com.jpro.internal.server.JProWSEndpoint.$anonfun$disposeIfNeeded$1(JProWSEndpoint.scala:242) - JavaFX Application Thread
2026-04-29 21:19:47,359 [ERROR] in JavaFX Application Thread - 	at scala.runtime.java8.JFunction0$mcV$sp.apply(JFunction0$mcV$sp.java:23) - JavaFX Application Thread
2026-04-29 21:19:47,359 [ERROR] in JavaFX Application Thread - 	at simplefx.cores.standard.parts.CoreTimeEvent$$anon$3.run(CoreTimeEvent.scala:62) - JavaFX Application Thread
2026-04-29 21:19:47,359 [ERROR] in JavaFX Application Thread - 	at com.sun.javafx.application.PlatformImpl.lambda$runLater$0(PlatformImpl.java:425) - JavaFX Application Thread
2026-04-29 21:19:47,359 [ERROR] in JavaFX Application Thread - 	at com.sun.glass.ui.monocle.RunnableProcessor.runLoop(RunnableProcessor.java:92) - JavaFX Application Thread
2026-04-29 21:19:47,359 [ERROR] in JavaFX Application Thread - 	at com.sun.glass.ui.monocle.RunnableProcessor.run(RunnableProcessor.java:51) - JavaFX Application Thread
2026-04-29 21:19:47,359 [ERROR] in JavaFX Application Thread - 	at java.base/java.lang.Thread.run(Thread.java:1516) - JavaFX Application Thread
2026-04-29 21:19:47,359 [ERROR] in JavaFX Application Thread - Exception in thread "JavaFX Application Thread" java.lang.AssertionError: assertion failed: Can't dispose, the JPro view is no longer active. Close reason was: tab-closed - JavaFX Application Thread
2026-04-29 21:19:47,359 [ERROR] in JavaFX Application Thread - 	at scala.Predef$.assert(Predef.scala:223) - JavaFX Application Thread
2026-04-29 21:19:47,360 [ERROR] in JavaFX Application Thread - 	at com.jpro.internal.communicator.ViewImpl.dispose(ViewImpl.scala:226) - JavaFX Application Thread
2026-04-29 21:19:47,360 [ERROR] in JavaFX Application Thread - 	at com.jpro.internal.server.JProWSEndpoint.$anonfun$disposeIfNeeded$1(JProWSEndpoint.scala:242) - JavaFX Application Thread
2026-04-29 21:19:47,360 [ERROR] in JavaFX Application Thread - 	at scala.runtime.java8.JFunction0$mcV$sp.apply(JFunction0$mcV$sp.java:23) - JavaFX Application Thread
2026-04-29 21:19:47,360 [ERROR] in JavaFX Application Thread - 	at simplefx.cores.standard.parts.CoreTimeEvent$$anon$3.run(CoreTimeEvent.scala:62) - JavaFX Application Thread
2026-04-29 21:19:47,360 [ERROR] in JavaFX Application Thread - 	at com.sun.javafx.application.PlatformImpl.lambda$runLater$0(PlatformImpl.java:425) - JavaFX Application Thread
2026-04-29 21:19:47,360 [ERROR] in JavaFX Application Thread - 	at com.sun.glass.ui.monocle.RunnableProcessor.runLoop(RunnableProcessor.java:92) - JavaFX Application Thread
2026-04-29 21:19:47,360 [ERROR] in JavaFX Application Thread - 	at com.sun.glass.ui.monocle.RunnableProcessor.run(RunnableProcessor.java:51) - JavaFX Application Thread
2026-04-29 21:19:47,360 [ERROR] in JavaFX Application Thread - 	at java.base/java.lang.Thread.run(Thread.java:1516) - JavaFX Application Thread
2026-04-29 21:19:48,339 [INFO] in AsyncAppender-Worker-ASYNCSTDOUT - 21:19:48.339 [+13922 ms] INFO  c.j.i.c.InstanceImpl - [JPro] -> Instance closed: {app_name: default, host_name: localhost:8080, instance_id: 9c73o5lu38ewsf2bbr7kmrp82, browser: Microsoft Edge 147.0.0.0, browser_url: http://localhost:8080/, client_ip: 0:0:0:0:0:0:0:1, reason: close-tab-closed} - AsyncAppender-Worker-ASYNCSTDOUT
2026-05-03 18:58:56,130 [INFO] in AsyncAppender-Worker-ASYNCSTDOUT - 18:58:56.125 [+1126 ms] INFO  c.jpro.activity - Starting the server - AsyncAppender-Worker-ASYNCSTDOUT
2026-05-03 18:58:56,130 [INFO] in AsyncAppender-Worker-ASYNCSTDOUT - 18:58:56.128 [+1129 ms] INFO  c.j.i.s.JProInitializer$ -  *** Starting JPro: https://www.jpro.one/ *** - AsyncAppender-Worker-ASYNCSTDOUT
2026-05-03 18:58:56,131 [INFO] in AsyncAppender-Worker-ASYNCSTDOUT - 18:58:56.128 [+1129 ms] INFO  c.j.i.s.JProInitializer$ - OS: Windows 11 - AsyncAppender-Worker-ASYNCSTDOUT
2026-05-03 18:58:56,135 [INFO] in AsyncAppender-Worker-ASYNCSTDOUT - 18:58:56.135 [+1136 ms] INFO  c.j.i.s.JProInitializer$ - JPro: 2026.1.1 - AsyncAppender-Worker-ASYNCSTDOUT
2026-05-03 18:58:56,135 [INFO] in AsyncAppender-Worker-ASYNCSTDOUT - 18:58:56.135 [+1136 ms] INFO  c.j.i.s.JProInitializer$ - Java version: 26.0.1 - AsyncAppender-Worker-ASYNCSTDOUT
2026-05-03 18:58:56,136 [INFO] in AsyncAppender-Worker-ASYNCSTDOUT - 18:58:56.135 [+1136 ms] INFO  c.j.i.s.JProInitializer$ - JVM: 26.0.1 Oracle Corporation - AsyncAppender-Worker-ASYNCSTDOUT
2026-05-03 18:58:56,137 [INFO] in AsyncAppender-Worker-ASYNCSTDOUT - 18:58:56.137 [+1138 ms] INFO  c.j.i.s.JProInitializer$ - JavaFX jar: file:/C:/Users/lehas/.m2/repository/org/openjfx/javafx-graphics/25.0.2-jpro+1/javafx-graphics-25.0.2-jpro+1-win.jar - AsyncAppender-Worker-ASYNCSTDOUT
2026-05-03 18:58:56,140 [INFO] in AsyncAppender-Worker-ASYNCSTDOUT - 18:58:56.139 [+1140 ms] INFO  c.j.i.s.JProInitializer$ - Configuring logging from url: 'jar:file:/C:/Users/lehas/.m2/repository/one/jpro/jpro-server_2.12/2026.1.1/jpro-server_2.12-2026.1.1.jar!/logback-jpro-default.xml' - AsyncAppender-Worker-ASYNCSTDOUT
2026-05-03 18:58:57,257 [INFO] in AsyncAppender-Worker-ASYNCSTDOUT - 18:58:57.256 [+2257 ms] INFO  c.j.i.s.JProInitializer$ - JavaFX version: 25.0.2-jpro+1 - AsyncAppender-Worker-ASYNCSTDOUT
2026-05-03 18:58:57,337 [INFO] in JavaFX Application Thread - G1 Young Generation - JavaFX Application Thread
2026-05-03 18:58:57,338 [INFO] in JavaFX Application Thread - G1 Concurrent GC - JavaFX Application Thread
2026-05-03 18:58:57,338 [INFO] in JavaFX Application Thread - G1 Old Generation - JavaFX Application Thread
2026-05-03 18:58:57,349 [INFO] in AsyncAppender-Worker-ASYNCSTDOUT - 18:58:57.349 [+2350 ms] INFO  c.j.i.s.JProInitializer$ - finished init! - AsyncAppender-Worker-ASYNCSTDOUT
2026-05-03 18:58:57,353 [INFO] in AsyncAppender-Worker-ASYNCSTDOUT - 18:58:57.353 [+2354 ms] INFO  c.j.i.s.JProInitializer$ - [JPro] -> Server started: {start_time: 1777809536124, os_name: Windows 11, jpro_version: 2026.1.1, pid: 11600, servername: N590} - AsyncAppender-Worker-ASYNCSTDOUT
2026-05-03 18:58:57,433 [INFO] in AsyncAppender-Worker-ASYNCSTDOUT - 18:58:57.432 [+2433 ms] INFO  c.j.i.s.Route$ - Creating routing for JPro server - AsyncAppender-Worker-ASYNCSTDOUT
2026-05-03 18:58:57,507 [INFO] in AsyncAppender-Worker-ASYNCSTDOUT - 18:58:57.507 [+2508 ms] INFO  i.h.c.f.HelidonFeatures - Helidon SE 4.2.6 features: [Config, Encoding, Media, Metrics, Registry, WebServer, WebSocket] - AsyncAppender-Worker-ASYNCSTDOUT
2026-05-03 18:58:57,513 [INFO] in AsyncAppender-Worker-ASYNCSTDOUT - 18:58:57.513 [+2514 ms] INFO  i.h.w.ServerListener - [0x2a3c5a78] http://0.0.0.0:8080 bound for socket '@default' - AsyncAppender-Worker-ASYNCSTDOUT
2026-05-03 18:58:57,515 [ERROR] in Thread-0 - There is no Helidon logging implementation on classpath, skipping log configuration. - Thread-0
2026-05-03 18:58:57,519 [INFO] in AsyncAppender-Worker-ASYNCSTDOUT - 18:58:57.519 [+2520 ms] INFO  i.h.w.LoomServer - Started all channels in 18 milliseconds. 2961 milliseconds since JVM startup. Java 26.0.1+8-34 - AsyncAppender-Worker-ASYNCSTDOUT
2026-05-03 18:58:57,520 [INFO] in Thread-0 - Server started at http://localhost:8080 - Thread-0
2026-05-03 18:58:58,391 [INFO] in AsyncAppender-Worker-ASYNCSTDOUT - 18:58:58.391 [+3392 ms] INFO  c.j.i.s.JProWSEndpoint - application requested: default params: Map() - AsyncAppender-Worker-ASYNCSTDOUT
2026-05-03 18:58:58,392 [INFO] in AsyncAppender-Worker-ASYNCSTDOUT - 18:58:58.392 [+3393 ms] INFO  c.j.i.s.JProWSEndpoint - Creating Application: default - AsyncAppender-Worker-ASYNCSTDOUT
2026-05-03 18:58:58,392 [INFO] in AsyncAppender-Worker-ASYNCSTDOUT - 18:58:58.392 [+3393 ms] INFO  c.j.i.s.JProWSEndpoint - remoteAddress 0:0:0:0:0:0:0:1 - AsyncAppender-Worker-ASYNCSTDOUT
2026-05-03 18:58:58,392 [INFO] in AsyncAppender-Worker-ASYNCSTDOUT - 18:58:58.392 [+3393 ms] INFO  c.j.i.s.JProWSEndpoint - host           - AsyncAppender-Worker-ASYNCSTDOUT
2026-05-03 18:58:58,393 [INFO] in AsyncAppender-Worker-ASYNCSTDOUT - 18:58:58.392 [+3393 ms] INFO  c.j.i.s.JProWSEndpoint - uri           /app/ws/default - AsyncAppender-Worker-ASYNCSTDOUT
2026-05-03 18:58:58,423 [INFO] in AsyncAppender-Worker-ASYNCSTDOUT - 18:58:58.422 [+3423 ms] INFO  c.j.i.s.JProWSEndpoint - Application found. - AsyncAppender-Worker-ASYNCSTDOUT
2026-05-03 18:58:58,463 [INFO] in AsyncAppender-Worker-ASYNCSTDOUT - 18:58:58.463 [+3464 ms] INFO  c.j.i.s.JProWSEndpoint - Handshake received: 1fc848e7be83856bef963b103116f03f - AsyncAppender-Worker-ASYNCSTDOUT
2026-05-03 18:58:58,742 [INFO] in AsyncAppender-Worker-ASYNCSTDOUT - 18:58:58.742 [+3743 ms] INFO  c.j.i.s.ViewInfo$ - [JPro] -> View created: {app_name: default, host_name: localhost:8080, instance_id: eqhsbvh3t9w716uhikibvipxf, browser: Microsoft Edge 147.0.0.0, browser_url: http://localhost:8080/, client_ip: 0:0:0:0:0:0:0:1} - AsyncAppender-Worker-ASYNCSTDOUT
2026-05-03 18:58:59,469 [INFO] in JavaFX Application Thread - Menu Controller đã được khởi tạo! - JavaFX Application Thread
2026-05-03 18:59:01,930 [INFO] in JavaFX Application Thread - Nhạc nền menu đang phát... - JavaFX Application Thread
2026-05-03 18:59:02,279 [INFO] in AsyncAppender-Worker-ASYNCSTDOUT - 18:59:02.279 [+7280 ms] INFO  c.j.i.c.InstanceImpl - [JPro] -> Instance created: {app_name: default, host_name: localhost:8080, instance_id: eqhsbvh3t9w716uhikibvipxf, browser: Microsoft Edge 147.0.0.0, browser_url: http://localhost:8080/, client_ip: 0:0:0:0:0:0:0:1} - AsyncAppender-Worker-ASYNCSTDOUT
2026-05-03 18:59:09,544 [INFO] in AsyncAppender-Worker-ASYNCSTDOUT - 18:59:09.544 [+14545 ms] INFO  c.j.i.s.JProWSEndpoint - Frame received after poison, ignoring - AsyncAppender-Worker-ASYNCSTDOUT
2026-05-03 18:59:09,544 [INFO] in AsyncAppender-Worker-ASYNCSTDOUT - 18:59:09.544 [+14545 ms] INFO  c.j.i.s.JProWSEndpoint - WebSocket for [default] closed: 1000 – tab-closed - AsyncAppender-Worker-ASYNCSTDOUT
2026-05-03 18:59:09,546 [INFO] in AsyncAppender-Worker-ASYNCSTDOUT - 18:59:09.546 [+14547 ms] INFO  c.j.i.s.ViewInfo$ - [JPro] -> View closed: {app_name: default, host_name: localhost:8080, instance_id: eqhsbvh3t9w716uhikibvipxf, browser: Microsoft Edge 147.0.0.0, browser_url: http://localhost:8080/, client_ip: 0:0:0:0:0:0:0:1, reason: tab-closed} - AsyncAppender-Worker-ASYNCSTDOUT
2026-05-03 18:59:09,548 [INFO] in AsyncAppender-Worker-ASYNCSTDOUT - 18:59:09.548 [+14549 ms] INFO  c.j.i.s.ViewInfo$ -  - AsyncAppender-Worker-ASYNCSTDOUT
2026-05-03 18:59:09,548 [INFO] in AsyncAppender-Worker-ASYNCSTDOUT - 18:59:09.548 [+14549 ms] INFO  c.j.i.s.ViewInfo$ - Application closed: - AsyncAppender-Worker-ASYNCSTDOUT
2026-05-03 18:59:09,557 [INFO] in AsyncAppender-Worker-ASYNCSTDOUT - 18:59:09.557 [+14558 ms] INFO  c.j.i.s.ViewInfo$ - startTime      : Sun May 03 18:58:58 GMT+07:00 2026       - AsyncAppender-Worker-ASYNCSTDOUT
2026-05-03 18:59:09,558 [INFO] in AsyncAppender-Worker-ASYNCSTDOUT - 18:59:09.557 [+14558 ms] INFO  c.j.i.s.ViewInfo$ - duration       : 00:00:10.907  - AsyncAppender-Worker-ASYNCSTDOUT
2026-05-03 18:59:09,558 [INFO] in AsyncAppender-Worker-ASYNCSTDOUT - 18:59:09.557 [+14558 ms] INFO  c.j.i.s.ViewInfo$ - averageLatency : 00:00:00.004  - AsyncAppender-Worker-ASYNCSTDOUT
2026-05-03 18:59:09,558 [INFO] in AsyncAppender-Worker-ASYNCSTDOUT - 18:59:09.557 [+14558 ms] INFO  c.j.i.s.ViewInfo$ - averageJitter  : 00:00:00.007   - AsyncAppender-Worker-ASYNCSTDOUT
2026-05-03 18:59:09,558 [INFO] in AsyncAppender-Worker-ASYNCSTDOUT - 18:59:09.558 [+14559 ms] INFO  c.j.i.s.ViewInfo$ - framerateServer: 00:00:00.000 - AsyncAppender-Worker-ASYNCSTDOUT
2026-05-03 18:59:09,559 [INFO] in AsyncAppender-Worker-ASYNCSTDOUT - 18:59:09.559 [+14560 ms] INFO  c.j.i.s.ViewInfo$ - framerateClient: 00:00:00.000 - AsyncAppender-Worker-ASYNCSTDOUT
2026-05-03 18:59:09,559 [INFO] in AsyncAppender-Worker-ASYNCSTDOUT - 18:59:09.559 [+14560 ms] INFO  c.j.i.s.ViewInfo$ - raw            : 32420 - AsyncAppender-Worker-ASYNCSTDOUT
2026-05-03 18:59:09,559 [INFO] in AsyncAppender-Worker-ASYNCSTDOUT - 18:59:09.559 [+14560 ms] INFO  c.j.i.s.ViewInfo$ - zipped         : 5520 - AsyncAppender-Worker-ASYNCSTDOUT
2026-05-03 18:59:09,559 [INFO] in AsyncAppender-Worker-ASYNCSTDOUT - 18:59:09.559 [+14560 ms] INFO  c.j.i.s.ViewInfo$ -  - AsyncAppender-Worker-ASYNCSTDOUT
2026-05-03 18:59:09,561 [ERROR] in JavaFX Application Thread - java.lang.AssertionError: assertion failed: Can't dispose, the JPro view is no longer active. Close reason was: tab-closed - JavaFX Application Thread
2026-05-03 18:59:09,561 [ERROR] in JavaFX Application Thread - 	at scala.Predef$.assert(Predef.scala:223) - JavaFX Application Thread
2026-05-03 18:59:09,561 [ERROR] in JavaFX Application Thread - 	at com.jpro.internal.communicator.ViewImpl.dispose(ViewImpl.scala:226) - JavaFX Application Thread
2026-05-03 18:59:09,562 [ERROR] in JavaFX Application Thread - 	at com.jpro.internal.server.JProWSEndpoint.$anonfun$disposeIfNeeded$1(JProWSEndpoint.scala:242) - JavaFX Application Thread
2026-05-03 18:59:09,562 [ERROR] in JavaFX Application Thread - 	at scala.runtime.java8.JFunction0$mcV$sp.apply(JFunction0$mcV$sp.java:23) - JavaFX Application Thread
2026-05-03 18:59:09,562 [ERROR] in JavaFX Application Thread - 	at simplefx.cores.standard.parts.CoreTimeEvent$$anon$3.run(CoreTimeEvent.scala:62) - JavaFX Application Thread
2026-05-03 18:59:09,562 [ERROR] in JavaFX Application Thread - 	at com.sun.javafx.application.PlatformImpl.lambda$runLater$0(PlatformImpl.java:425) - JavaFX Application Thread
2026-05-03 18:59:09,562 [ERROR] in JavaFX Application Thread - 	at com.sun.glass.ui.monocle.RunnableProcessor.runLoop(RunnableProcessor.java:92) - JavaFX Application Thread
2026-05-03 18:59:09,562 [ERROR] in JavaFX Application Thread - 	at com.sun.glass.ui.monocle.RunnableProcessor.run(RunnableProcessor.java:51) - JavaFX Application Thread
2026-05-03 18:59:09,562 [ERROR] in JavaFX Application Thread - 	at java.base/java.lang.Thread.run(Thread.java:1516) - JavaFX Application Thread
2026-05-03 18:59:09,562 [ERROR] in JavaFX Application Thread - Exception in thread "JavaFX Application Thread" java.lang.AssertionError: assertion failed: Can't dispose, the JPro view is no longer active. Close reason was: tab-closed - JavaFX Application Thread
2026-05-03 18:59:09,562 [ERROR] in JavaFX Application Thread - 	at scala.Predef$.assert(Predef.scala:223) - JavaFX Application Thread
2026-05-03 18:59:09,562 [ERROR] in JavaFX Application Thread - 	at com.jpro.internal.communicator.ViewImpl.dispose(ViewImpl.scala:226) - JavaFX Application Thread
2026-05-03 18:59:09,562 [ERROR] in JavaFX Application Thread - 	at com.jpro.internal.server.JProWSEndpoint.$anonfun$disposeIfNeeded$1(JProWSEndpoint.scala:242) - JavaFX Application Thread
2026-05-03 18:59:09,562 [ERROR] in JavaFX Application Thread - 	at scala.runtime.java8.JFunction0$mcV$sp.apply(JFunction0$mcV$sp.java:23) - JavaFX Application Thread
2026-05-03 18:59:09,562 [ERROR] in JavaFX Application Thread - 	at simplefx.cores.standard.parts.CoreTimeEvent$$anon$3.run(CoreTimeEvent.scala:62) - JavaFX Application Thread
2026-05-03 18:59:09,562 [ERROR] in JavaFX Application Thread - 	at com.sun.javafx.application.PlatformImpl.lambda$runLater$0(PlatformImpl.java:425) - JavaFX Application Thread
2026-05-03 18:59:09,563 [ERROR] in JavaFX Application Thread - 	at com.sun.glass.ui.monocle.RunnableProcessor.runLoop(RunnableProcessor.java:92) - JavaFX Application Thread
2026-05-03 18:59:09,563 [ERROR] in JavaFX Application Thread - 	at com.sun.glass.ui.monocle.RunnableProcessor.run(RunnableProcessor.java:51) - JavaFX Application Thread
2026-05-03 18:59:09,563 [ERROR] in JavaFX Application Thread - 	at java.base/java.lang.Thread.run(Thread.java:1516) - JavaFX Application Thread
2026-05-03 18:59:10,554 [INFO] in AsyncAppender-Worker-ASYNCSTDOUT - 18:59:10.554 [+15555 ms] INFO  c.j.i.c.InstanceImpl - [JPro] -> Instance closed: {app_name: default, host_name: localhost:8080, instance_id: eqhsbvh3t9w716uhikibvipxf, browser: Microsoft Edge 147.0.0.0, browser_url: http://localhost:8080/, client_ip: 0:0:0:0:0:0:0:1, reason: close-tab-closed} - AsyncAppender-Worker-ASYNCSTDOUT
2026-05-03 19:03:42,418 [INFO] in AsyncAppender-Worker-ASYNCSTDOUT - 19:03:42.414 [+581 ms] INFO  c.jpro.activity - Starting the server - AsyncAppender-Worker-ASYNCSTDOUT
2026-05-03 19:03:42,418 [INFO] in AsyncAppender-Worker-ASYNCSTDOUT - 19:03:42.416 [+583 ms] INFO  c.j.i.s.JProInitializer$ -  *** Starting JPro: https://www.jpro.one/ *** - AsyncAppender-Worker-ASYNCSTDOUT
2026-05-03 19:03:42,419 [INFO] in AsyncAppender-Worker-ASYNCSTDOUT - 19:03:42.416 [+583 ms] INFO  c.j.i.s.JProInitializer$ - OS: Windows 11 - AsyncAppender-Worker-ASYNCSTDOUT
2026-05-03 19:03:42,423 [INFO] in AsyncAppender-Worker-ASYNCSTDOUT - 19:03:42.422 [+589 ms] INFO  c.j.i.s.JProInitializer$ - JPro: 2026.1.1 - AsyncAppender-Worker-ASYNCSTDOUT
2026-05-03 19:03:42,423 [INFO] in AsyncAppender-Worker-ASYNCSTDOUT - 19:03:42.423 [+590 ms] INFO  c.j.i.s.JProInitializer$ - Java version: 26.0.1 - AsyncAppender-Worker-ASYNCSTDOUT
2026-05-03 19:03:42,423 [INFO] in AsyncAppender-Worker-ASYNCSTDOUT - 19:03:42.423 [+590 ms] INFO  c.j.i.s.JProInitializer$ - JVM: 26.0.1 Oracle Corporation - AsyncAppender-Worker-ASYNCSTDOUT
2026-05-03 19:03:42,424 [INFO] in AsyncAppender-Worker-ASYNCSTDOUT - 19:03:42.424 [+591 ms] INFO  c.j.i.s.JProInitializer$ - JavaFX jar: file:/C:/Users/lehas/.m2/repository/org/openjfx/javafx-graphics/25.0.2-jpro+1/javafx-graphics-25.0.2-jpro+1-win.jar - AsyncAppender-Worker-ASYNCSTDOUT
2026-05-03 19:03:42,428 [INFO] in AsyncAppender-Worker-ASYNCSTDOUT - 19:03:42.427 [+594 ms] INFO  c.j.i.s.JProInitializer$ - Configuring logging from url: 'jar:file:/C:/Users/lehas/.m2/repository/one/jpro/jpro-server_2.12/2026.1.1/jpro-server_2.12-2026.1.1.jar!/logback-jpro-default.xml' - AsyncAppender-Worker-ASYNCSTDOUT
2026-05-03 19:03:43,046 [INFO] in AsyncAppender-Worker-ASYNCSTDOUT - 19:03:43.046 [+1213 ms] INFO  c.j.i.s.JProInitializer$ - JavaFX version: 25.0.2-jpro+1 - AsyncAppender-Worker-ASYNCSTDOUT
2026-05-03 19:03:43,139 [INFO] in JavaFX Application Thread - G1 Young Generation - JavaFX Application Thread
2026-05-03 19:03:43,139 [INFO] in JavaFX Application Thread - G1 Concurrent GC - JavaFX Application Thread
2026-05-03 19:03:43,140 [INFO] in JavaFX Application Thread - G1 Old Generation - JavaFX Application Thread
2026-05-03 19:03:43,152 [INFO] in AsyncAppender-Worker-ASYNCSTDOUT - 19:03:43.152 [+1319 ms] INFO  c.j.i.s.JProInitializer$ - finished init! - AsyncAppender-Worker-ASYNCSTDOUT
2026-05-03 19:03:43,159 [INFO] in AsyncAppender-Worker-ASYNCSTDOUT - 19:03:43.158 [+1325 ms] INFO  c.j.i.s.JProInitializer$ - [JPro] -> Server started: {start_time: 1777809822413, os_name: Windows 11, jpro_version: 2026.1.1, pid: 16136, servername: H788} - AsyncAppender-Worker-ASYNCSTDOUT
2026-05-03 19:03:43,243 [INFO] in AsyncAppender-Worker-ASYNCSTDOUT - 19:03:43.242 [+1409 ms] INFO  c.j.i.s.Route$ - Creating routing for JPro server - AsyncAppender-Worker-ASYNCSTDOUT
2026-05-03 19:03:43,304 [INFO] in AsyncAppender-Worker-ASYNCSTDOUT - 19:03:43.304 [+1471 ms] INFO  i.h.c.f.HelidonFeatures - Helidon SE 4.2.6 features: [Config, Encoding, Media, Metrics, Registry, WebServer, WebSocket] - AsyncAppender-Worker-ASYNCSTDOUT
2026-05-03 19:03:43,312 [INFO] in AsyncAppender-Worker-ASYNCSTDOUT - 19:03:43.311 [+1478 ms] INFO  i.h.w.ServerListener - [0x579c290a] http://0.0.0.0:8080 bound for socket '@default' - AsyncAppender-Worker-ASYNCSTDOUT
2026-05-03 19:03:43,314 [ERROR] in Thread-0 - There is no Helidon logging implementation on classpath, skipping log configuration. - Thread-0
2026-05-03 19:03:43,318 [INFO] in AsyncAppender-Worker-ASYNCSTDOUT - 19:03:43.318 [+1485 ms] INFO  i.h.w.LoomServer - Started all channels in 19 milliseconds. 1826 milliseconds since JVM startup. Java 26.0.1+8-34 - AsyncAppender-Worker-ASYNCSTDOUT
2026-05-03 19:03:43,319 [INFO] in Thread-0 - Server started at http://localhost:8080 - Thread-0
2026-05-03 19:03:44,187 [INFO] in AsyncAppender-Worker-ASYNCSTDOUT - 19:03:44.186 [+2353 ms] INFO  c.j.i.s.JProWSEndpoint - application requested: default params: Map() - AsyncAppender-Worker-ASYNCSTDOUT
2026-05-03 19:03:44,187 [INFO] in AsyncAppender-Worker-ASYNCSTDOUT - 19:03:44.187 [+2354 ms] INFO  c.j.i.s.JProWSEndpoint - Creating Application: default - AsyncAppender-Worker-ASYNCSTDOUT
2026-05-03 19:03:44,187 [INFO] in AsyncAppender-Worker-ASYNCSTDOUT - 19:03:44.187 [+2354 ms] INFO  c.j.i.s.JProWSEndpoint - remoteAddress 0:0:0:0:0:0:0:1 - AsyncAppender-Worker-ASYNCSTDOUT
2026-05-03 19:03:44,187 [INFO] in AsyncAppender-Worker-ASYNCSTDOUT - 19:03:44.187 [+2354 ms] INFO  c.j.i.s.JProWSEndpoint - host           - AsyncAppender-Worker-ASYNCSTDOUT
2026-05-03 19:03:44,187 [INFO] in AsyncAppender-Worker-ASYNCSTDOUT - 19:03:44.187 [+2354 ms] INFO  c.j.i.s.JProWSEndpoint - uri           /app/ws/default - AsyncAppender-Worker-ASYNCSTDOUT
2026-05-03 19:03:44,195 [INFO] in AsyncAppender-Worker-ASYNCSTDOUT - 19:03:44.195 [+2362 ms] INFO  c.j.i.s.JProWSEndpoint - Application found. - AsyncAppender-Worker-ASYNCSTDOUT
2026-05-03 19:03:44,254 [INFO] in AsyncAppender-Worker-ASYNCSTDOUT - 19:03:44.253 [+2420 ms] INFO  c.j.i.s.JProWSEndpoint - Handshake received: 1fc848e7be83856bef963b103116f03f - AsyncAppender-Worker-ASYNCSTDOUT
2026-05-03 19:03:44,492 [INFO] in AsyncAppender-Worker-ASYNCSTDOUT - 19:03:44.492 [+2659 ms] INFO  c.j.i.s.ViewInfo$ - [JPro] -> View created: {app_name: default, host_name: localhost:8080, instance_id: 1jglnd5gedxldkxa3djwc5pdi, browser: Microsoft Edge 147.0.0.0, browser_url: http://localhost:8080/, client_ip: 0:0:0:0:0:0:0:1} - AsyncAppender-Worker-ASYNCSTDOUT
2026-05-03 19:03:44,712 [INFO] in JavaFX Application Thread - Menu Controller đã được khởi tạo! - JavaFX Application Thread
2026-05-03 19:03:45,686 [INFO] in JavaFX Application Thread - Nhạc nền menu đang phát... - JavaFX Application Thread
2026-05-03 19:03:46,073 [INFO] in AsyncAppender-Worker-ASYNCSTDOUT - 19:03:46.073 [+4240 ms] INFO  c.j.i.c.InstanceImpl - [JPro] -> Instance created: {app_name: default, host_name: localhost:8080, instance_id: 1jglnd5gedxldkxa3djwc5pdi, browser: Microsoft Edge 147.0.0.0, browser_url: http://localhost:8080/, client_ip: 0:0:0:0:0:0:0:1} - AsyncAppender-Worker-ASYNCSTDOUT
2026-05-03 19:03:52,113 [INFO] in JavaFX Application Thread - Nút Exit đã được bấm! Tạm biệt. - JavaFX Application Thread
2026-05-03 19:03:54,781 [INFO] in AsyncAppender-Worker-ASYNCSTDOUT - 19:03:54.781 [+12948 ms] INFO  c.j.i.s.JProWSEndpoint - Frame received after poison, ignoring - AsyncAppender-Worker-ASYNCSTDOUT
2026-05-03 19:03:54,781 [INFO] in AsyncAppender-Worker-ASYNCSTDOUT - 19:03:54.781 [+12948 ms] INFO  c.j.i.s.JProWSEndpoint - WebSocket for [default] closed: 1000 – tab-closed - AsyncAppender-Worker-ASYNCSTDOUT
2026-05-03 19:06:35,165 [INFO] in AsyncAppender-Worker-ASYNCSTDOUT - 19:06:35.161 [+494 ms] INFO  c.jpro.activity - Starting the server - AsyncAppender-Worker-ASYNCSTDOUT
2026-05-03 19:06:35,166 [INFO] in AsyncAppender-Worker-ASYNCSTDOUT - 19:06:35.163 [+496 ms] INFO  c.j.i.s.JProInitializer$ -  *** Starting JPro: https://www.jpro.one/ *** - AsyncAppender-Worker-ASYNCSTDOUT
2026-05-03 19:06:35,166 [INFO] in AsyncAppender-Worker-ASYNCSTDOUT - 19:06:35.163 [+496 ms] INFO  c.j.i.s.JProInitializer$ - OS: Windows 11 - AsyncAppender-Worker-ASYNCSTDOUT
2026-05-03 19:06:35,171 [INFO] in AsyncAppender-Worker-ASYNCSTDOUT - 19:06:35.171 [+504 ms] INFO  c.j.i.s.JProInitializer$ - JPro: 2026.1.1 - AsyncAppender-Worker-ASYNCSTDOUT
2026-05-03 19:06:35,171 [INFO] in AsyncAppender-Worker-ASYNCSTDOUT - 19:06:35.171 [+504 ms] INFO  c.j.i.s.JProInitializer$ - Java version: 26.0.1 - AsyncAppender-Worker-ASYNCSTDOUT
2026-05-03 19:06:35,171 [INFO] in AsyncAppender-Worker-ASYNCSTDOUT - 19:06:35.171 [+504 ms] INFO  c.j.i.s.JProInitializer$ - JVM: 26.0.1 Oracle Corporation - AsyncAppender-Worker-ASYNCSTDOUT
2026-05-03 19:06:35,173 [INFO] in AsyncAppender-Worker-ASYNCSTDOUT - 19:06:35.173 [+506 ms] INFO  c.j.i.s.JProInitializer$ - JavaFX jar: file:/C:/Users/lehas/.m2/repository/org/openjfx/javafx-graphics/25.0.2-jpro+1/javafx-graphics-25.0.2-jpro+1-win.jar - AsyncAppender-Worker-ASYNCSTDOUT
2026-05-03 19:06:35,176 [INFO] in AsyncAppender-Worker-ASYNCSTDOUT - 19:06:35.175 [+508 ms] INFO  c.j.i.s.JProInitializer$ - Configuring logging from url: 'jar:file:/C:/Users/lehas/.m2/repository/one/jpro/jpro-server_2.12/2026.1.1/jpro-server_2.12-2026.1.1.jar!/logback-jpro-default.xml' - AsyncAppender-Worker-ASYNCSTDOUT
2026-05-03 19:06:35,748 [INFO] in AsyncAppender-Worker-ASYNCSTDOUT - 19:06:35.747 [+1080 ms] INFO  c.j.i.s.JProInitializer$ - JavaFX version: 25.0.2-jpro+1 - AsyncAppender-Worker-ASYNCSTDOUT
2026-05-03 19:06:35,820 [INFO] in JavaFX Application Thread - G1 Young Generation - JavaFX Application Thread
2026-05-03 19:06:35,820 [INFO] in JavaFX Application Thread - G1 Concurrent GC - JavaFX Application Thread
2026-05-03 19:06:35,820 [INFO] in JavaFX Application Thread - G1 Old Generation - JavaFX Application Thread
2026-05-03 19:06:35,829 [INFO] in AsyncAppender-Worker-ASYNCSTDOUT - 19:06:35.829 [+1162 ms] INFO  c.j.i.s.JProInitializer$ - finished init! - AsyncAppender-Worker-ASYNCSTDOUT
2026-05-03 19:06:35,832 [INFO] in AsyncAppender-Worker-ASYNCSTDOUT - 19:06:35.832 [+1165 ms] INFO  c.j.i.s.JProInitializer$ - [JPro] -> Server started: {start_time: 1777809995160, os_name: Windows 11, jpro_version: 2026.1.1, pid: 12252, servername: E577} - AsyncAppender-Worker-ASYNCSTDOUT
2026-05-03 19:06:35,917 [INFO] in AsyncAppender-Worker-ASYNCSTDOUT - 19:06:35.916 [+1249 ms] INFO  c.j.i.s.Route$ - Creating routing for JPro server - AsyncAppender-Worker-ASYNCSTDOUT
2026-05-03 19:06:35,979 [INFO] in AsyncAppender-Worker-ASYNCSTDOUT - 19:06:35.979 [+1312 ms] INFO  i.h.c.f.HelidonFeatures - Helidon SE 4.2.6 features: [Config, Encoding, Media, Metrics, Registry, WebServer, WebSocket] - AsyncAppender-Worker-ASYNCSTDOUT
2026-05-03 19:06:35,984 [INFO] in AsyncAppender-Worker-ASYNCSTDOUT - 19:06:35.983 [+1316 ms] INFO  i.h.w.ServerListener - [0x2746c1d1] http://0.0.0.0:8080 bound for socket '@default' - AsyncAppender-Worker-ASYNCSTDOUT
2026-05-03 19:06:35,985 [ERROR] in Thread-0 - There is no Helidon logging implementation on classpath, skipping log configuration. - Thread-0
2026-05-03 19:06:35,990 [INFO] in AsyncAppender-Worker-ASYNCSTDOUT - 19:06:35.989 [+1322 ms] INFO  i.h.w.LoomServer - Started all channels in 18 milliseconds. 1656 milliseconds since JVM startup. Java 26.0.1+8-34 - AsyncAppender-Worker-ASYNCSTDOUT
2026-05-03 19:06:35,991 [INFO] in Thread-0 - Server started at http://localhost:8080 - Thread-0
2026-05-03 19:06:36,890 [INFO] in AsyncAppender-Worker-ASYNCSTDOUT - 19:06:36.889 [+2222 ms] INFO  c.j.i.s.JProWSEndpoint - application requested: default params: Map() - AsyncAppender-Worker-ASYNCSTDOUT
2026-05-03 19:06:36,891 [INFO] in AsyncAppender-Worker-ASYNCSTDOUT - 19:06:36.891 [+2224 ms] INFO  c.j.i.s.JProWSEndpoint - Creating Application: default - AsyncAppender-Worker-ASYNCSTDOUT
2026-05-03 19:06:36,892 [INFO] in AsyncAppender-Worker-ASYNCSTDOUT - 19:06:36.891 [+2224 ms] INFO  c.j.i.s.JProWSEndpoint - remoteAddress 0:0:0:0:0:0:0:1 - AsyncAppender-Worker-ASYNCSTDOUT
2026-05-03 19:06:36,893 [INFO] in AsyncAppender-Worker-ASYNCSTDOUT - 19:06:36.891 [+2224 ms] INFO  c.j.i.s.JProWSEndpoint - host           - AsyncAppender-Worker-ASYNCSTDOUT
2026-05-03 19:06:36,893 [INFO] in AsyncAppender-Worker-ASYNCSTDOUT - 19:06:36.891 [+2224 ms] INFO  c.j.i.s.JProWSEndpoint - uri           /app/ws/default - AsyncAppender-Worker-ASYNCSTDOUT
2026-05-03 19:06:36,903 [INFO] in AsyncAppender-Worker-ASYNCSTDOUT - 19:06:36.903 [+2236 ms] INFO  c.j.i.s.JProWSEndpoint - Application found. - AsyncAppender-Worker-ASYNCSTDOUT
2026-05-03 19:06:36,968 [INFO] in AsyncAppender-Worker-ASYNCSTDOUT - 19:06:36.968 [+2301 ms] INFO  c.j.i.s.JProWSEndpoint - Handshake received: 1fc848e7be83856bef963b103116f03f - AsyncAppender-Worker-ASYNCSTDOUT
2026-05-03 19:06:37,240 [INFO] in AsyncAppender-Worker-ASYNCSTDOUT - 19:06:37.240 [+2573 ms] INFO  c.j.i.s.ViewInfo$ - [JPro] -> View created: {app_name: default, host_name: localhost:8080, instance_id: c3mtokhptfd4tsomg4js3ozjt, browser: Microsoft Edge 147.0.0.0, browser_url: http://localhost:8080/, client_ip: 0:0:0:0:0:0:0:1} - AsyncAppender-Worker-ASYNCSTDOUT
2026-05-03 19:06:37,490 [INFO] in JavaFX Application Thread - Menu Controller đã được khởi tạo! - JavaFX Application Thread
2026-05-03 19:06:38,507 [INFO] in JavaFX Application Thread - Nhạc nền menu đang phát... - JavaFX Application Thread
2026-05-03 19:06:38,853 [INFO] in AsyncAppender-Worker-ASYNCSTDOUT - 19:06:38.853 [+4186 ms] INFO  c.j.i.c.InstanceImpl - [JPro] -> Instance created: {app_name: default, host_name: localhost:8080, instance_id: c3mtokhptfd4tsomg4js3ozjt, browser: Microsoft Edge 147.0.0.0, browser_url: http://localhost:8080/, client_ip: 0:0:0:0:0:0:0:1} - AsyncAppender-Worker-ASYNCSTDOUT
2026-05-03 19:06:53,223 [INFO] in AsyncAppender-Worker-ASYNCSTDOUT - 19:06:53.223 [+18556 ms] INFO  c.j.i.s.JProWSEndpoint - Frame received after poison, ignoring - AsyncAppender-Worker-ASYNCSTDOUT
2026-05-03 19:06:53,224 [INFO] in AsyncAppender-Worker-ASYNCSTDOUT - 19:06:53.223 [+18556 ms] INFO  c.j.i.s.JProWSEndpoint - WebSocket for [default] closed: 1000 – tab-closed - AsyncAppender-Worker-ASYNCSTDOUT
2026-05-03 19:06:53,226 [INFO] in AsyncAppender-Worker-ASYNCSTDOUT - 19:06:53.225 [+18558 ms] INFO  c.j.i.s.ViewInfo$ - [JPro] -> View closed: {app_name: default, host_name: localhost:8080, instance_id: c3mtokhptfd4tsomg4js3ozjt, browser: Microsoft Edge 147.0.0.0, browser_url: http://localhost:8080/, client_ip: 0:0:0:0:0:0:0:1, reason: tab-closed} - AsyncAppender-Worker-ASYNCSTDOUT
2026-05-03 19:06:53,228 [INFO] in AsyncAppender-Worker-ASYNCSTDOUT - 19:06:53.228 [+18561 ms] INFO  c.j.i.s.ViewInfo$ -  - AsyncAppender-Worker-ASYNCSTDOUT
2026-05-03 19:06:53,228 [INFO] in AsyncAppender-Worker-ASYNCSTDOUT - 19:06:53.228 [+18561 ms] INFO  c.j.i.s.ViewInfo$ - Application closed: - AsyncAppender-Worker-ASYNCSTDOUT
2026-05-03 19:06:53,236 [INFO] in AsyncAppender-Worker-ASYNCSTDOUT - 19:06:53.235 [+18568 ms] INFO  c.j.i.s.ViewInfo$ - startTime      : Sun May 03 19:06:37 GMT+07:00 2026       - AsyncAppender-Worker-ASYNCSTDOUT
2026-05-03 19:06:53,238 [INFO] in AsyncAppender-Worker-ASYNCSTDOUT - 19:06:53.235 [+18568 ms] INFO  c.j.i.s.ViewInfo$ - duration       : 00:00:16.096  - AsyncAppender-Worker-ASYNCSTDOUT
2026-05-03 19:06:53,239 [INFO] in AsyncAppender-Worker-ASYNCSTDOUT - 19:06:53.236 [+18569 ms] INFO  c.j.i.s.ViewInfo$ - averageLatency : 00:00:00.004  - AsyncAppender-Worker-ASYNCSTDOUT
2026-05-03 19:06:53,239 [INFO] in AsyncAppender-Worker-ASYNCSTDOUT - 19:06:53.236 [+18569 ms] INFO  c.j.i.s.ViewInfo$ - averageJitter  : 00:00:00.006   - AsyncAppender-Worker-ASYNCSTDOUT
2026-05-03 19:06:53,240 [INFO] in AsyncAppender-Worker-ASYNCSTDOUT - 19:06:53.239 [+18572 ms] INFO  c.j.i.s.ViewInfo$ - framerateServer: 00:00:00.000 - AsyncAppender-Worker-ASYNCSTDOUT
2026-05-03 19:06:53,240 [INFO] in AsyncAppender-Worker-ASYNCSTDOUT - 19:06:53.240 [+18573 ms] INFO  c.j.i.s.ViewInfo$ - framerateClient: 00:00:00.000 - AsyncAppender-Worker-ASYNCSTDOUT
2026-05-03 19:06:53,240 [INFO] in AsyncAppender-Worker-ASYNCSTDOUT - 19:06:53.240 [+18573 ms] INFO  c.j.i.s.ViewInfo$ - raw            : 33444 - AsyncAppender-Worker-ASYNCSTDOUT
2026-05-03 19:06:53,240 [INFO] in AsyncAppender-Worker-ASYNCSTDOUT - 19:06:53.240 [+18573 ms] INFO  c.j.i.s.ViewInfo$ - zipped         : 5621 - AsyncAppender-Worker-ASYNCSTDOUT
2026-05-03 19:06:53,240 [INFO] in AsyncAppender-Worker-ASYNCSTDOUT - 19:06:53.240 [+18573 ms] INFO  c.j.i.s.ViewInfo$ -  - AsyncAppender-Worker-ASYNCSTDOUT
2026-05-03 19:06:53,243 [ERROR] in JavaFX Application Thread - java.lang.AssertionError: assertion failed: Can't dispose, the JPro view is no longer active. Close reason was: tab-closed - JavaFX Application Thread
2026-05-03 19:06:53,243 [ERROR] in JavaFX Application Thread - 	at scala.Predef$.assert(Predef.scala:223) - JavaFX Application Thread
2026-05-03 19:06:53,243 [ERROR] in JavaFX Application Thread - 	at com.jpro.internal.communicator.ViewImpl.dispose(ViewImpl.scala:226) - JavaFX Application Thread
2026-05-03 19:06:53,243 [ERROR] in JavaFX Application Thread - 	at com.jpro.internal.server.JProWSEndpoint.$anonfun$disposeIfNeeded$1(JProWSEndpoint.scala:242) - JavaFX Application Thread
2026-05-03 19:06:53,243 [ERROR] in JavaFX Application Thread - 	at scala.runtime.java8.JFunction0$mcV$sp.apply(JFunction0$mcV$sp.java:23) - JavaFX Application Thread
2026-05-03 19:06:53,243 [ERROR] in JavaFX Application Thread - 	at simplefx.cores.standard.parts.CoreTimeEvent$$anon$3.run(CoreTimeEvent.scala:62) - JavaFX Application Thread
2026-05-03 19:06:53,243 [ERROR] in JavaFX Application Thread - 	at com.sun.javafx.application.PlatformImpl.lambda$runLater$0(PlatformImpl.java:425) - JavaFX Application Thread
2026-05-03 19:06:53,243 [ERROR] in JavaFX Application Thread - 	at com.sun.glass.ui.monocle.RunnableProcessor.runLoop(RunnableProcessor.java:92) - JavaFX Application Thread
2026-05-03 19:06:53,243 [ERROR] in JavaFX Application Thread - 	at com.sun.glass.ui.monocle.RunnableProcessor.run(RunnableProcessor.java:51) - JavaFX Application Thread
2026-05-03 19:06:53,244 [ERROR] in JavaFX Application Thread - 	at java.base/java.lang.Thread.run(Thread.java:1516) - JavaFX Application Thread
2026-05-03 19:06:53,244 [ERROR] in JavaFX Application Thread - Exception in thread "JavaFX Application Thread" java.lang.AssertionError: assertion failed: Can't dispose, the JPro view is no longer active. Close reason was: tab-closed - JavaFX Application Thread
2026-05-03 19:06:53,244 [ERROR] in JavaFX Application Thread - 	at scala.Predef$.assert(Predef.scala:223) - JavaFX Application Thread
2026-05-03 19:06:53,244 [ERROR] in JavaFX Application Thread - 	at com.jpro.internal.communicator.ViewImpl.dispose(ViewImpl.scala:226) - JavaFX Application Thread
2026-05-03 19:06:53,244 [ERROR] in JavaFX Application Thread - 	at com.jpro.internal.server.JProWSEndpoint.$anonfun$disposeIfNeeded$1(JProWSEndpoint.scala:242) - JavaFX Application Thread
2026-05-03 19:06:53,244 [ERROR] in JavaFX Application Thread - 	at scala.runtime.java8.JFunction0$mcV$sp.apply(JFunction0$mcV$sp.java:23) - JavaFX Application Thread
2026-05-03 19:06:53,244 [ERROR] in JavaFX Application Thread - 	at simplefx.cores.standard.parts.CoreTimeEvent$$anon$3.run(CoreTimeEvent.scala:62) - JavaFX Application Thread
2026-05-03 19:06:53,244 [ERROR] in JavaFX Application Thread - 	at com.sun.javafx.application.PlatformImpl.lambda$runLater$0(PlatformImpl.java:425) - JavaFX Application Thread
2026-05-03 19:06:53,244 [ERROR] in JavaFX Application Thread - 	at com.sun.glass.ui.monocle.RunnableProcessor.runLoop(RunnableProcessor.java:92) - JavaFX Application Thread
2026-05-03 19:06:53,244 [ERROR] in JavaFX Application Thread - 	at com.sun.glass.ui.monocle.RunnableProcessor.run(RunnableProcessor.java:51) - JavaFX Application Thread
2026-05-03 19:06:53,245 [ERROR] in JavaFX Application Thread - 	at java.base/java.lang.Thread.run(Thread.java:1516) - JavaFX Application Thread
2026-05-03 19:06:54,234 [INFO] in AsyncAppender-Worker-ASYNCSTDOUT - 19:06:54.234 [+19567 ms] INFO  c.j.i.c.InstanceImpl - [JPro] -> Instance closed: {app_name: default, host_name: localhost:8080, instance_id: c3mtokhptfd4tsomg4js3ozjt, browser: Microsoft Edge 147.0.0.0, browser_url: http://localhost:8080/, client_ip: 0:0:0:0:0:0:0:1, reason: close-tab-closed} - AsyncAppender-Worker-ASYNCSTDOUT
2026-05-03 19:09:07,002 [INFO] in AsyncAppender-Worker-ASYNCSTDOUT - 19:09:06.998 [+529 ms] INFO  c.jpro.activity - Starting the server - AsyncAppender-Worker-ASYNCSTDOUT
2026-05-03 19:09:07,002 [INFO] in AsyncAppender-Worker-ASYNCSTDOUT - 19:09:07.000 [+531 ms] INFO  c.j.i.s.JProInitializer$ -  *** Starting JPro: https://www.jpro.one/ *** - AsyncAppender-Worker-ASYNCSTDOUT
2026-05-03 19:09:07,003 [INFO] in AsyncAppender-Worker-ASYNCSTDOUT - 19:09:07.000 [+531 ms] INFO  c.j.i.s.JProInitializer$ - OS: Windows 11 - AsyncAppender-Worker-ASYNCSTDOUT
2026-05-03 19:09:07,007 [INFO] in AsyncAppender-Worker-ASYNCSTDOUT - 19:09:07.007 [+538 ms] INFO  c.j.i.s.JProInitializer$ - JPro: 2026.1.1 - AsyncAppender-Worker-ASYNCSTDOUT
2026-05-03 19:09:07,007 [INFO] in AsyncAppender-Worker-ASYNCSTDOUT - 19:09:07.007 [+538 ms] INFO  c.j.i.s.JProInitializer$ - Java version: 26.0.1 - AsyncAppender-Worker-ASYNCSTDOUT
2026-05-03 19:09:07,007 [INFO] in AsyncAppender-Worker-ASYNCSTDOUT - 19:09:07.007 [+538 ms] INFO  c.j.i.s.JProInitializer$ - JVM: 26.0.1 Oracle Corporation - AsyncAppender-Worker-ASYNCSTDOUT
2026-05-03 19:09:07,008 [INFO] in AsyncAppender-Worker-ASYNCSTDOUT - 19:09:07.008 [+539 ms] INFO  c.j.i.s.JProInitializer$ - JavaFX jar: file:/C:/Users/lehas/.m2/repository/org/openjfx/javafx-graphics/25.0.2-jpro+1/javafx-graphics-25.0.2-jpro+1-win.jar - AsyncAppender-Worker-ASYNCSTDOUT
2026-05-03 19:09:07,012 [INFO] in AsyncAppender-Worker-ASYNCSTDOUT - 19:09:07.011 [+542 ms] INFO  c.j.i.s.JProInitializer$ - Configuring logging from url: 'jar:file:/C:/Users/lehas/.m2/repository/one/jpro/jpro-server_2.12/2026.1.1/jpro-server_2.12-2026.1.1.jar!/logback-jpro-default.xml' - AsyncAppender-Worker-ASYNCSTDOUT
2026-05-03 19:09:07,585 [INFO] in AsyncAppender-Worker-ASYNCSTDOUT - 19:09:07.585 [+1116 ms] INFO  c.j.i.s.JProInitializer$ - JavaFX version: 25.0.2-jpro+1 - AsyncAppender-Worker-ASYNCSTDOUT
2026-05-03 19:09:07,672 [INFO] in JavaFX Application Thread - G1 Young Generation - JavaFX Application Thread
2026-05-03 19:09:07,672 [INFO] in JavaFX Application Thread - G1 Concurrent GC - JavaFX Application Thread
2026-05-03 19:09:07,672 [INFO] in JavaFX Application Thread - G1 Old Generation - JavaFX Application Thread
2026-05-03 19:09:07,687 [INFO] in AsyncAppender-Worker-ASYNCSTDOUT - 19:09:07.687 [+1218 ms] INFO  c.j.i.s.JProInitializer$ - finished init! - AsyncAppender-Worker-ASYNCSTDOUT
2026-05-03 19:09:07,691 [INFO] in AsyncAppender-Worker-ASYNCSTDOUT - 19:09:07.690 [+1221 ms] INFO  c.j.i.s.JProInitializer$ - [JPro] -> Server started: {start_time: 1777810146997, os_name: Windows 11, jpro_version: 2026.1.1, pid: 1176, servername: H198} - AsyncAppender-Worker-ASYNCSTDOUT
2026-05-03 19:09:07,770 [INFO] in AsyncAppender-Worker-ASYNCSTDOUT - 19:09:07.770 [+1301 ms] INFO  c.j.i.s.Route$ - Creating routing for JPro server - AsyncAppender-Worker-ASYNCSTDOUT
2026-05-03 19:09:07,838 [INFO] in AsyncAppender-Worker-ASYNCSTDOUT - 19:09:07.837 [+1368 ms] INFO  i.h.c.f.HelidonFeatures - Helidon SE 4.2.6 features: [Config, Encoding, Media, Metrics, Registry, WebServer, WebSocket] - AsyncAppender-Worker-ASYNCSTDOUT
2026-05-03 19:09:07,844 [INFO] in AsyncAppender-Worker-ASYNCSTDOUT - 19:09:07.844 [+1375 ms] INFO  i.h.w.ServerListener - [0x02d90efa] http://0.0.0.0:8080 bound for socket '@default' - AsyncAppender-Worker-ASYNCSTDOUT
2026-05-03 19:09:07,846 [ERROR] in Thread-0 - There is no Helidon logging implementation on classpath, skipping log configuration. - Thread-0
2026-05-03 19:09:07,853 [INFO] in AsyncAppender-Worker-ASYNCSTDOUT - 19:09:07.852 [+1383 ms] INFO  i.h.w.LoomServer - Started all channels in 21 milliseconds. 1742 milliseconds since JVM startup. Java 26.0.1+8-34 - AsyncAppender-Worker-ASYNCSTDOUT
2026-05-03 19:09:07,854 [INFO] in Thread-0 - Server started at http://localhost:8080 - Thread-0
2026-05-03 19:09:08,677 [INFO] in AsyncAppender-Worker-ASYNCSTDOUT - 19:09:08.676 [+2207 ms] INFO  c.j.i.s.JProWSEndpoint - application requested: default params: Map() - AsyncAppender-Worker-ASYNCSTDOUT
2026-05-03 19:09:08,678 [INFO] in AsyncAppender-Worker-ASYNCSTDOUT - 19:09:08.677 [+2208 ms] INFO  c.j.i.s.JProWSEndpoint - Creating Application: default - AsyncAppender-Worker-ASYNCSTDOUT
2026-05-03 19:09:08,678 [INFO] in AsyncAppender-Worker-ASYNCSTDOUT - 19:09:08.677 [+2208 ms] INFO  c.j.i.s.JProWSEndpoint - remoteAddress 0:0:0:0:0:0:0:1 - AsyncAppender-Worker-ASYNCSTDOUT
2026-05-03 19:09:08,678 [INFO] in AsyncAppender-Worker-ASYNCSTDOUT - 19:09:08.677 [+2208 ms] INFO  c.j.i.s.JProWSEndpoint - host           - AsyncAppender-Worker-ASYNCSTDOUT
2026-05-03 19:09:08,678 [INFO] in AsyncAppender-Worker-ASYNCSTDOUT - 19:09:08.677 [+2208 ms] INFO  c.j.i.s.JProWSEndpoint - uri           /app/ws/default - AsyncAppender-Worker-ASYNCSTDOUT
2026-05-03 19:09:08,687 [INFO] in AsyncAppender-Worker-ASYNCSTDOUT - 19:09:08.686 [+2217 ms] INFO  c.j.i.s.JProWSEndpoint - Application found. - AsyncAppender-Worker-ASYNCSTDOUT
2026-05-03 19:09:08,744 [INFO] in AsyncAppender-Worker-ASYNCSTDOUT - 19:09:08.744 [+2275 ms] INFO  c.j.i.s.JProWSEndpoint - Handshake received: 1fc848e7be83856bef963b103116f03f - AsyncAppender-Worker-ASYNCSTDOUT
2026-05-03 19:09:09,003 [INFO] in AsyncAppender-Worker-ASYNCSTDOUT - 19:09:09.003 [+2534 ms] INFO  c.j.i.s.ViewInfo$ - [JPro] -> View created: {app_name: default, host_name: localhost:8080, instance_id: 338co29ogxtvejg4mwmjb5zbg, browser: Microsoft Edge 147.0.0.0, browser_url: http://localhost:8080/, client_ip: 0:0:0:0:0:0:0:1} - AsyncAppender-Worker-ASYNCSTDOUT
2026-05-03 19:09:09,282 [INFO] in JavaFX Application Thread - Menu Controller đã được khởi tạo! - JavaFX Application Thread
2026-05-03 19:09:09,775 [INFO] in JavaFX Application Thread - Nhạc nền menu đang phát... - JavaFX Application Thread
2026-05-03 19:09:10,170 [INFO] in AsyncAppender-Worker-ASYNCSTDOUT - 19:09:10.170 [+3701 ms] INFO  c.j.i.c.InstanceImpl - [JPro] -> Instance created: {app_name: default, host_name: localhost:8080, instance_id: 338co29ogxtvejg4mwmjb5zbg, browser: Microsoft Edge 147.0.0.0, browser_url: http://localhost:8080/, client_ip: 0:0:0:0:0:0:0:1} - AsyncAppender-Worker-ASYNCSTDOUT
2026-05-03 19:09:12,191 [INFO] in JavaFX Application Thread - Nút Start đã được bấm! Đang khởi tạo GameView... - JavaFX Application Thread
2026-05-03 19:09:12,207 [INFO] in JavaFX Application Thread - Đã khởi tạo Difficulty Controller - JavaFX Application Thread
2026-05-03 19:09:12,250 [INFO] in AsyncAppender-Worker-ASYNCSTDOUT - 19:09:12.250 [+5781 ms] INFO  c.j.m.t.SceneInputListener - On disposing SceneInputListener: primaryScene.window was null. Skipped the forced release of the mouse. - AsyncAppender-Worker-ASYNCSTDOUT
2026-05-03 19:09:13,456 [INFO] in JavaFX Application Thread - Medium Mode - JavaFX Application Thread
2026-05-03 19:09:13,562 [INFO] in AsyncAppender-Worker-ASYNCSTDOUT - 19:09:13.561 [+7092 ms] INFO  c.j.m.t.SceneInputListener - On disposing SceneInputListener: primaryScene.window was null. Skipped the forced release of the mouse. - AsyncAppender-Worker-ASYNCSTDOUT
2026-05-03 19:09:19,097 [INFO] in AsyncAppender-Worker-ASYNCSTDOUT - 19:09:19.097 [+12628 ms] WARN  c.j.m.s.FXSerializer$$anon$1 - Unsupported Object: com.sun.scenario.effect.DropShadow@7a40683e ... com.sun.scenario.effect.DropShadow - AsyncAppender-Worker-ASYNCSTDOUT
2026-05-03 19:09:19,112 [INFO] in AsyncAppender-Worker-ASYNCSTDOUT - 19:09:19.111 [+12642 ms] WARN  c.j.m.s.FXSerializer$$anon$1 - Unsupported Object: com.sun.scenario.effect.DropShadow@13bcf334 ... com.sun.scenario.effect.DropShadow - AsyncAppender-Worker-ASYNCSTDOUT
2026-05-03 19:09:19,128 [INFO] in AsyncAppender-Worker-ASYNCSTDOUT - 19:09:19.127 [+12658 ms] WARN  c.j.m.s.FXSerializer$$anon$1 - Unsupported Object: com.sun.scenario.effect.DropShadow@620f07be ... com.sun.scenario.effect.DropShadow - AsyncAppender-Worker-ASYNCSTDOUT
2026-05-03 19:09:19,145 [INFO] in AsyncAppender-Worker-ASYNCSTDOUT - 19:09:19.144 [+12675 ms] WARN  c.j.m.s.FXSerializer$$anon$1 - Unsupported Object: com.sun.scenario.effect.DropShadow@21ccd0e7 ... com.sun.scenario.effect.DropShadow - AsyncAppender-Worker-ASYNCSTDOUT
2026-05-03 19:09:19,160 [INFO] in AsyncAppender-Worker-ASYNCSTDOUT - 19:09:19.160 [+12691 ms] WARN  c.j.m.s.FXSerializer$$anon$1 - Unsupported Object: com.sun.scenario.effect.DropShadow@4f5e7d95 ... com.sun.scenario.effect.DropShadow - AsyncAppender-Worker-ASYNCSTDOUT
2026-05-03 19:09:19,175 [INFO] in AsyncAppender-Worker-ASYNCSTDOUT - 19:09:19.175 [+12706 ms] WARN  c.j.m.s.FXSerializer$$anon$1 - Unsupported Object: com.sun.scenario.effect.DropShadow@1ca1a263 ... com.sun.scenario.effect.DropShadow - AsyncAppender-Worker-ASYNCSTDOUT
2026-05-03 19:09:19,191 [INFO] in AsyncAppender-Worker-ASYNCSTDOUT - 19:09:19.191 [+12722 ms] WARN  c.j.m.s.FXSerializer$$anon$1 - Unsupported Object: com.sun.scenario.effect.DropShadow@19152c0b ... com.sun.scenario.effect.DropShadow - AsyncAppender-Worker-ASYNCSTDOUT
2026-05-03 19:09:19,209 [INFO] in AsyncAppender-Worker-ASYNCSTDOUT - 19:09:19.208 [+12739 ms] WARN  c.j.m.s.FXSerializer$$anon$1 - Unsupported Object: com.sun.scenario.effect.DropShadow@3dbe605a ... com.sun.scenario.effect.DropShadow - AsyncAppender-Worker-ASYNCSTDOUT
2026-05-03 19:09:19,223 [INFO] in AsyncAppender-Worker-ASYNCSTDOUT - 19:09:19.223 [+12754 ms] WARN  c.j.m.s.FXSerializer$$anon$1 - Unsupported Object: com.sun.scenario.effect.DropShadow@2a0e7f7f ... com.sun.scenario.effect.DropShadow - AsyncAppender-Worker-ASYNCSTDOUT
2026-05-03 19:09:19,239 [INFO] in AsyncAppender-Worker-ASYNCSTDOUT - 19:09:19.239 [+12770 ms] WARN  c.j.m.s.FXSerializer$$anon$1 - Unsupported Object: com.sun.scenario.effect.DropShadow@70d835bc ... com.sun.scenario.effect.DropShadow - AsyncAppender-Worker-ASYNCSTDOUT
2026-05-03 19:09:19,255 [INFO] in AsyncAppender-Worker-ASYNCSTDOUT - 19:09:19.255 [+12786 ms] WARN  c.j.m.s.FXSerializer$$anon$1 - Unsupported Object: com.sun.scenario.effect.DropShadow@27c8b6e0 ... com.sun.scenario.effect.DropShadow - AsyncAppender-Worker-ASYNCSTDOUT
2026-05-03 19:09:19,271 [INFO] in AsyncAppender-Worker-ASYNCSTDOUT - 19:09:19.271 [+12802 ms] WARN  c.j.m.s.FXSerializer$$anon$1 - Unsupported Object: com.sun.scenario.effect.DropShadow@653afefa ... com.sun.scenario.effect.DropShadow - AsyncAppender-Worker-ASYNCSTDOUT
2026-05-03 19:09:19,288 [INFO] in AsyncAppender-Worker-ASYNCSTDOUT - 19:09:19.288 [+12819 ms] WARN  c.j.m.s.FXSerializer$$anon$1 - Unsupported Object: com.sun.scenario.effect.DropShadow@3c9d6d96 ... com.sun.scenario.effect.DropShadow - AsyncAppender-Worker-ASYNCSTDOUT
2026-05-03 19:09:19,301 [INFO] in AsyncAppender-Worker-ASYNCSTDOUT - 19:09:19.301 [+12832 ms] WARN  c.j.m.s.FXSerializer$$anon$1 - Unsupported Object: com.sun.scenario.effect.DropShadow@404696a3 ... com.sun.scenario.effect.DropShadow - AsyncAppender-Worker-ASYNCSTDOUT
2026-05-03 19:09:19,319 [INFO] in AsyncAppender-Worker-ASYNCSTDOUT - 19:09:19.319 [+12850 ms] WARN  c.j.m.s.FXSerializer$$anon$1 - Unsupported Object: com.sun.scenario.effect.DropShadow@39af7802 ... com.sun.scenario.effect.DropShadow - AsyncAppender-Worker-ASYNCSTDOUT
2026-05-03 19:09:19,335 [INFO] in AsyncAppender-Worker-ASYNCSTDOUT - 19:09:19.335 [+12866 ms] WARN  c.j.m.s.FXSerializer$$anon$1 - Unsupported Object: com.sun.scenario.effect.DropShadow@45462443 ... com.sun.scenario.effect.DropShadow - AsyncAppender-Worker-ASYNCSTDOUT
2026-05-03 19:09:19,351 [INFO] in AsyncAppender-Worker-ASYNCSTDOUT - 19:09:19.351 [+12882 ms] WARN  c.j.m.s.FXSerializer$$anon$1 - Unsupported Object: com.sun.scenario.effect.DropShadow@54bc962 ... com.sun.scenario.effect.DropShadow - AsyncAppender-Worker-ASYNCSTDOUT
2026-05-03 19:09:19,366 [INFO] in AsyncAppender-Worker-ASYNCSTDOUT - 19:09:19.366 [+12897 ms] WARN  c.j.m.s.FXSerializer$$anon$1 - Unsupported Object: com.sun.scenario.effect.DropShadow@bd359e2 ... com.sun.scenario.effect.DropShadow - AsyncAppender-Worker-ASYNCSTDOUT
2026-05-03 19:09:19,384 [INFO] in AsyncAppender-Worker-ASYNCSTDOUT - 19:09:19.383 [+12914 ms] WARN  c.j.m.s.FXSerializer$$anon$1 - Unsupported Object: com.sun.scenario.effect.DropShadow@6b1bb20d ... com.sun.scenario.effect.DropShadow - AsyncAppender-Worker-ASYNCSTDOUT
2026-05-03 19:09:23,879 [INFO] in AsyncAppender-Worker-ASYNCSTDOUT - 19:09:23.879 [+17410 ms] INFO  c.j.i.s.JProWSEndpoint - Frame received after poison, ignoring - AsyncAppender-Worker-ASYNCSTDOUT
2026-05-03 19:09:23,879 [INFO] in AsyncAppender-Worker-ASYNCSTDOUT - 19:09:23.879 [+17410 ms] INFO  c.j.i.s.JProWSEndpoint - WebSocket for [default] closed: 1000 – tab-closed - AsyncAppender-Worker-ASYNCSTDOUT
2026-05-03 19:09:23,882 [INFO] in AsyncAppender-Worker-ASYNCSTDOUT - 19:09:23.882 [+17413 ms] INFO  c.j.i.s.ViewInfo$ - [JPro] -> View closed: {app_name: default, host_name: localhost:8080, instance_id: 338co29ogxtvejg4mwmjb5zbg, browser: Microsoft Edge 147.0.0.0, browser_url: http://localhost:8080/, client_ip: 0:0:0:0:0:0:0:1, reason: tab-closed} - AsyncAppender-Worker-ASYNCSTDOUT
2026-05-03 19:09:23,903 [INFO] in AsyncAppender-Worker-ASYNCSTDOUT - 19:09:23.903 [+17434 ms] INFO  c.j.i.s.ViewInfo$ -  - AsyncAppender-Worker-ASYNCSTDOUT
2026-05-03 19:09:23,903 [INFO] in AsyncAppender-Worker-ASYNCSTDOUT - 19:09:23.903 [+17434 ms] INFO  c.j.i.s.ViewInfo$ - Application closed: - AsyncAppender-Worker-ASYNCSTDOUT
2026-05-03 19:09:23,914 [INFO] in AsyncAppender-Worker-ASYNCSTDOUT - 19:09:23.914 [+17445 ms] INFO  c.j.i.s.ViewInfo$ - startTime      : Sun May 03 19:09:08 GMT+07:00 2026       - AsyncAppender-Worker-ASYNCSTDOUT
2026-05-03 19:09:23,915 [INFO] in AsyncAppender-Worker-ASYNCSTDOUT - 19:09:23.914 [+17445 ms] INFO  c.j.i.s.ViewInfo$ - duration       : 00:00:14.991  - AsyncAppender-Worker-ASYNCSTDOUT
2026-05-03 19:09:23,915 [INFO] in AsyncAppender-Worker-ASYNCSTDOUT - 19:09:23.914 [+17445 ms] INFO  c.j.i.s.ViewInfo$ - averageLatency : 00:00:00.002  - AsyncAppender-Worker-ASYNCSTDOUT
2026-05-03 19:09:23,915 [INFO] in AsyncAppender-Worker-ASYNCSTDOUT - 19:09:23.914 [+17445 ms] INFO  c.j.i.s.ViewInfo$ - averageJitter  : 00:00:00.000   - AsyncAppender-Worker-ASYNCSTDOUT
2026-05-03 19:09:23,916 [INFO] in AsyncAppender-Worker-ASYNCSTDOUT - 19:09:23.915 [+17446 ms] INFO  c.j.i.s.ViewInfo$ - framerateServer: 00:00:00.000 - AsyncAppender-Worker-ASYNCSTDOUT
2026-05-03 19:09:23,916 [INFO] in AsyncAppender-Worker-ASYNCSTDOUT - 19:09:23.916 [+17447 ms] INFO  c.j.i.s.ViewInfo$ - framerateClient: 00:00:00.000 - AsyncAppender-Worker-ASYNCSTDOUT
2026-05-03 19:09:23,917 [INFO] in AsyncAppender-Worker-ASYNCSTDOUT - 19:09:23.916 [+17447 ms] INFO  c.j.i.s.ViewInfo$ - raw            : 5037188 - AsyncAppender-Worker-ASYNCSTDOUT
2026-05-03 19:09:23,917 [INFO] in AsyncAppender-Worker-ASYNCSTDOUT - 19:09:23.916 [+17447 ms] INFO  c.j.i.s.ViewInfo$ - zipped         : 682726 - AsyncAppender-Worker-ASYNCSTDOUT
2026-05-03 19:09:23,917 [INFO] in AsyncAppender-Worker-ASYNCSTDOUT - 19:09:23.916 [+17447 ms] INFO  c.j.i.s.ViewInfo$ -  - AsyncAppender-Worker-ASYNCSTDOUT
2026-05-03 19:09:23,918 [ERROR] in JavaFX Application Thread - java.lang.AssertionError: assertion failed: Can't dispose, the JPro view is no longer active. Close reason was: tab-closed - JavaFX Application Thread
2026-05-03 19:09:23,918 [ERROR] in JavaFX Application Thread - 	at scala.Predef$.assert(Predef.scala:223) - JavaFX Application Thread
2026-05-03 19:09:23,918 [ERROR] in JavaFX Application Thread - 	at com.jpro.internal.communicator.ViewImpl.dispose(ViewImpl.scala:226) - JavaFX Application Thread
2026-05-03 19:09:23,918 [ERROR] in JavaFX Application Thread - 	at com.jpro.internal.server.JProWSEndpoint.$anonfun$disposeIfNeeded$1(JProWSEndpoint.scala:242) - JavaFX Application Thread
2026-05-03 19:09:23,919 [ERROR] in JavaFX Application Thread - 	at scala.runtime.java8.JFunction0$mcV$sp.apply(JFunction0$mcV$sp.java:23) - JavaFX Application Thread
2026-05-03 19:09:23,919 [ERROR] in JavaFX Application Thread - 	at simplefx.cores.standard.parts.CoreTimeEvent$$anon$3.run(CoreTimeEvent.scala:62) - JavaFX Application Thread
2026-05-03 19:09:23,919 [ERROR] in JavaFX Application Thread - 	at com.sun.javafx.application.PlatformImpl.lambda$runLater$0(PlatformImpl.java:425) - JavaFX Application Thread
2026-05-03 19:09:23,919 [ERROR] in JavaFX Application Thread - 	at com.sun.glass.ui.monocle.RunnableProcessor.runLoop(RunnableProcessor.java:92) - JavaFX Application Thread
2026-05-03 19:09:23,919 [ERROR] in JavaFX Application Thread - 	at com.sun.glass.ui.monocle.RunnableProcessor.run(RunnableProcessor.java:51) - JavaFX Application Thread
2026-05-03 19:09:23,919 [ERROR] in JavaFX Application Thread - 	at java.base/java.lang.Thread.run(Thread.java:1516) - JavaFX Application Thread
2026-05-03 19:09:23,919 [ERROR] in JavaFX Application Thread - Exception in thread "JavaFX Application Thread" java.lang.AssertionError: assertion failed: Can't dispose, the JPro view is no longer active. Close reason was: tab-closed - JavaFX Application Thread
2026-05-03 19:09:23,919 [ERROR] in JavaFX Application Thread - 	at scala.Predef$.assert(Predef.scala:223) - JavaFX Application Thread
2026-05-03 19:09:23,919 [ERROR] in JavaFX Application Thread - 	at com.jpro.internal.communicator.ViewImpl.dispose(ViewImpl.scala:226) - JavaFX Application Thread
2026-05-03 19:09:23,919 [ERROR] in JavaFX Application Thread - 	at com.jpro.internal.server.JProWSEndpoint.$anonfun$disposeIfNeeded$1(JProWSEndpoint.scala:242) - JavaFX Application Thread
2026-05-03 19:09:23,919 [ERROR] in JavaFX Application Thread - 	at scala.runtime.java8.JFunction0$mcV$sp.apply(JFunction0$mcV$sp.java:23) - JavaFX Application Thread
2026-05-03 19:09:23,919 [ERROR] in JavaFX Application Thread - 	at simplefx.cores.standard.parts.CoreTimeEvent$$anon$3.run(CoreTimeEvent.scala:62) - JavaFX Application Thread
2026-05-03 19:09:23,919 [ERROR] in JavaFX Application Thread - 	at com.sun.javafx.application.PlatformImpl.lambda$runLater$0(PlatformImpl.java:425) - JavaFX Application Thread
2026-05-03 19:09:23,919 [ERROR] in JavaFX Application Thread - 	at com.sun.glass.ui.monocle.RunnableProcessor.runLoop(RunnableProcessor.java:92) - JavaFX Application Thread
2026-05-03 19:09:23,919 [ERROR] in JavaFX Application Thread - 	at com.sun.glass.ui.monocle.RunnableProcessor.run(RunnableProcessor.java:51) - JavaFX Application Thread
2026-05-03 19:09:23,919 [ERROR] in JavaFX Application Thread - 	at java.base/java.lang.Thread.run(Thread.java:1516) - JavaFX Application Thread
2026-05-03 19:09:24,893 [INFO] in AsyncAppender-Worker-ASYNCSTDOUT - 19:09:24.893 [+18424 ms] INFO  c.j.i.c.InstanceImpl - [JPro] -> Instance closed: {app_name: default, host_name: localhost:8080, instance_id: 338co29ogxtvejg4mwmjb5zbg, browser: Microsoft Edge 147.0.0.0, browser_url: http://localhost:8080/, client_ip: 0:0:0:0:0:0:0:1, reason: close-tab-closed} - AsyncAppender-Worker-ASYNCSTDOUT
