2026-04-29 20:50:43,963 [INFO] from com.jpro.activity in scala-execution-context-global-39 - Starting the server
2026-04-29 20:50:43,965 [INFO] from com.jpro.internal.server.JProInitializer$ in scala-execution-context-global-39 -  *** Starting JPro: https://www.jpro.one/ ***
2026-04-29 20:50:43,965 [INFO] from com.jpro.internal.server.JProInitializer$ in scala-execution-context-global-39 - OS: Windows 11
2026-04-29 20:50:43,977 [INFO] from com.jpro.internal.server.JProInitializer$ in scala-execution-context-global-39 - JPro: 2026.1.1
2026-04-29 20:50:43,977 [INFO] from com.jpro.internal.server.JProInitializer$ in scala-execution-context-global-39 - Java version: 26.0.1
2026-04-29 20:50:43,977 [INFO] from com.jpro.internal.server.JProInitializer$ in scala-execution-context-global-39 - JVM: 26.0.1 Oracle Corporation
2026-04-29 20:50:43,980 [INFO] from com.jpro.internal.server.JProInitializer$ in scala-execution-context-global-39 - JavaFX jar: file:/C:/Users/lehas/.m2/repository/org/openjfx/javafx-graphics/25.0.2-jpro+1/javafx-graphics-25.0.2-jpro+1-win.jar
2026-04-29 20:50:43,984 [INFO] from com.jpro.internal.server.JProInitializer$ in scala-execution-context-global-39 - Configuring logging from url: 'jar:file:/C:/Users/lehas/.m2/repository/one/jpro/jpro-server_2.12/2026.1.1/jpro-server_2.12-2026.1.1.jar!/logback-jpro-default.xml'
2026-04-29 20:50:45,217 [INFO] from com.jpro.internal.server.JProInitializer$ in JavaFX Application Thread - JavaFX version: 25.0.2-jpro+1
2026-04-29 20:50:45,313 [INFO] from com.jpro.internal.server.JProInitializer$ in scala-execution-context-global-39 - finished init!
2026-04-29 20:50:45,317 [INFO] from com.jpro.internal.server.JProInitializer$ in scala-execution-context-global-39 - [JPro] -> Server started: {start_time: 1777470643961, os_name: Windows 11, jpro_version: 2026.1.1, pid: 25092, servername: N610}
2026-04-29 20:50:45,410 [INFO] from com.jpro.internal.server.Route$ in Thread-0 - Creating routing for JPro server
2026-04-29 20:50:45,483 [INFO] from io.helidon.common.features.HelidonFeatures in features-thread - Helidon SE 4.2.6 features: [Config, Encoding, Media, Metrics, Registry, WebServer, WebSocket]
2026-04-29 20:50:45,491 [INFO] from io.helidon.webserver.ServerListener in start @default (/0.0.0.0:8080) - [0x69355ba8] http://0.0.0.0:8080 bound for socket '@default'
2026-04-29 20:50:45,501 [INFO] from io.helidon.webserver.LoomServer in Thread-0 - Started all channels in 21 milliseconds. 4456 milliseconds since JVM startup. Java 26.0.1+8-34
2026-04-29 20:50:47,655 [INFO] from com.jpro.internal.server.JProWSEndpoint in [0x69355ba8 0x1a9f71fc] WebServer socket - application requested: default params: Map()
2026-04-29 20:50:47,655 [INFO] from com.jpro.internal.server.JProWSEndpoint in [0x69355ba8 0x1a9f71fc] WebServer socket - Creating Application: default
2026-04-29 20:50:47,655 [INFO] from com.jpro.internal.server.JProWSEndpoint in [0x69355ba8 0x1a9f71fc] WebServer socket - remoteAddress 0:0:0:0:0:0:0:1
2026-04-29 20:50:47,655 [INFO] from com.jpro.internal.server.JProWSEndpoint in [0x69355ba8 0x1a9f71fc] WebServer socket - host          
2026-04-29 20:50:47,656 [INFO] from com.jpro.internal.server.JProWSEndpoint in [0x69355ba8 0x1a9f71fc] WebServer socket - uri           /app/ws/default
2026-04-29 20:50:47,663 [INFO] from com.jpro.internal.server.JProWSEndpoint in [0x69355ba8 0x1a9f71fc] WebServer socket - Application found.
2026-04-29 20:50:47,677 [INFO] from com.jpro.internal.server.JProWSEndpoint in [0x69355ba8 0x1a9f71fc] WebServer socket - Handshake received: 1fc848e7be83856bef963b103116f03f
2026-04-29 20:50:47,873 [INFO] from com.jpro.internal.stats.ViewInfo$ in JavaFX Application Thread - [JPro] -> View created: {app_name: default, host_name: localhost:8080, instance_id: 97g7m2mntmbphgbaz0hu6thzm, browser: Microsoft Edge 147.0.0.0, browser_url: http://localhost:8080/, client_ip: 0:0:0:0:0:0:0:1}
2026-04-29 20:50:51,201 [INFO] from com.jpro.internal.communicator.InstanceImpl in JavaFX Application Thread - [JPro] -> Instance created: {app_name: default, host_name: localhost:8080, instance_id: 97g7m2mntmbphgbaz0hu6thzm, browser: Microsoft Edge 147.0.0.0, browser_url: http://localhost:8080/, client_ip: 0:0:0:0:0:0:0:1}
2026-04-29 20:51:05,541 [INFO] from com.jpro.meta.tk.SceneInputListener in JavaFX Application Thread - On disposing SceneInputListener: primaryScene.window was null. Skipped the forced release of the mouse.
2026-04-29 20:51:06,516 [INFO] from com.jpro.meta.tk.SceneInputListener in JavaFX Application Thread - On disposing SceneInputListener: primaryScene.window was null. Skipped the forced release of the mouse.
2026-04-29 20:51:12,372 [WARN] from com.jpro.meta.stream.FXSerializer$$anon$1 in JavaFX Application Thread - Unsupported Object: com.sun.scenario.effect.DropShadow@72d041f ... com.sun.scenario.effect.DropShadow
2026-04-29 20:51:12,385 [WARN] from com.jpro.meta.stream.FXSerializer$$anon$1 in JavaFX Application Thread - Unsupported Object: com.sun.scenario.effect.DropShadow@2952fb25 ... com.sun.scenario.effect.DropShadow
2026-04-29 20:51:12,401 [WARN] from com.jpro.meta.stream.FXSerializer$$anon$1 in JavaFX Application Thread - Unsupported Object: com.sun.scenario.effect.DropShadow@4b476de7 ... com.sun.scenario.effect.DropShadow
2026-04-29 20:51:12,416 [WARN] from com.jpro.meta.stream.FXSerializer$$anon$1 in JavaFX Application Thread - Unsupported Object: com.sun.scenario.effect.DropShadow@417dbf98 ... com.sun.scenario.effect.DropShadow
2026-04-29 20:51:12,434 [WARN] from com.jpro.meta.stream.FXSerializer$$anon$1 in JavaFX Application Thread - Unsupported Object: com.sun.scenario.effect.DropShadow@1155736a ... com.sun.scenario.effect.DropShadow
2026-04-29 20:51:12,449 [WARN] from com.jpro.meta.stream.FXSerializer$$anon$1 in JavaFX Application Thread - Unsupported Object: com.sun.scenario.effect.DropShadow@e2acbb2 ... com.sun.scenario.effect.DropShadow
2026-04-29 20:51:12,465 [WARN] from com.jpro.meta.stream.FXSerializer$$anon$1 in JavaFX Application Thread - Unsupported Object: com.sun.scenario.effect.DropShadow@1b0e51b7 ... com.sun.scenario.effect.DropShadow
2026-04-29 20:51:12,481 [WARN] from com.jpro.meta.stream.FXSerializer$$anon$1 in JavaFX Application Thread - Unsupported Object: com.sun.scenario.effect.DropShadow@4c2f6cb6 ... com.sun.scenario.effect.DropShadow
2026-04-29 20:51:12,497 [WARN] from com.jpro.meta.stream.FXSerializer$$anon$1 in JavaFX Application Thread - Unsupported Object: com.sun.scenario.effect.DropShadow@26eede58 ... com.sun.scenario.effect.DropShadow
2026-04-29 20:51:12,512 [WARN] from com.jpro.meta.stream.FXSerializer$$anon$1 in JavaFX Application Thread - Unsupported Object: com.sun.scenario.effect.DropShadow@4ebfb03 ... com.sun.scenario.effect.DropShadow
2026-04-29 20:51:12,529 [WARN] from com.jpro.meta.stream.FXSerializer$$anon$1 in JavaFX Application Thread - Unsupported Object: com.sun.scenario.effect.DropShadow@1ba5cfd6 ... com.sun.scenario.effect.DropShadow
2026-04-29 20:51:12,544 [WARN] from com.jpro.meta.stream.FXSerializer$$anon$1 in JavaFX Application Thread - Unsupported Object: com.sun.scenario.effect.DropShadow@2198532b ... com.sun.scenario.effect.DropShadow
2026-04-29 20:51:12,561 [WARN] from com.jpro.meta.stream.FXSerializer$$anon$1 in JavaFX Application Thread - Unsupported Object: com.sun.scenario.effect.DropShadow@45d01cb3 ... com.sun.scenario.effect.DropShadow
2026-04-29 20:51:12,578 [WARN] from com.jpro.meta.stream.FXSerializer$$anon$1 in JavaFX Application Thread - Unsupported Object: com.sun.scenario.effect.DropShadow@7adf9a17 ... com.sun.scenario.effect.DropShadow
2026-04-29 20:51:12,592 [WARN] from com.jpro.meta.stream.FXSerializer$$anon$1 in JavaFX Application Thread - Unsupported Object: com.sun.scenario.effect.DropShadow@71161bf1 ... com.sun.scenario.effect.DropShadow
2026-04-29 20:51:12,609 [WARN] from com.jpro.meta.stream.FXSerializer$$anon$1 in JavaFX Application Thread - Unsupported Object: com.sun.scenario.effect.DropShadow@5e033660 ... com.sun.scenario.effect.DropShadow
2026-04-29 20:51:12,625 [WARN] from com.jpro.meta.stream.FXSerializer$$anon$1 in JavaFX Application Thread - Unsupported Object: com.sun.scenario.effect.DropShadow@1fe2a9c4 ... com.sun.scenario.effect.DropShadow
2026-04-29 20:51:12,640 [WARN] from com.jpro.meta.stream.FXSerializer$$anon$1 in JavaFX Application Thread - Unsupported Object: com.sun.scenario.effect.DropShadow@49333261 ... com.sun.scenario.effect.DropShadow
2026-04-29 20:51:12,656 [WARN] from com.jpro.meta.stream.FXSerializer$$anon$1 in JavaFX Application Thread - Unsupported Object: com.sun.scenario.effect.DropShadow@22fc76d0 ... com.sun.scenario.effect.DropShadow
2026-04-29 20:51:18,383 [WARN] from com.jpro.meta.stream.FXSerializer$$anon$1 in JavaFX Application Thread - Unsupported Object: com.sun.scenario.effect.DropShadow@1bd11048 ... com.sun.scenario.effect.DropShadow
2026-04-29 20:51:18,401 [WARN] from com.jpro.meta.stream.FXSerializer$$anon$1 in JavaFX Application Thread - Unsupported Object: com.sun.scenario.effect.DropShadow@511bbdc1 ... com.sun.scenario.effect.DropShadow
2026-04-29 20:51:18,416 [WARN] from com.jpro.meta.stream.FXSerializer$$anon$1 in JavaFX Application Thread - Unsupported Object: com.sun.scenario.effect.DropShadow@3a62124f ... com.sun.scenario.effect.DropShadow
2026-04-29 20:51:18,432 [WARN] from com.jpro.meta.stream.FXSerializer$$anon$1 in JavaFX Application Thread - Unsupported Object: com.sun.scenario.effect.DropShadow@336b3751 ... com.sun.scenario.effect.DropShadow
2026-04-29 20:51:18,449 [WARN] from com.jpro.meta.stream.FXSerializer$$anon$1 in JavaFX Application Thread - Unsupported Object: com.sun.scenario.effect.DropShadow@1d5e3100 ... com.sun.scenario.effect.DropShadow
2026-04-29 20:51:18,464 [WARN] from com.jpro.meta.stream.FXSerializer$$anon$1 in JavaFX Application Thread - Unsupported Object: com.sun.scenario.effect.DropShadow@36e2bf80 ... com.sun.scenario.effect.DropShadow
2026-04-29 20:51:18,481 [WARN] from com.jpro.meta.stream.FXSerializer$$anon$1 in JavaFX Application Thread - Unsupported Object: com.sun.scenario.effect.DropShadow@70b4985 ... com.sun.scenario.effect.DropShadow
2026-04-29 20:51:18,496 [WARN] from com.jpro.meta.stream.FXSerializer$$anon$1 in JavaFX Application Thread - Unsupported Object: com.sun.scenario.effect.DropShadow@17202df1 ... com.sun.scenario.effect.DropShadow
2026-04-29 20:51:18,512 [WARN] from com.jpro.meta.stream.FXSerializer$$anon$1 in JavaFX Application Thread - Unsupported Object: com.sun.scenario.effect.DropShadow@204d860c ... com.sun.scenario.effect.DropShadow
2026-04-29 20:51:18,527 [WARN] from com.jpro.meta.stream.FXSerializer$$anon$1 in JavaFX Application Thread - Unsupported Object: com.sun.scenario.effect.DropShadow@5f7ec6f0 ... com.sun.scenario.effect.DropShadow
2026-04-29 20:51:18,545 [WARN] from com.jpro.meta.stream.FXSerializer$$anon$1 in JavaFX Application Thread - Unsupported Object: com.sun.scenario.effect.DropShadow@50bc31a3 ... com.sun.scenario.effect.DropShadow
2026-04-29 20:51:18,561 [WARN] from com.jpro.meta.stream.FXSerializer$$anon$1 in JavaFX Application Thread - Unsupported Object: com.sun.scenario.effect.DropShadow@1ae3b398 ... com.sun.scenario.effect.DropShadow
2026-04-29 20:51:18,576 [WARN] from com.jpro.meta.stream.FXSerializer$$anon$1 in JavaFX Application Thread - Unsupported Object: com.sun.scenario.effect.DropShadow@69bb1414 ... com.sun.scenario.effect.DropShadow
2026-04-29 20:51:18,591 [WARN] from com.jpro.meta.stream.FXSerializer$$anon$1 in JavaFX Application Thread - Unsupported Object: com.sun.scenario.effect.DropShadow@78e89603 ... com.sun.scenario.effect.DropShadow
2026-04-29 20:51:18,607 [WARN] from com.jpro.meta.stream.FXSerializer$$anon$1 in JavaFX Application Thread - Unsupported Object: com.sun.scenario.effect.DropShadow@a3e7791 ... com.sun.scenario.effect.DropShadow
2026-04-29 20:51:18,624 [WARN] from com.jpro.meta.stream.FXSerializer$$anon$1 in JavaFX Application Thread - Unsupported Object: com.sun.scenario.effect.DropShadow@72d81c1 ... com.sun.scenario.effect.DropShadow
2026-04-29 20:51:18,640 [WARN] from com.jpro.meta.stream.FXSerializer$$anon$1 in JavaFX Application Thread - Unsupported Object: com.sun.scenario.effect.DropShadow@49c2391c ... com.sun.scenario.effect.DropShadow
2026-04-29 20:51:18,656 [WARN] from com.jpro.meta.stream.FXSerializer$$anon$1 in JavaFX Application Thread - Unsupported Object: com.sun.scenario.effect.DropShadow@412f8162 ... com.sun.scenario.effect.DropShadow
2026-04-29 20:51:18,673 [WARN] from com.jpro.meta.stream.FXSerializer$$anon$1 in JavaFX Application Thread - Unsupported Object: com.sun.scenario.effect.DropShadow@5eb78882 ... com.sun.scenario.effect.DropShadow
2026-04-29 20:51:23,601 [WARN] from com.jpro.meta.stream.FXSerializer$$anon$1 in JavaFX Application Thread - Unsupported Object: com.sun.scenario.effect.DropShadow@2fd7dc68 ... com.sun.scenario.effect.DropShadow
2026-04-29 20:51:23,616 [WARN] from com.jpro.meta.stream.FXSerializer$$anon$1 in JavaFX Application Thread - Unsupported Object: com.sun.scenario.effect.DropShadow@756c4b4d ... com.sun.scenario.effect.DropShadow
2026-04-29 20:51:23,633 [WARN] from com.jpro.meta.stream.FXSerializer$$anon$1 in JavaFX Application Thread - Unsupported Object: com.sun.scenario.effect.DropShadow@62de6ca3 ... com.sun.scenario.effect.DropShadow
2026-04-29 20:51:23,647 [WARN] from com.jpro.meta.stream.FXSerializer$$anon$1 in JavaFX Application Thread - Unsupported Object: com.sun.scenario.effect.DropShadow@1372e697 ... com.sun.scenario.effect.DropShadow
2026-04-29 20:51:23,663 [WARN] from com.jpro.meta.stream.FXSerializer$$anon$1 in JavaFX Application Thread - Unsupported Object: com.sun.scenario.effect.DropShadow@644e5fc4 ... com.sun.scenario.effect.DropShadow
2026-04-29 20:51:23,680 [WARN] from com.jpro.meta.stream.FXSerializer$$anon$1 in JavaFX Application Thread - Unsupported Object: com.sun.scenario.effect.DropShadow@525094ba ... com.sun.scenario.effect.DropShadow
2026-04-29 20:51:23,697 [WARN] from com.jpro.meta.stream.FXSerializer$$anon$1 in JavaFX Application Thread - Unsupported Object: com.sun.scenario.effect.DropShadow@1b1a7a65 ... com.sun.scenario.effect.DropShadow
2026-04-29 20:51:23,712 [WARN] from com.jpro.meta.stream.FXSerializer$$anon$1 in JavaFX Application Thread - Unsupported Object: com.sun.scenario.effect.DropShadow@3ac44b3a ... com.sun.scenario.effect.DropShadow
2026-04-29 20:51:23,727 [WARN] from com.jpro.meta.stream.FXSerializer$$anon$1 in JavaFX Application Thread - Unsupported Object: com.sun.scenario.effect.DropShadow@3468e582 ... com.sun.scenario.effect.DropShadow
2026-04-29 20:51:23,745 [WARN] from com.jpro.meta.stream.FXSerializer$$anon$1 in JavaFX Application Thread - Unsupported Object: com.sun.scenario.effect.DropShadow@6bbaa2d3 ... com.sun.scenario.effect.DropShadow
2026-04-29 20:51:23,760 [WARN] from com.jpro.meta.stream.FXSerializer$$anon$1 in JavaFX Application Thread - Unsupported Object: com.sun.scenario.effect.DropShadow@185d21b3 ... com.sun.scenario.effect.DropShadow
2026-04-29 20:51:23,775 [WARN] from com.jpro.meta.stream.FXSerializer$$anon$1 in JavaFX Application Thread - Unsupported Object: com.sun.scenario.effect.DropShadow@670dfc7b ... com.sun.scenario.effect.DropShadow
2026-04-29 20:51:23,792 [WARN] from com.jpro.meta.stream.FXSerializer$$anon$1 in JavaFX Application Thread - Unsupported Object: com.sun.scenario.effect.DropShadow@2bc9f7b7 ... com.sun.scenario.effect.DropShadow
2026-04-29 20:51:23,809 [WARN] from com.jpro.meta.stream.FXSerializer$$anon$1 in JavaFX Application Thread - Unsupported Object: com.sun.scenario.effect.DropShadow@2eb2a982 ... com.sun.scenario.effect.DropShadow
2026-04-29 20:51:23,823 [WARN] from com.jpro.meta.stream.FXSerializer$$anon$1 in JavaFX Application Thread - Unsupported Object: com.sun.scenario.effect.DropShadow@4a38ba6c ... com.sun.scenario.effect.DropShadow
2026-04-29 20:51:23,841 [WARN] from com.jpro.meta.stream.FXSerializer$$anon$1 in JavaFX Application Thread - Unsupported Object: com.sun.scenario.effect.DropShadow@bdc990a ... com.sun.scenario.effect.DropShadow
2026-04-29 20:51:23,855 [WARN] from com.jpro.meta.stream.FXSerializer$$anon$1 in JavaFX Application Thread - Unsupported Object: com.sun.scenario.effect.DropShadow@69024b4c ... com.sun.scenario.effect.DropShadow
2026-04-29 20:51:23,872 [WARN] from com.jpro.meta.stream.FXSerializer$$anon$1 in JavaFX Application Thread - Unsupported Object: com.sun.scenario.effect.DropShadow@6cb6970f ... com.sun.scenario.effect.DropShadow
2026-04-29 20:51:23,889 [WARN] from com.jpro.meta.stream.FXSerializer$$anon$1 in JavaFX Application Thread - Unsupported Object: com.sun.scenario.effect.DropShadow@54bd5619 ... com.sun.scenario.effect.DropShadow
2026-04-29 20:51:28,784 [WARN] from com.jpro.meta.stream.FXSerializer$$anon$1 in JavaFX Application Thread - Unsupported Object: com.sun.scenario.effect.DropShadow@330cffcd ... com.sun.scenario.effect.DropShadow
2026-04-29 20:51:28,800 [WARN] from com.jpro.meta.stream.FXSerializer$$anon$1 in JavaFX Application Thread - Unsupported Object: com.sun.scenario.effect.DropShadow@3c25a835 ... com.sun.scenario.effect.DropShadow
2026-04-29 20:51:28,817 [WARN] from com.jpro.meta.stream.FXSerializer$$anon$1 in JavaFX Application Thread - Unsupported Object: com.sun.scenario.effect.DropShadow@6f780d78 ... com.sun.scenario.effect.DropShadow
2026-04-29 20:51:28,832 [WARN] from com.jpro.meta.stream.FXSerializer$$anon$1 in JavaFX Application Thread - Unsupported Object: com.sun.scenario.effect.DropShadow@4c03bfe7 ... com.sun.scenario.effect.DropShadow
2026-04-29 20:51:28,849 [WARN] from com.jpro.meta.stream.FXSerializer$$anon$1 in JavaFX Application Thread - Unsupported Object: com.sun.scenario.effect.DropShadow@7e62b2ed ... com.sun.scenario.effect.DropShadow
2026-04-29 20:51:28,865 [WARN] from com.jpro.meta.stream.FXSerializer$$anon$1 in JavaFX Application Thread - Unsupported Object: com.sun.scenario.effect.DropShadow@3c86164d ... com.sun.scenario.effect.DropShadow
2026-04-29 20:51:28,881 [WARN] from com.jpro.meta.stream.FXSerializer$$anon$1 in JavaFX Application Thread - Unsupported Object: com.sun.scenario.effect.DropShadow@181e44ab ... com.sun.scenario.effect.DropShadow
2026-04-29 20:51:28,897 [WARN] from com.jpro.meta.stream.FXSerializer$$anon$1 in JavaFX Application Thread - Unsupported Object: com.sun.scenario.effect.DropShadow@8b74734 ... com.sun.scenario.effect.DropShadow
2026-04-29 20:51:28,912 [WARN] from com.jpro.meta.stream.FXSerializer$$anon$1 in JavaFX Application Thread - Unsupported Object: com.sun.scenario.effect.DropShadow@55a62ab1 ... com.sun.scenario.effect.DropShadow
2026-04-29 20:51:28,929 [WARN] from com.jpro.meta.stream.FXSerializer$$anon$1 in JavaFX Application Thread - Unsupported Object: com.sun.scenario.effect.DropShadow@7b60d129 ... com.sun.scenario.effect.DropShadow
2026-04-29 20:51:28,943 [WARN] from com.jpro.meta.stream.FXSerializer$$anon$1 in JavaFX Application Thread - Unsupported Object: com.sun.scenario.effect.DropShadow@169025b ... com.sun.scenario.effect.DropShadow
2026-04-29 20:51:28,960 [WARN] from com.jpro.meta.stream.FXSerializer$$anon$1 in JavaFX Application Thread - Unsupported Object: com.sun.scenario.effect.DropShadow@3548bb7f ... com.sun.scenario.effect.DropShadow
2026-04-29 20:51:28,975 [WARN] from com.jpro.meta.stream.FXSerializer$$anon$1 in JavaFX Application Thread - Unsupported Object: com.sun.scenario.effect.DropShadow@73d6acb4 ... com.sun.scenario.effect.DropShadow
2026-04-29 20:51:28,993 [WARN] from com.jpro.meta.stream.FXSerializer$$anon$1 in JavaFX Application Thread - Unsupported Object: com.sun.scenario.effect.DropShadow@3f16ec2a ... com.sun.scenario.effect.DropShadow
2026-04-29 20:51:29,008 [WARN] from com.jpro.meta.stream.FXSerializer$$anon$1 in JavaFX Application Thread - Unsupported Object: com.sun.scenario.effect.DropShadow@394c34b2 ... com.sun.scenario.effect.DropShadow
2026-04-29 20:51:29,023 [WARN] from com.jpro.meta.stream.FXSerializer$$anon$1 in JavaFX Application Thread - Unsupported Object: com.sun.scenario.effect.DropShadow@2259b3bd ... com.sun.scenario.effect.DropShadow
2026-04-29 20:51:29,040 [WARN] from com.jpro.meta.stream.FXSerializer$$anon$1 in JavaFX Application Thread - Unsupported Object: com.sun.scenario.effect.DropShadow@4f9dd12 ... com.sun.scenario.effect.DropShadow
2026-04-29 20:51:29,058 [WARN] from com.jpro.meta.stream.FXSerializer$$anon$1 in JavaFX Application Thread - Unsupported Object: com.sun.scenario.effect.DropShadow@7b35cd16 ... com.sun.scenario.effect.DropShadow
2026-04-29 20:51:29,072 [WARN] from com.jpro.meta.stream.FXSerializer$$anon$1 in JavaFX Application Thread - Unsupported Object: com.sun.scenario.effect.DropShadow@6f7116b0 ... com.sun.scenario.effect.DropShadow
2026-04-29 20:51:34,272 [WARN] from com.jpro.meta.stream.FXSerializer$$anon$1 in JavaFX Application Thread - Unsupported Object: com.sun.scenario.effect.DropShadow@36dfcc26 ... com.sun.scenario.effect.DropShadow
2026-04-29 20:51:34,287 [WARN] from com.jpro.meta.stream.FXSerializer$$anon$1 in JavaFX Application Thread - Unsupported Object: com.sun.scenario.effect.DropShadow@1fc111eb ... com.sun.scenario.effect.DropShadow
2026-04-29 20:51:34,304 [WARN] from com.jpro.meta.stream.FXSerializer$$anon$1 in JavaFX Application Thread - Unsupported Object: com.sun.scenario.effect.DropShadow@4651a08b ... com.sun.scenario.effect.DropShadow
2026-04-29 20:51:34,320 [WARN] from com.jpro.meta.stream.FXSerializer$$anon$1 in JavaFX Application Thread - Unsupported Object: com.sun.scenario.effect.DropShadow@7d20b076 ... com.sun.scenario.effect.DropShadow
2026-04-29 20:51:34,337 [WARN] from com.jpro.meta.stream.FXSerializer$$anon$1 in JavaFX Application Thread - Unsupported Object: com.sun.scenario.effect.DropShadow@7b3067bc ... com.sun.scenario.effect.DropShadow
2026-04-29 20:51:34,351 [WARN] from com.jpro.meta.stream.FXSerializer$$anon$1 in JavaFX Application Thread - Unsupported Object: com.sun.scenario.effect.DropShadow@51804264 ... com.sun.scenario.effect.DropShadow
2026-04-29 20:51:34,367 [WARN] from com.jpro.meta.stream.FXSerializer$$anon$1 in JavaFX Application Thread - Unsupported Object: com.sun.scenario.effect.DropShadow@71113bea ... com.sun.scenario.effect.DropShadow
2026-04-29 20:51:34,383 [WARN] from com.jpro.meta.stream.FXSerializer$$anon$1 in JavaFX Application Thread - Unsupported Object: com.sun.scenario.effect.DropShadow@35bca2a1 ... com.sun.scenario.effect.DropShadow
2026-04-29 20:51:34,400 [WARN] from com.jpro.meta.stream.FXSerializer$$anon$1 in JavaFX Application Thread - Unsupported Object: com.sun.scenario.effect.DropShadow@cbed458 ... com.sun.scenario.effect.DropShadow
2026-04-29 20:51:34,415 [WARN] from com.jpro.meta.stream.FXSerializer$$anon$1 in JavaFX Application Thread - Unsupported Object: com.sun.scenario.effect.DropShadow@78a14ee8 ... com.sun.scenario.effect.DropShadow
2026-04-29 20:51:34,432 [WARN] from com.jpro.meta.stream.FXSerializer$$anon$1 in JavaFX Application Thread - Unsupported Object: com.sun.scenario.effect.DropShadow@2a3e0aab ... com.sun.scenario.effect.DropShadow
2026-04-29 20:51:34,449 [WARN] from com.jpro.meta.stream.FXSerializer$$anon$1 in JavaFX Application Thread - Unsupported Object: com.sun.scenario.effect.DropShadow@cbba6dc ... com.sun.scenario.effect.DropShadow
2026-04-29 20:51:34,463 [WARN] from com.jpro.meta.stream.FXSerializer$$anon$1 in JavaFX Application Thread - Unsupported Object: com.sun.scenario.effect.DropShadow@22b0de1d ... com.sun.scenario.effect.DropShadow
2026-04-29 20:51:34,480 [WARN] from com.jpro.meta.stream.FXSerializer$$anon$1 in JavaFX Application Thread - Unsupported Object: com.sun.scenario.effect.DropShadow@72083d78 ... com.sun.scenario.effect.DropShadow
2026-04-29 20:51:34,497 [WARN] from com.jpro.meta.stream.FXSerializer$$anon$1 in JavaFX Application Thread - Unsupported Object: com.sun.scenario.effect.DropShadow@25a1dc90 ... com.sun.scenario.effect.DropShadow
2026-04-29 20:51:34,511 [WARN] from com.jpro.meta.stream.FXSerializer$$anon$1 in JavaFX Application Thread - Unsupported Object: com.sun.scenario.effect.DropShadow@680c0728 ... com.sun.scenario.effect.DropShadow
2026-04-29 20:51:34,527 [WARN] from com.jpro.meta.stream.FXSerializer$$anon$1 in JavaFX Application Thread - Unsupported Object: com.sun.scenario.effect.DropShadow@4e7100c6 ... com.sun.scenario.effect.DropShadow
2026-04-29 20:51:34,544 [WARN] from com.jpro.meta.stream.FXSerializer$$anon$1 in JavaFX Application Thread - Unsupported Object: com.sun.scenario.effect.DropShadow@55f27c68 ... com.sun.scenario.effect.DropShadow
2026-04-29 20:51:34,560 [WARN] from com.jpro.meta.stream.FXSerializer$$anon$1 in JavaFX Application Thread - Unsupported Object: com.sun.scenario.effect.DropShadow@345088cf ... com.sun.scenario.effect.DropShadow
2026-04-29 20:51:40,240 [WARN] from com.jpro.meta.stream.FXSerializer$$anon$1 in JavaFX Application Thread - Unsupported Object: com.sun.scenario.effect.DropShadow@626b93df ... com.sun.scenario.effect.DropShadow
2026-04-29 20:51:40,256 [WARN] from com.jpro.meta.stream.FXSerializer$$anon$1 in JavaFX Application Thread - Unsupported Object: com.sun.scenario.effect.DropShadow@38a87bf1 ... com.sun.scenario.effect.DropShadow
2026-04-29 20:51:40,272 [WARN] from com.jpro.meta.stream.FXSerializer$$anon$1 in JavaFX Application Thread - Unsupported Object: com.sun.scenario.effect.DropShadow@2a5e2461 ... com.sun.scenario.effect.DropShadow
2026-04-29 20:51:40,287 [WARN] from com.jpro.meta.stream.FXSerializer$$anon$1 in JavaFX Application Thread - Unsupported Object: com.sun.scenario.effect.DropShadow@3de06f0e ... com.sun.scenario.effect.DropShadow
2026-04-29 20:51:40,303 [WARN] from com.jpro.meta.stream.FXSerializer$$anon$1 in JavaFX Application Thread - Unsupported Object: com.sun.scenario.effect.DropShadow@689c6ab8 ... com.sun.scenario.effect.DropShadow
2026-04-29 20:51:40,320 [WARN] from com.jpro.meta.stream.FXSerializer$$anon$1 in JavaFX Application Thread - Unsupported Object: com.sun.scenario.effect.DropShadow@5cdf9dff ... com.sun.scenario.effect.DropShadow
2026-04-29 20:51:40,336 [WARN] from com.jpro.meta.stream.FXSerializer$$anon$1 in JavaFX Application Thread - Unsupported Object: com.sun.scenario.effect.DropShadow@4842d761 ... com.sun.scenario.effect.DropShadow
2026-04-29 20:51:40,351 [WARN] from com.jpro.meta.stream.FXSerializer$$anon$1 in JavaFX Application Thread - Unsupported Object: com.sun.scenario.effect.DropShadow@42bdd817 ... com.sun.scenario.effect.DropShadow
2026-04-29 20:51:40,368 [WARN] from com.jpro.meta.stream.FXSerializer$$anon$1 in JavaFX Application Thread - Unsupported Object: com.sun.scenario.effect.DropShadow@605cb46e ... com.sun.scenario.effect.DropShadow
2026-04-29 20:51:40,385 [WARN] from com.jpro.meta.stream.FXSerializer$$anon$1 in JavaFX Application Thread - Unsupported Object: com.sun.scenario.effect.DropShadow@1b5b9468 ... com.sun.scenario.effect.DropShadow
2026-04-29 20:51:40,400 [WARN] from com.jpro.meta.stream.FXSerializer$$anon$1 in JavaFX Application Thread - Unsupported Object: com.sun.scenario.effect.DropShadow@40671c6f ... com.sun.scenario.effect.DropShadow
2026-04-29 20:51:40,416 [WARN] from com.jpro.meta.stream.FXSerializer$$anon$1 in JavaFX Application Thread - Unsupported Object: com.sun.scenario.effect.DropShadow@6d4bbb91 ... com.sun.scenario.effect.DropShadow
2026-04-29 20:51:40,433 [WARN] from com.jpro.meta.stream.FXSerializer$$anon$1 in JavaFX Application Thread - Unsupported Object: com.sun.scenario.effect.DropShadow@48b2e213 ... com.sun.scenario.effect.DropShadow
2026-04-29 20:51:40,447 [WARN] from com.jpro.meta.stream.FXSerializer$$anon$1 in JavaFX Application Thread - Unsupported Object: com.sun.scenario.effect.DropShadow@4f040045 ... com.sun.scenario.effect.DropShadow
2026-04-29 20:51:40,465 [WARN] from com.jpro.meta.stream.FXSerializer$$anon$1 in JavaFX Application Thread - Unsupported Object: com.sun.scenario.effect.DropShadow@b4882e3 ... com.sun.scenario.effect.DropShadow
2026-04-29 20:51:40,480 [WARN] from com.jpro.meta.stream.FXSerializer$$anon$1 in JavaFX Application Thread - Unsupported Object: com.sun.scenario.effect.DropShadow@6c970636 ... com.sun.scenario.effect.DropShadow
2026-04-29 20:51:40,496 [WARN] from com.jpro.meta.stream.FXSerializer$$anon$1 in JavaFX Application Thread - Unsupported Object: com.sun.scenario.effect.DropShadow@62e4ce95 ... com.sun.scenario.effect.DropShadow
2026-04-29 20:51:40,511 [WARN] from com.jpro.meta.stream.FXSerializer$$anon$1 in JavaFX Application Thread - Unsupported Object: com.sun.scenario.effect.DropShadow@7360e881 ... com.sun.scenario.effect.DropShadow
2026-04-29 20:51:40,529 [WARN] from com.jpro.meta.stream.FXSerializer$$anon$1 in JavaFX Application Thread - Unsupported Object: com.sun.scenario.effect.DropShadow@291cac86 ... com.sun.scenario.effect.DropShadow
2026-04-29 20:51:49,171 [WARN] from javafx.css in JavaFX Application Thread - Caught 'java.lang.ClassCastException: class java.lang.String cannot be cast to class javafx.scene.paint.Paint (java.lang.String is in module java.base of loader 'bootstrap'; javafx.scene.paint.Paint is in unnamed module of loader 'app')' while converting value for '-fx-background-color' from inline style on Button@53f13461[styleClass=button exit-back-button]''
2026-04-29 20:51:49,203 [INFO] from com.jpro.meta.tk.SceneInputListener in JavaFX Application Thread - On disposing SceneInputListener: primaryScene.window was null. Skipped the forced release of the mouse.
2026-04-29 20:51:57,824 [WARN] from javafx.css in JavaFX Application Thread - Caught 'java.lang.ClassCastException: class java.lang.String cannot be cast to class javafx.scene.paint.Paint (java.lang.String is in module java.base of loader 'bootstrap'; javafx.scene.paint.Paint is in unnamed module of loader 'app')' while converting value for '-fx-background-color' from inline style on Button@53f13461[styleClass=button exit-back-button]''
2026-04-29 20:51:58,826 [INFO] from com.jpro.meta.tk.SceneInputListener in JavaFX Application Thread - On disposing SceneInputListener: primaryScene.window was null. Skipped the forced release of the mouse.
2026-04-29 20:54:13,081 [INFO] from com.jpro.activity in scala-execution-context-global-39 - Starting the server
2026-04-29 20:54:13,083 [INFO] from com.jpro.internal.server.JProInitializer$ in scala-execution-context-global-39 -  *** Starting JPro: https://www.jpro.one/ ***
2026-04-29 20:54:13,083 [INFO] from com.jpro.internal.server.JProInitializer$ in scala-execution-context-global-39 - OS: Windows 11
2026-04-29 20:54:13,091 [INFO] from com.jpro.internal.server.JProInitializer$ in scala-execution-context-global-39 - JPro: 2026.1.1
2026-04-29 20:54:13,091 [INFO] from com.jpro.internal.server.JProInitializer$ in scala-execution-context-global-39 - Java version: 26.0.1
2026-04-29 20:54:13,091 [INFO] from com.jpro.internal.server.JProInitializer$ in scala-execution-context-global-39 - JVM: 26.0.1 Oracle Corporation
2026-04-29 20:54:13,093 [INFO] from com.jpro.internal.server.JProInitializer$ in scala-execution-context-global-39 - JavaFX jar: file:/C:/Users/lehas/.m2/repository/org/openjfx/javafx-graphics/25.0.2-jpro+1/javafx-graphics-25.0.2-jpro+1-win.jar
2026-04-29 20:54:13,095 [INFO] from com.jpro.internal.server.JProInitializer$ in scala-execution-context-global-39 - Configuring logging from url: 'jar:file:/C:/Users/lehas/.m2/repository/one/jpro/jpro-server_2.12/2026.1.1/jpro-server_2.12-2026.1.1.jar!/logback-jpro-default.xml'
2026-04-29 20:54:13,818 [INFO] from com.jpro.internal.server.JProInitializer$ in JavaFX Application Thread - JavaFX version: 25.0.2-jpro+1
2026-04-29 20:54:13,926 [INFO] from com.jpro.internal.server.JProInitializer$ in scala-execution-context-global-39 - finished init!
2026-04-29 20:54:13,932 [INFO] from com.jpro.internal.server.JProInitializer$ in scala-execution-context-global-39 - [JPro] -> Server started: {start_time: 1777470853081, os_name: Windows 11, jpro_version: 2026.1.1, pid: 4412, servername: I59}
2026-04-29 20:54:14,074 [INFO] from com.jpro.internal.server.Route$ in Thread-0 - Creating routing for JPro server
2026-04-29 20:54:14,178 [INFO] from io.helidon.common.features.HelidonFeatures in features-thread - Helidon SE 4.2.6 features: [Config, Encoding, Media, Metrics, Registry, WebServer, WebSocket]
2026-04-29 20:54:14,186 [INFO] from io.helidon.webserver.ServerListener in start @default (/0.0.0.0:8080) - [0x71d6aa45] http://0.0.0.0:8080 bound for socket '@default'
2026-04-29 20:54:14,193 [INFO] from io.helidon.webserver.LoomServer in Thread-0 - Started all channels in 22 milliseconds. 2087 milliseconds since JVM startup. Java 26.0.1+8-34
2026-04-29 20:54:15,340 [INFO] from com.jpro.internal.server.JProWSEndpoint in [0x71d6aa45 0x3979db8d] WebServer socket - application requested: default params: Map()
2026-04-29 20:54:15,342 [INFO] from com.jpro.internal.server.JProWSEndpoint in [0x71d6aa45 0x3979db8d] WebServer socket - Creating Application: default
2026-04-29 20:54:15,342 [INFO] from com.jpro.internal.server.JProWSEndpoint in [0x71d6aa45 0x3979db8d] WebServer socket - remoteAddress 0:0:0:0:0:0:0:1
2026-04-29 20:54:15,342 [INFO] from com.jpro.internal.server.JProWSEndpoint in [0x71d6aa45 0x3979db8d] WebServer socket - host          
2026-04-29 20:54:15,342 [INFO] from com.jpro.internal.server.JProWSEndpoint in [0x71d6aa45 0x3979db8d] WebServer socket - uri           /app/ws/default
2026-04-29 20:54:15,354 [INFO] from com.jpro.internal.server.JProWSEndpoint in [0x71d6aa45 0x3979db8d] WebServer socket - Application found.
2026-04-29 20:54:15,422 [INFO] from com.jpro.internal.server.JProWSEndpoint in [0x71d6aa45 0x3979db8d] WebServer socket - Handshake received: 1fc848e7be83856bef963b103116f03f
2026-04-29 20:54:15,726 [INFO] from com.jpro.internal.stats.ViewInfo$ in JavaFX Application Thread - [JPro] -> View created: {app_name: default, host_name: localhost:8080, instance_id: 3fkcue0k2zh231mxrv0e3dzmr, browser: Microsoft Edge 147.0.0.0, browser_url: http://localhost:8080/, client_ip: 0:0:0:0:0:0:0:1}
2026-04-29 20:54:17,116 [INFO] from com.jpro.internal.communicator.InstanceImpl in JavaFX Application Thread - [JPro] -> Instance created: {app_name: default, host_name: localhost:8080, instance_id: 3fkcue0k2zh231mxrv0e3dzmr, browser: Microsoft Edge 147.0.0.0, browser_url: http://localhost:8080/, client_ip: 0:0:0:0:0:0:0:1}
2026-04-29 20:54:20,245 [INFO] from com.jpro.internal.server.JProWSEndpoint in [0x71d6aa45 0x4895188c] WebServer socket - application requested: default params: Map(instanceID -> 97g7m2mntmbphgbaz0hu6thzm)
2026-04-29 20:54:20,245 [INFO] from com.jpro.internal.server.JProWSEndpoint in [0x71d6aa45 0x4895188c] WebServer socket - Creating Application: default
2026-04-29 20:54:20,245 [INFO] from com.jpro.internal.server.JProWSEndpoint in [0x71d6aa45 0x4895188c] WebServer socket - remoteAddress 0:0:0:0:0:0:0:1
2026-04-29 20:54:20,246 [INFO] from com.jpro.internal.server.JProWSEndpoint in [0x71d6aa45 0x4895188c] WebServer socket - host          
2026-04-29 20:54:20,246 [INFO] from com.jpro.internal.server.JProWSEndpoint in [0x71d6aa45 0x4895188c] WebServer socket - uri           /app/ws/default?instanceID=97g7m2mntmbphgbaz0hu6thzm
2026-04-29 20:54:20,246 [INFO] from com.jpro.internal.server.JProWSEndpoint in [0x71d6aa45 0x4895188c] WebServer socket - Application found.
2026-04-29 20:54:20,266 [INFO] from com.jpro.internal.server.JProWSEndpoint in [0x71d6aa45 0x4895188c] WebServer socket - Handshake received: 1fc848e7be83856bef963b103116f03f
2026-04-29 20:54:20,272 [INFO] from com.jpro.internal.stats.ViewInfo$ in JavaFX Application Thread - [JPro] -> View created: {app_name: default, host_name: localhost:8080, instance_id: 34aw0dl4tvivvbl3l05nklpyt, browser: Microsoft Edge 147.0.0.0, browser_url: http://localhost:8080/, client_ip: 0:0:0:0:0:0:0:1}
2026-04-29 20:54:20,432 [INFO] from com.jpro.internal.communicator.InstanceImpl in JavaFX Application Thread - [JPro] -> Instance created: {app_name: default, host_name: localhost:8080, instance_id: 34aw0dl4tvivvbl3l05nklpyt, browser: Microsoft Edge 147.0.0.0, browser_url: http://localhost:8080/, client_ip: 0:0:0:0:0:0:0:1}
2026-04-29 20:54:23,542 [INFO] from com.jpro.internal.server.JProWSEndpoint in [0x71d6aa45 0x3979db8d] WebServer socket - Frame received after poison, ignoring
2026-04-29 20:54:23,542 [INFO] from com.jpro.internal.server.JProWSEndpoint in [0x71d6aa45 0x3979db8d] WebServer socket - WebSocket for [default] closed: 1000 – tab-closed
2026-04-29 20:54:23,544 [INFO] from com.jpro.internal.stats.ViewInfo$ in JavaFX Application Thread - [JPro] -> View closed: {app_name: default, host_name: localhost:8080, instance_id: 3fkcue0k2zh231mxrv0e3dzmr, browser: Microsoft Edge 147.0.0.0, browser_url: http://localhost:8080/, client_ip: 0:0:0:0:0:0:0:1, reason: tab-closed}
2026-04-29 20:54:23,545 [INFO] from com.jpro.internal.stats.ViewInfo$ in JavaFX Application Thread - 
2026-04-29 20:54:23,545 [INFO] from com.jpro.internal.stats.ViewInfo$ in JavaFX Application Thread - Application closed:
2026-04-29 20:54:23,553 [INFO] from com.jpro.internal.stats.ViewInfo$ in JavaFX Application Thread - startTime      : Wed Apr 29 20:54:15 GMT+07:00 2026      
2026-04-29 20:54:23,553 [INFO] from com.jpro.internal.stats.ViewInfo$ in JavaFX Application Thread - duration       : 00:00:07.923 
2026-04-29 20:54:23,553 [INFO] from com.jpro.internal.stats.ViewInfo$ in JavaFX Application Thread - averageLatency : 00:00:00.004 
2026-04-29 20:54:23,554 [INFO] from com.jpro.internal.stats.ViewInfo$ in JavaFX Application Thread - averageJitter  : 00:00:00.007  
2026-04-29 20:54:23,554 [INFO] from com.jpro.internal.stats.ViewInfo$ in JavaFX Application Thread - framerateServer: 00:00:00.000
2026-04-29 20:54:23,554 [INFO] from com.jpro.internal.stats.ViewInfo$ in JavaFX Application Thread - framerateClient: 00:00:00.000
2026-04-29 20:54:23,554 [INFO] from com.jpro.internal.stats.ViewInfo$ in JavaFX Application Thread - raw            : 27470
2026-04-29 20:54:23,554 [INFO] from com.jpro.internal.stats.ViewInfo$ in JavaFX Application Thread - zipped         : 5105
2026-04-29 20:54:23,554 [INFO] from com.jpro.internal.stats.ViewInfo$ in JavaFX Application Thread - 
2026-04-29 20:54:24,536 [INFO] from com.jpro.internal.communicator.InstanceImpl in JavaFX Application Thread - [JPro] -> Instance closed: {app_name: default, host_name: localhost:8080, instance_id: 3fkcue0k2zh231mxrv0e3dzmr, browser: Microsoft Edge 147.0.0.0, browser_url: http://localhost:8080/, client_ip: 0:0:0:0:0:0:0:1, reason: close-tab-closed}
2026-04-29 20:54:28,751 [INFO] from com.jpro.meta.tk.SceneInputListener in JavaFX Application Thread - On disposing SceneInputListener: primaryScene.window was null. Skipped the forced release of the mouse.
2026-04-29 20:54:30,318 [INFO] from com.jpro.meta.tk.SceneInputListener in JavaFX Application Thread - On disposing SceneInputListener: primaryScene.window was null. Skipped the forced release of the mouse.
2026-04-29 20:54:37,449 [WARN] from com.jpro.meta.stream.FXSerializer$$anon$1 in JavaFX Application Thread - Unsupported Object: com.sun.scenario.effect.DropShadow@5d149a15 ... com.sun.scenario.effect.DropShadow
2026-04-29 20:54:37,464 [WARN] from com.jpro.meta.stream.FXSerializer$$anon$1 in JavaFX Application Thread - Unsupported Object: com.sun.scenario.effect.DropShadow@4ffc793 ... com.sun.scenario.effect.DropShadow
2026-04-29 20:54:37,479 [WARN] from com.jpro.meta.stream.FXSerializer$$anon$1 in JavaFX Application Thread - Unsupported Object: com.sun.scenario.effect.DropShadow@287a4c44 ... com.sun.scenario.effect.DropShadow
2026-04-29 20:54:37,494 [WARN] from com.jpro.meta.stream.FXSerializer$$anon$1 in JavaFX Application Thread - Unsupported Object: com.sun.scenario.effect.DropShadow@450893b1 ... com.sun.scenario.effect.DropShadow
2026-04-29 20:54:37,511 [WARN] from com.jpro.meta.stream.FXSerializer$$anon$1 in JavaFX Application Thread - Unsupported Object: com.sun.scenario.effect.DropShadow@54b8ed81 ... com.sun.scenario.effect.DropShadow
2026-04-29 20:54:37,526 [WARN] from com.jpro.meta.stream.FXSerializer$$anon$1 in JavaFX Application Thread - Unsupported Object: com.sun.scenario.effect.DropShadow@4802ec24 ... com.sun.scenario.effect.DropShadow
2026-04-29 20:54:37,542 [WARN] from com.jpro.meta.stream.FXSerializer$$anon$1 in JavaFX Application Thread - Unsupported Object: com.sun.scenario.effect.DropShadow@e7900cb ... com.sun.scenario.effect.DropShadow
2026-04-29 20:54:37,559 [WARN] from com.jpro.meta.stream.FXSerializer$$anon$1 in JavaFX Application Thread - Unsupported Object: com.sun.scenario.effect.DropShadow@5ed82f36 ... com.sun.scenario.effect.DropShadow
2026-04-29 20:54:37,573 [WARN] from com.jpro.meta.stream.FXSerializer$$anon$1 in JavaFX Application Thread - Unsupported Object: com.sun.scenario.effect.DropShadow@32bde4d6 ... com.sun.scenario.effect.DropShadow
2026-04-29 20:54:37,590 [WARN] from com.jpro.meta.stream.FXSerializer$$anon$1 in JavaFX Application Thread - Unsupported Object: com.sun.scenario.effect.DropShadow@7b6ba634 ... com.sun.scenario.effect.DropShadow
2026-04-29 20:54:37,606 [WARN] from com.jpro.meta.stream.FXSerializer$$anon$1 in JavaFX Application Thread - Unsupported Object: com.sun.scenario.effect.DropShadow@5290a314 ... com.sun.scenario.effect.DropShadow
2026-04-29 20:54:37,621 [WARN] from com.jpro.meta.stream.FXSerializer$$anon$1 in JavaFX Application Thread - Unsupported Object: com.sun.scenario.effect.DropShadow@19e85aa5 ... com.sun.scenario.effect.DropShadow
2026-04-29 20:54:37,638 [WARN] from com.jpro.meta.stream.FXSerializer$$anon$1 in JavaFX Application Thread - Unsupported Object: com.sun.scenario.effect.DropShadow@67f927d4 ... com.sun.scenario.effect.DropShadow
2026-04-29 20:54:37,654 [WARN] from com.jpro.meta.stream.FXSerializer$$anon$1 in JavaFX Application Thread - Unsupported Object: com.sun.scenario.effect.DropShadow@68c9f5cb ... com.sun.scenario.effect.DropShadow
2026-04-29 20:54:37,671 [WARN] from com.jpro.meta.stream.FXSerializer$$anon$1 in JavaFX Application Thread - Unsupported Object: com.sun.scenario.effect.DropShadow@2d5b92e1 ... com.sun.scenario.effect.DropShadow
2026-04-29 20:54:37,686 [WARN] from com.jpro.meta.stream.FXSerializer$$anon$1 in JavaFX Application Thread - Unsupported Object: com.sun.scenario.effect.DropShadow@604c7a40 ... com.sun.scenario.effect.DropShadow
2026-04-29 20:54:37,702 [WARN] from com.jpro.meta.stream.FXSerializer$$anon$1 in JavaFX Application Thread - Unsupported Object: com.sun.scenario.effect.DropShadow@40711a1e ... com.sun.scenario.effect.DropShadow
2026-04-29 20:54:37,718 [WARN] from com.jpro.meta.stream.FXSerializer$$anon$1 in JavaFX Application Thread - Unsupported Object: com.sun.scenario.effect.DropShadow@5a6fe574 ... com.sun.scenario.effect.DropShadow
2026-04-29 20:54:37,734 [WARN] from com.jpro.meta.stream.FXSerializer$$anon$1 in JavaFX Application Thread - Unsupported Object: com.sun.scenario.effect.DropShadow@5c38c66a ... com.sun.scenario.effect.DropShadow
2026-04-29 20:54:44,951 [WARN] from com.jpro.meta.stream.FXSerializer$$anon$1 in JavaFX Application Thread - Unsupported Object: com.sun.scenario.effect.DropShadow@32760e59 ... com.sun.scenario.effect.DropShadow
2026-04-29 20:54:44,965 [WARN] from com.jpro.meta.stream.FXSerializer$$anon$1 in JavaFX Application Thread - Unsupported Object: com.sun.scenario.effect.DropShadow@3212115f ... com.sun.scenario.effect.DropShadow
2026-04-29 20:54:44,982 [WARN] from com.jpro.meta.stream.FXSerializer$$anon$1 in JavaFX Application Thread - Unsupported Object: com.sun.scenario.effect.DropShadow@516e4770 ... com.sun.scenario.effect.DropShadow
2026-04-29 20:54:44,998 [WARN] from com.jpro.meta.stream.FXSerializer$$anon$1 in JavaFX Application Thread - Unsupported Object: com.sun.scenario.effect.DropShadow@242e95d6 ... com.sun.scenario.effect.DropShadow
2026-04-29 20:54:45,014 [WARN] from com.jpro.meta.stream.FXSerializer$$anon$1 in JavaFX Application Thread - Unsupported Object: com.sun.scenario.effect.DropShadow@6d5e05c3 ... com.sun.scenario.effect.DropShadow
2026-04-29 20:54:45,029 [WARN] from com.jpro.meta.stream.FXSerializer$$anon$1 in JavaFX Application Thread - Unsupported Object: com.sun.scenario.effect.DropShadow@4d480830 ... com.sun.scenario.effect.DropShadow
2026-04-29 20:54:45,046 [WARN] from com.jpro.meta.stream.FXSerializer$$anon$1 in JavaFX Application Thread - Unsupported Object: com.sun.scenario.effect.DropShadow@6be33be4 ... com.sun.scenario.effect.DropShadow
2026-04-29 20:54:45,063 [WARN] from com.jpro.meta.stream.FXSerializer$$anon$1 in JavaFX Application Thread - Unsupported Object: com.sun.scenario.effect.DropShadow@6b558859 ... com.sun.scenario.effect.DropShadow
2026-04-29 20:54:45,078 [WARN] from com.jpro.meta.stream.FXSerializer$$anon$1 in JavaFX Application Thread - Unsupported Object: com.sun.scenario.effect.DropShadow@9329ccc ... com.sun.scenario.effect.DropShadow
2026-04-29 20:54:45,094 [WARN] from com.jpro.meta.stream.FXSerializer$$anon$1 in JavaFX Application Thread - Unsupported Object: com.sun.scenario.effect.DropShadow@2e4b9d82 ... com.sun.scenario.effect.DropShadow
2026-04-29 20:54:45,109 [WARN] from com.jpro.meta.stream.FXSerializer$$anon$1 in JavaFX Application Thread - Unsupported Object: com.sun.scenario.effect.DropShadow@168da0b6 ... com.sun.scenario.effect.DropShadow
2026-04-29 20:54:45,126 [WARN] from com.jpro.meta.stream.FXSerializer$$anon$1 in JavaFX Application Thread - Unsupported Object: com.sun.scenario.effect.DropShadow@3c1e5f84 ... com.sun.scenario.effect.DropShadow
2026-04-29 20:54:45,143 [WARN] from com.jpro.meta.stream.FXSerializer$$anon$1 in JavaFX Application Thread - Unsupported Object: com.sun.scenario.effect.DropShadow@499d6761 ... com.sun.scenario.effect.DropShadow
2026-04-29 20:54:45,158 [WARN] from com.jpro.meta.stream.FXSerializer$$anon$1 in JavaFX Application Thread - Unsupported Object: com.sun.scenario.effect.DropShadow@3215f79d ... com.sun.scenario.effect.DropShadow
2026-04-29 20:54:45,174 [WARN] from com.jpro.meta.stream.FXSerializer$$anon$1 in JavaFX Application Thread - Unsupported Object: com.sun.scenario.effect.DropShadow@17134559 ... com.sun.scenario.effect.DropShadow
2026-04-29 20:54:45,191 [WARN] from com.jpro.meta.stream.FXSerializer$$anon$1 in JavaFX Application Thread - Unsupported Object: com.sun.scenario.effect.DropShadow@490bf91f ... com.sun.scenario.effect.DropShadow
2026-04-29 20:54:45,206 [WARN] from com.jpro.meta.stream.FXSerializer$$anon$1 in JavaFX Application Thread - Unsupported Object: com.sun.scenario.effect.DropShadow@419d84b0 ... com.sun.scenario.effect.DropShadow
2026-04-29 20:54:45,222 [WARN] from com.jpro.meta.stream.FXSerializer$$anon$1 in JavaFX Application Thread - Unsupported Object: com.sun.scenario.effect.DropShadow@691f86a0 ... com.sun.scenario.effect.DropShadow
2026-04-29 20:54:45,238 [WARN] from com.jpro.meta.stream.FXSerializer$$anon$1 in JavaFX Application Thread - Unsupported Object: com.sun.scenario.effect.DropShadow@3208705 ... com.sun.scenario.effect.DropShadow
2026-04-29 20:54:56,113 [INFO] from com.jpro.internal.server.JProWSEndpoint in [0x71d6aa45 0x4895188c] WebServer socket - Frame received after poison, ignoring
2026-04-29 20:54:56,113 [INFO] from com.jpro.internal.server.JProWSEndpoint in [0x71d6aa45 0x4895188c] WebServer socket - WebSocket for [default] closed: 1000 – tab-closed
2026-04-29 20:54:56,113 [INFO] from com.jpro.internal.stats.ViewInfo$ in JavaFX Application Thread - [JPro] -> View closed: {app_name: default, host_name: localhost:8080, instance_id: 34aw0dl4tvivvbl3l05nklpyt, browser: Microsoft Edge 147.0.0.0, browser_url: http://localhost:8080/, client_ip: 0:0:0:0:0:0:0:1, reason: tab-closed}
2026-04-29 20:54:56,149 [INFO] from com.jpro.internal.stats.ViewInfo$ in JavaFX Application Thread - 
2026-04-29 20:54:56,149 [INFO] from com.jpro.internal.stats.ViewInfo$ in JavaFX Application Thread - Application closed:
2026-04-29 20:54:56,149 [INFO] from com.jpro.internal.stats.ViewInfo$ in JavaFX Application Thread - startTime      : Wed Apr 29 20:54:20 GMT+07:00 2026      
2026-04-29 20:54:56,149 [INFO] from com.jpro.internal.stats.ViewInfo$ in JavaFX Application Thread - duration       : 00:00:35.841 
2026-04-29 20:54:56,149 [INFO] from com.jpro.internal.stats.ViewInfo$ in JavaFX Application Thread - averageLatency : 00:00:00.001 
2026-04-29 20:54:56,149 [INFO] from com.jpro.internal.stats.ViewInfo$ in JavaFX Application Thread - averageJitter  : 00:00:00.000  
2026-04-29 20:54:56,149 [INFO] from com.jpro.internal.stats.ViewInfo$ in JavaFX Application Thread - framerateServer: 00:00:00.000
2026-04-29 20:54:56,150 [INFO] from com.jpro.internal.stats.ViewInfo$ in JavaFX Application Thread - framerateClient: 00:00:00.000
2026-04-29 20:54:56,150 [INFO] from com.jpro.internal.stats.ViewInfo$ in JavaFX Application Thread - raw            : 12877586
2026-04-29 20:54:56,150 [INFO] from com.jpro.internal.stats.ViewInfo$ in JavaFX Application Thread - zipped         : 1755682
2026-04-29 20:54:56,150 [INFO] from com.jpro.internal.stats.ViewInfo$ in JavaFX Application Thread - 
2026-04-29 20:54:57,111 [INFO] from com.jpro.internal.communicator.InstanceImpl in JavaFX Application Thread - [JPro] -> Instance closed: {app_name: default, host_name: localhost:8080, instance_id: 34aw0dl4tvivvbl3l05nklpyt, browser: Microsoft Edge 147.0.0.0, browser_url: http://localhost:8080/, client_ip: 0:0:0:0:0:0:0:1, reason: close-tab-closed}
2026-04-29 21:02:43,076 [INFO] from com.jpro.activity in scala-execution-context-global-39 - Starting the server
2026-04-29 21:02:43,077 [INFO] from com.jpro.internal.server.JProInitializer$ in scala-execution-context-global-39 -  *** Starting JPro: https://www.jpro.one/ ***
2026-04-29 21:02:43,077 [INFO] from com.jpro.internal.server.JProInitializer$ in scala-execution-context-global-39 - OS: Windows 11
2026-04-29 21:02:43,085 [INFO] from com.jpro.internal.server.JProInitializer$ in scala-execution-context-global-39 - JPro: 2026.1.1
2026-04-29 21:02:43,085 [INFO] from com.jpro.internal.server.JProInitializer$ in scala-execution-context-global-39 - Java version: 26.0.1
2026-04-29 21:02:43,085 [INFO] from com.jpro.internal.server.JProInitializer$ in scala-execution-context-global-39 - JVM: 26.0.1 Oracle Corporation
2026-04-29 21:02:43,087 [INFO] from com.jpro.internal.server.JProInitializer$ in scala-execution-context-global-39 - JavaFX jar: file:/C:/Users/lehas/.m2/repository/org/openjfx/javafx-graphics/25.0.2-jpro+1/javafx-graphics-25.0.2-jpro+1-win.jar
2026-04-29 21:02:43,091 [INFO] from com.jpro.internal.server.JProInitializer$ in scala-execution-context-global-39 - Configuring logging from url: 'jar:file:/C:/Users/lehas/.m2/repository/one/jpro/jpro-server_2.12/2026.1.1/jpro-server_2.12-2026.1.1.jar!/logback-jpro-default.xml'
2026-04-29 21:02:43,872 [INFO] from com.jpro.internal.server.JProInitializer$ in JavaFX Application Thread - JavaFX version: 25.0.2-jpro+1
2026-04-29 21:02:43,986 [INFO] from com.jpro.internal.server.JProInitializer$ in scala-execution-context-global-39 - finished init!
2026-04-29 21:02:43,990 [INFO] from com.jpro.internal.server.JProInitializer$ in scala-execution-context-global-39 - [JPro] -> Server started: {start_time: 1777471363075, os_name: Windows 11, jpro_version: 2026.1.1, pid: 9952, servername: L705}
2026-04-29 21:02:44,074 [INFO] from com.jpro.internal.server.Route$ in Thread-0 - Creating routing for JPro server
2026-04-29 21:02:44,144 [INFO] from io.helidon.common.features.HelidonFeatures in features-thread - Helidon SE 4.2.6 features: [Config, Encoding, Media, Metrics, Registry, WebServer, WebSocket]
2026-04-29 21:02:44,154 [INFO] from io.helidon.webserver.ServerListener in start @default (/0.0.0.0:8080) - [0x1df711a4] http://0.0.0.0:8080 bound for socket '@default'
2026-04-29 21:02:44,164 [INFO] from io.helidon.webserver.LoomServer in Thread-0 - Started all channels in 24 milliseconds. 2089 milliseconds since JVM startup. Java 26.0.1+8-34
2026-04-29 21:02:45,219 [INFO] from com.jpro.internal.server.JProWSEndpoint in [0x1df711a4 0x5b239225] WebServer socket - application requested: default params: Map()
2026-04-29 21:02:45,220 [INFO] from com.jpro.internal.server.JProWSEndpoint in [0x1df711a4 0x5b239225] WebServer socket - Creating Application: default
2026-04-29 21:02:45,221 [INFO] from com.jpro.internal.server.JProWSEndpoint in [0x1df711a4 0x5b239225] WebServer socket - remoteAddress 0:0:0:0:0:0:0:1
2026-04-29 21:02:45,221 [INFO] from com.jpro.internal.server.JProWSEndpoint in [0x1df711a4 0x5b239225] WebServer socket - host          
2026-04-29 21:02:45,221 [INFO] from com.jpro.internal.server.JProWSEndpoint in [0x1df711a4 0x5b239225] WebServer socket - uri           /app/ws/default
2026-04-29 21:02:45,230 [INFO] from com.jpro.internal.server.JProWSEndpoint in [0x1df711a4 0x5b239225] WebServer socket - Application found.
2026-04-29 21:02:45,314 [INFO] from com.jpro.internal.server.JProWSEndpoint in [0x1df711a4 0x5b239225] WebServer socket - Handshake received: 1fc848e7be83856bef963b103116f03f
2026-04-29 21:02:45,666 [INFO] from com.jpro.internal.stats.ViewInfo$ in JavaFX Application Thread - [JPro] -> View created: {app_name: default, host_name: localhost:8080, instance_id: 3hb36kiqw0nqngvnil11whlu2, browser: Microsoft Edge 147.0.0.0, browser_url: http://localhost:8080/, client_ip: 0:0:0:0:0:0:0:1}
2026-04-29 21:02:46,965 [INFO] from com.jpro.internal.communicator.InstanceImpl in JavaFX Application Thread - [JPro] -> Instance created: {app_name: default, host_name: localhost:8080, instance_id: 3hb36kiqw0nqngvnil11whlu2, browser: Microsoft Edge 147.0.0.0, browser_url: http://localhost:8080/, client_ip: 0:0:0:0:0:0:0:1}
2026-04-29 21:02:51,024 [INFO] from com.jpro.meta.tk.SceneInputListener in JavaFX Application Thread - On disposing SceneInputListener: primaryScene.window was null. Skipped the forced release of the mouse.
2026-04-29 21:02:52,550 [INFO] from com.jpro.meta.tk.SceneInputListener in JavaFX Application Thread - On disposing SceneInputListener: primaryScene.window was null. Skipped the forced release of the mouse.
2026-04-29 21:03:00,358 [WARN] from com.jpro.meta.stream.FXSerializer$$anon$1 in JavaFX Application Thread - Unsupported Object: com.sun.scenario.effect.DropShadow@663d55b ... com.sun.scenario.effect.DropShadow
2026-04-29 21:03:00,370 [WARN] from com.jpro.meta.stream.FXSerializer$$anon$1 in JavaFX Application Thread - Unsupported Object: com.sun.scenario.effect.DropShadow@768491b3 ... com.sun.scenario.effect.DropShadow
2026-04-29 21:03:00,371 [WARN] from com.jpro.meta.stream.FXSerializer$$anon$1 in JavaFX Application Thread - Unsupported Object: com.sun.scenario.effect.DropShadow@3a46fccd ... com.sun.scenario.effect.DropShadow
2026-04-29 21:03:00,387 [WARN] from com.jpro.meta.stream.FXSerializer$$anon$1 in JavaFX Application Thread - Unsupported Object: com.sun.scenario.effect.DropShadow@26c71165 ... com.sun.scenario.effect.DropShadow
2026-04-29 21:03:00,387 [WARN] from com.jpro.meta.stream.FXSerializer$$anon$1 in JavaFX Application Thread - Unsupported Object: com.sun.scenario.effect.DropShadow@51248459 ... com.sun.scenario.effect.DropShadow
2026-04-29 21:03:00,404 [WARN] from com.jpro.meta.stream.FXSerializer$$anon$1 in JavaFX Application Thread - Unsupported Object: com.sun.scenario.effect.DropShadow@7539bc39 ... com.sun.scenario.effect.DropShadow
2026-04-29 21:03:00,404 [WARN] from com.jpro.meta.stream.FXSerializer$$anon$1 in JavaFX Application Thread - Unsupported Object: com.sun.scenario.effect.DropShadow@1509ed82 ... com.sun.scenario.effect.DropShadow
2026-04-29 21:03:00,418 [WARN] from com.jpro.meta.stream.FXSerializer$$anon$1 in JavaFX Application Thread - Unsupported Object: com.sun.scenario.effect.DropShadow@34b7d76c ... com.sun.scenario.effect.DropShadow
2026-04-29 21:03:00,418 [WARN] from com.jpro.meta.stream.FXSerializer$$anon$1 in JavaFX Application Thread - Unsupported Object: com.sun.scenario.effect.DropShadow@78b9c5a6 ... com.sun.scenario.effect.DropShadow
2026-04-29 21:03:00,435 [WARN] from com.jpro.meta.stream.FXSerializer$$anon$1 in JavaFX Application Thread - Unsupported Object: com.sun.scenario.effect.DropShadow@321609df ... com.sun.scenario.effect.DropShadow
2026-04-29 21:03:00,435 [WARN] from com.jpro.meta.stream.FXSerializer$$anon$1 in JavaFX Application Thread - Unsupported Object: com.sun.scenario.effect.DropShadow@2e84f99a ... com.sun.scenario.effect.DropShadow
2026-04-29 21:03:00,450 [WARN] from com.jpro.meta.stream.FXSerializer$$anon$1 in JavaFX Application Thread - Unsupported Object: com.sun.scenario.effect.DropShadow@130c623f ... com.sun.scenario.effect.DropShadow
2026-04-29 21:03:00,450 [WARN] from com.jpro.meta.stream.FXSerializer$$anon$1 in JavaFX Application Thread - Unsupported Object: com.sun.scenario.effect.DropShadow@52072d81 ... com.sun.scenario.effect.DropShadow
2026-04-29 21:03:00,466 [WARN] from com.jpro.meta.stream.FXSerializer$$anon$1 in JavaFX Application Thread - Unsupported Object: com.sun.scenario.effect.DropShadow@6ba118b7 ... com.sun.scenario.effect.DropShadow
2026-04-29 21:03:00,466 [WARN] from com.jpro.meta.stream.FXSerializer$$anon$1 in JavaFX Application Thread - Unsupported Object: com.sun.scenario.effect.DropShadow@26c85ca1 ... com.sun.scenario.effect.DropShadow
2026-04-29 21:03:00,483 [WARN] from com.jpro.meta.stream.FXSerializer$$anon$1 in JavaFX Application Thread - Unsupported Object: com.sun.scenario.effect.DropShadow@3382ab22 ... com.sun.scenario.effect.DropShadow
2026-04-29 21:03:00,483 [WARN] from com.jpro.meta.stream.FXSerializer$$anon$1 in JavaFX Application Thread - Unsupported Object: com.sun.scenario.effect.DropShadow@50defa46 ... com.sun.scenario.effect.DropShadow
2026-04-29 21:03:00,498 [WARN] from com.jpro.meta.stream.FXSerializer$$anon$1 in JavaFX Application Thread - Unsupported Object: com.sun.scenario.effect.DropShadow@5cfeab84 ... com.sun.scenario.effect.DropShadow
2026-04-29 21:03:00,498 [WARN] from com.jpro.meta.stream.FXSerializer$$anon$1 in JavaFX Application Thread - Unsupported Object: com.sun.scenario.effect.DropShadow@191d9da8 ... com.sun.scenario.effect.DropShadow
2026-04-29 21:03:00,514 [WARN] from com.jpro.meta.stream.FXSerializer$$anon$1 in JavaFX Application Thread - Unsupported Object: com.sun.scenario.effect.DropShadow@3d052a5d ... com.sun.scenario.effect.DropShadow
2026-04-29 21:03:00,514 [WARN] from com.jpro.meta.stream.FXSerializer$$anon$1 in JavaFX Application Thread - Unsupported Object: com.sun.scenario.effect.DropShadow@c8b2d8c ... com.sun.scenario.effect.DropShadow
2026-04-29 21:03:00,529 [WARN] from com.jpro.meta.stream.FXSerializer$$anon$1 in JavaFX Application Thread - Unsupported Object: com.sun.scenario.effect.DropShadow@75ebe4c3 ... com.sun.scenario.effect.DropShadow
2026-04-29 21:03:00,530 [WARN] from com.jpro.meta.stream.FXSerializer$$anon$1 in JavaFX Application Thread - Unsupported Object: com.sun.scenario.effect.DropShadow@15dad636 ... com.sun.scenario.effect.DropShadow
2026-04-29 21:03:00,546 [WARN] from com.jpro.meta.stream.FXSerializer$$anon$1 in JavaFX Application Thread - Unsupported Object: com.sun.scenario.effect.DropShadow@6d13b2e4 ... com.sun.scenario.effect.DropShadow
2026-04-29 21:03:00,546 [WARN] from com.jpro.meta.stream.FXSerializer$$anon$1 in JavaFX Application Thread - Unsupported Object: com.sun.scenario.effect.DropShadow@118922d6 ... com.sun.scenario.effect.DropShadow
2026-04-29 21:03:00,563 [WARN] from com.jpro.meta.stream.FXSerializer$$anon$1 in JavaFX Application Thread - Unsupported Object: com.sun.scenario.effect.DropShadow@37a3fade ... com.sun.scenario.effect.DropShadow
2026-04-29 21:03:00,564 [WARN] from com.jpro.meta.stream.FXSerializer$$anon$1 in JavaFX Application Thread - Unsupported Object: com.sun.scenario.effect.DropShadow@f11daeb ... com.sun.scenario.effect.DropShadow
2026-04-29 21:03:00,578 [WARN] from com.jpro.meta.stream.FXSerializer$$anon$1 in JavaFX Application Thread - Unsupported Object: com.sun.scenario.effect.DropShadow@42e8d1b9 ... com.sun.scenario.effect.DropShadow
2026-04-29 21:03:00,578 [WARN] from com.jpro.meta.stream.FXSerializer$$anon$1 in JavaFX Application Thread - Unsupported Object: com.sun.scenario.effect.DropShadow@33ec3083 ... com.sun.scenario.effect.DropShadow
2026-04-29 21:03:00,595 [WARN] from com.jpro.meta.stream.FXSerializer$$anon$1 in JavaFX Application Thread - Unsupported Object: com.sun.scenario.effect.DropShadow@37773dc3 ... com.sun.scenario.effect.DropShadow
2026-04-29 21:03:00,595 [WARN] from com.jpro.meta.stream.FXSerializer$$anon$1 in JavaFX Application Thread - Unsupported Object: com.sun.scenario.effect.DropShadow@38fb48bd ... com.sun.scenario.effect.DropShadow
2026-04-29 21:03:00,612 [WARN] from com.jpro.meta.stream.FXSerializer$$anon$1 in JavaFX Application Thread - Unsupported Object: com.sun.scenario.effect.DropShadow@218c2cb5 ... com.sun.scenario.effect.DropShadow
2026-04-29 21:03:00,612 [WARN] from com.jpro.meta.stream.FXSerializer$$anon$1 in JavaFX Application Thread - Unsupported Object: com.sun.scenario.effect.DropShadow@2a0bea35 ... com.sun.scenario.effect.DropShadow
2026-04-29 21:03:00,627 [WARN] from com.jpro.meta.stream.FXSerializer$$anon$1 in JavaFX Application Thread - Unsupported Object: com.sun.scenario.effect.DropShadow@9df15c ... com.sun.scenario.effect.DropShadow
2026-04-29 21:03:00,627 [WARN] from com.jpro.meta.stream.FXSerializer$$anon$1 in JavaFX Application Thread - Unsupported Object: com.sun.scenario.effect.DropShadow@1930d1fe ... com.sun.scenario.effect.DropShadow
2026-04-29 21:03:00,643 [WARN] from com.jpro.meta.stream.FXSerializer$$anon$1 in JavaFX Application Thread - Unsupported Object: com.sun.scenario.effect.DropShadow@2f303509 ... com.sun.scenario.effect.DropShadow
2026-04-29 21:03:00,643 [WARN] from com.jpro.meta.stream.FXSerializer$$anon$1 in JavaFX Application Thread - Unsupported Object: com.sun.scenario.effect.DropShadow@27fe982b ... com.sun.scenario.effect.DropShadow
2026-04-29 21:03:00,658 [WARN] from com.jpro.meta.stream.FXSerializer$$anon$1 in JavaFX Application Thread - Unsupported Object: com.sun.scenario.effect.DropShadow@12b3990d ... com.sun.scenario.effect.DropShadow
2026-04-29 21:03:22,674 [WARN] from com.jpro.meta.stream.FXSerializer$$anon$1 in JavaFX Application Thread - Unsupported Object: com.sun.scenario.effect.DropShadow@1f1258bb ... com.sun.scenario.effect.DropShadow
2026-04-29 21:03:22,691 [WARN] from com.jpro.meta.stream.FXSerializer$$anon$1 in JavaFX Application Thread - Unsupported Object: com.sun.scenario.effect.DropShadow@48073367 ... com.sun.scenario.effect.DropShadow
2026-04-29 21:03:22,707 [WARN] from com.jpro.meta.stream.FXSerializer$$anon$1 in JavaFX Application Thread - Unsupported Object: com.sun.scenario.effect.DropShadow@337198e2 ... com.sun.scenario.effect.DropShadow
2026-04-29 21:03:22,723 [WARN] from com.jpro.meta.stream.FXSerializer$$anon$1 in JavaFX Application Thread - Unsupported Object: com.sun.scenario.effect.DropShadow@5d2df677 ... com.sun.scenario.effect.DropShadow
2026-04-29 21:03:22,739 [WARN] from com.jpro.meta.stream.FXSerializer$$anon$1 in JavaFX Application Thread - Unsupported Object: com.sun.scenario.effect.DropShadow@28302abb ... com.sun.scenario.effect.DropShadow
2026-04-29 21:03:22,754 [WARN] from com.jpro.meta.stream.FXSerializer$$anon$1 in JavaFX Application Thread - Unsupported Object: com.sun.scenario.effect.DropShadow@4b2d1d31 ... com.sun.scenario.effect.DropShadow
2026-04-29 21:03:22,769 [WARN] from com.jpro.meta.stream.FXSerializer$$anon$1 in JavaFX Application Thread - Unsupported Object: com.sun.scenario.effect.DropShadow@662afb2c ... com.sun.scenario.effect.DropShadow
2026-04-29 21:03:22,787 [WARN] from com.jpro.meta.stream.FXSerializer$$anon$1 in JavaFX Application Thread - Unsupported Object: com.sun.scenario.effect.DropShadow@6c3f7684 ... com.sun.scenario.effect.DropShadow
2026-04-29 21:03:22,803 [WARN] from com.jpro.meta.stream.FXSerializer$$anon$1 in JavaFX Application Thread - Unsupported Object: com.sun.scenario.effect.DropShadow@6a47d41e ... com.sun.scenario.effect.DropShadow
2026-04-29 21:03:22,818 [WARN] from com.jpro.meta.stream.FXSerializer$$anon$1 in JavaFX Application Thread - Unsupported Object: com.sun.scenario.effect.DropShadow@11ccca39 ... com.sun.scenario.effect.DropShadow
2026-04-29 21:03:22,833 [WARN] from com.jpro.meta.stream.FXSerializer$$anon$1 in JavaFX Application Thread - Unsupported Object: com.sun.scenario.effect.DropShadow@4f92ee3 ... com.sun.scenario.effect.DropShadow
2026-04-29 21:03:22,849 [WARN] from com.jpro.meta.stream.FXSerializer$$anon$1 in JavaFX Application Thread - Unsupported Object: com.sun.scenario.effect.DropShadow@8d879f ... com.sun.scenario.effect.DropShadow
2026-04-29 21:03:22,866 [WARN] from com.jpro.meta.stream.FXSerializer$$anon$1 in JavaFX Application Thread - Unsupported Object: com.sun.scenario.effect.DropShadow@7f9b7534 ... com.sun.scenario.effect.DropShadow
2026-04-29 21:03:22,881 [WARN] from com.jpro.meta.stream.FXSerializer$$anon$1 in JavaFX Application Thread - Unsupported Object: com.sun.scenario.effect.DropShadow@32391c4f ... com.sun.scenario.effect.DropShadow
2026-04-29 21:03:22,897 [WARN] from com.jpro.meta.stream.FXSerializer$$anon$1 in JavaFX Application Thread - Unsupported Object: com.sun.scenario.effect.DropShadow@53298060 ... com.sun.scenario.effect.DropShadow
2026-04-29 21:03:22,915 [WARN] from com.jpro.meta.stream.FXSerializer$$anon$1 in JavaFX Application Thread - Unsupported Object: com.sun.scenario.effect.DropShadow@5f782067 ... com.sun.scenario.effect.DropShadow
2026-04-29 21:03:22,930 [WARN] from com.jpro.meta.stream.FXSerializer$$anon$1 in JavaFX Application Thread - Unsupported Object: com.sun.scenario.effect.DropShadow@5ded8464 ... com.sun.scenario.effect.DropShadow
2026-04-29 21:03:22,947 [WARN] from com.jpro.meta.stream.FXSerializer$$anon$1 in JavaFX Application Thread - Unsupported Object: com.sun.scenario.effect.DropShadow@446e129a ... com.sun.scenario.effect.DropShadow
2026-04-29 21:03:22,961 [WARN] from com.jpro.meta.stream.FXSerializer$$anon$1 in JavaFX Application Thread - Unsupported Object: com.sun.scenario.effect.DropShadow@7199a716 ... com.sun.scenario.effect.DropShadow
2026-04-29 21:03:30,338 [WARN] from com.jpro.meta.stream.FXSerializer$$anon$1 in JavaFX Application Thread - Unsupported Object: com.sun.scenario.effect.DropShadow@1fe2ae28 ... com.sun.scenario.effect.DropShadow
2026-04-29 21:03:30,354 [WARN] from com.jpro.meta.stream.FXSerializer$$anon$1 in JavaFX Application Thread - Unsupported Object: com.sun.scenario.effect.DropShadow@4fd040b5 ... com.sun.scenario.effect.DropShadow
2026-04-29 21:03:30,370 [WARN] from com.jpro.meta.stream.FXSerializer$$anon$1 in JavaFX Application Thread - Unsupported Object: com.sun.scenario.effect.DropShadow@4cf52b5e ... com.sun.scenario.effect.DropShadow
2026-04-29 21:03:30,386 [WARN] from com.jpro.meta.stream.FXSerializer$$anon$1 in JavaFX Application Thread - Unsupported Object: com.sun.scenario.effect.DropShadow@6a8e4880 ... com.sun.scenario.effect.DropShadow
2026-04-29 21:03:30,402 [WARN] from com.jpro.meta.stream.FXSerializer$$anon$1 in JavaFX Application Thread - Unsupported Object: com.sun.scenario.effect.DropShadow@6d7745b0 ... com.sun.scenario.effect.DropShadow
2026-04-29 21:03:30,418 [WARN] from com.jpro.meta.stream.FXSerializer$$anon$1 in JavaFX Application Thread - Unsupported Object: com.sun.scenario.effect.DropShadow@1677ec7 ... com.sun.scenario.effect.DropShadow
2026-04-29 21:03:30,434 [WARN] from com.jpro.meta.stream.FXSerializer$$anon$1 in JavaFX Application Thread - Unsupported Object: com.sun.scenario.effect.DropShadow@65f0fe9b ... com.sun.scenario.effect.DropShadow
2026-04-29 21:03:30,449 [WARN] from com.jpro.meta.stream.FXSerializer$$anon$1 in JavaFX Application Thread - Unsupported Object: com.sun.scenario.effect.DropShadow@58e19914 ... com.sun.scenario.effect.DropShadow
2026-04-29 21:03:30,466 [WARN] from com.jpro.meta.stream.FXSerializer$$anon$1 in JavaFX Application Thread - Unsupported Object: com.sun.scenario.effect.DropShadow@139ecc5 ... com.sun.scenario.effect.DropShadow
2026-04-29 21:03:30,481 [WARN] from com.jpro.meta.stream.FXSerializer$$anon$1 in JavaFX Application Thread - Unsupported Object: com.sun.scenario.effect.DropShadow@48d39252 ... com.sun.scenario.effect.DropShadow
2026-04-29 21:03:30,497 [WARN] from com.jpro.meta.stream.FXSerializer$$anon$1 in JavaFX Application Thread - Unsupported Object: com.sun.scenario.effect.DropShadow@ff6b3a5 ... com.sun.scenario.effect.DropShadow
2026-04-29 21:03:30,514 [WARN] from com.jpro.meta.stream.FXSerializer$$anon$1 in JavaFX Application Thread - Unsupported Object: com.sun.scenario.effect.DropShadow@2179290c ... com.sun.scenario.effect.DropShadow
2026-04-29 21:03:30,529 [WARN] from com.jpro.meta.stream.FXSerializer$$anon$1 in JavaFX Application Thread - Unsupported Object: com.sun.scenario.effect.DropShadow@84a6507 ... com.sun.scenario.effect.DropShadow
2026-04-29 21:03:30,545 [WARN] from com.jpro.meta.stream.FXSerializer$$anon$1 in JavaFX Application Thread - Unsupported Object: com.sun.scenario.effect.DropShadow@6e238216 ... com.sun.scenario.effect.DropShadow
2026-04-29 21:03:30,561 [WARN] from com.jpro.meta.stream.FXSerializer$$anon$1 in JavaFX Application Thread - Unsupported Object: com.sun.scenario.effect.DropShadow@68f1bf0e ... com.sun.scenario.effect.DropShadow
2026-04-29 21:03:30,578 [WARN] from com.jpro.meta.stream.FXSerializer$$anon$1 in JavaFX Application Thread - Unsupported Object: com.sun.scenario.effect.DropShadow@4d64cb56 ... com.sun.scenario.effect.DropShadow
2026-04-29 21:03:30,593 [WARN] from com.jpro.meta.stream.FXSerializer$$anon$1 in JavaFX Application Thread - Unsupported Object: com.sun.scenario.effect.DropShadow@34a1862a ... com.sun.scenario.effect.DropShadow
2026-04-29 21:03:30,610 [WARN] from com.jpro.meta.stream.FXSerializer$$anon$1 in JavaFX Application Thread - Unsupported Object: com.sun.scenario.effect.DropShadow@2e2abe8 ... com.sun.scenario.effect.DropShadow
2026-04-29 21:03:30,626 [WARN] from com.jpro.meta.stream.FXSerializer$$anon$1 in JavaFX Application Thread - Unsupported Object: com.sun.scenario.effect.DropShadow@4b4e68c0 ... com.sun.scenario.effect.DropShadow
2026-04-29 21:03:32,274 [WARN] from com.jpro.meta.stream.FXSerializer$$anon$1 in JavaFX Application Thread - Unsupported Object: com.sun.scenario.effect.DropShadow@3ca4aaf7 ... com.sun.scenario.effect.DropShadow
2026-04-29 21:03:32,291 [WARN] from com.jpro.meta.stream.FXSerializer$$anon$1 in JavaFX Application Thread - Unsupported Object: com.sun.scenario.effect.DropShadow@7313827d ... com.sun.scenario.effect.DropShadow
2026-04-29 21:03:32,307 [WARN] from com.jpro.meta.stream.FXSerializer$$anon$1 in JavaFX Application Thread - Unsupported Object: com.sun.scenario.effect.DropShadow@1e16cd08 ... com.sun.scenario.effect.DropShadow
2026-04-29 21:03:32,321 [WARN] from com.jpro.meta.stream.FXSerializer$$anon$1 in JavaFX Application Thread - Unsupported Object: com.sun.scenario.effect.DropShadow@582f11e9 ... com.sun.scenario.effect.DropShadow
2026-04-29 21:03:32,337 [WARN] from com.jpro.meta.stream.FXSerializer$$anon$1 in JavaFX Application Thread - Unsupported Object: com.sun.scenario.effect.DropShadow@5540857d ... com.sun.scenario.effect.DropShadow
2026-04-29 21:03:32,354 [WARN] from com.jpro.meta.stream.FXSerializer$$anon$1 in JavaFX Application Thread - Unsupported Object: com.sun.scenario.effect.DropShadow@4d38f572 ... com.sun.scenario.effect.DropShadow
2026-04-29 21:03:32,370 [WARN] from com.jpro.meta.stream.FXSerializer$$anon$1 in JavaFX Application Thread - Unsupported Object: com.sun.scenario.effect.DropShadow@7675f640 ... com.sun.scenario.effect.DropShadow
2026-04-29 21:03:32,385 [WARN] from com.jpro.meta.stream.FXSerializer$$anon$1 in JavaFX Application Thread - Unsupported Object: com.sun.scenario.effect.DropShadow@2b87d938 ... com.sun.scenario.effect.DropShadow
2026-04-29 21:03:32,404 [WARN] from com.jpro.meta.stream.FXSerializer$$anon$1 in JavaFX Application Thread - Unsupported Object: com.sun.scenario.effect.DropShadow@1e5f7143 ... com.sun.scenario.effect.DropShadow
2026-04-29 21:03:32,418 [WARN] from com.jpro.meta.stream.FXSerializer$$anon$1 in JavaFX Application Thread - Unsupported Object: com.sun.scenario.effect.DropShadow@31368848 ... com.sun.scenario.effect.DropShadow
2026-04-29 21:03:32,434 [WARN] from com.jpro.meta.stream.FXSerializer$$anon$1 in JavaFX Application Thread - Unsupported Object: com.sun.scenario.effect.DropShadow@4f251254 ... com.sun.scenario.effect.DropShadow
2026-04-29 21:03:32,450 [WARN] from com.jpro.meta.stream.FXSerializer$$anon$1 in JavaFX Application Thread - Unsupported Object: com.sun.scenario.effect.DropShadow@1e0e1cd0 ... com.sun.scenario.effect.DropShadow
2026-04-29 21:03:32,467 [WARN] from com.jpro.meta.stream.FXSerializer$$anon$1 in JavaFX Application Thread - Unsupported Object: com.sun.scenario.effect.DropShadow@1759ac88 ... com.sun.scenario.effect.DropShadow
2026-04-29 21:03:32,481 [WARN] from com.jpro.meta.stream.FXSerializer$$anon$1 in JavaFX Application Thread - Unsupported Object: com.sun.scenario.effect.DropShadow@fa7d52 ... com.sun.scenario.effect.DropShadow
2026-04-29 21:03:32,497 [WARN] from com.jpro.meta.stream.FXSerializer$$anon$1 in JavaFX Application Thread - Unsupported Object: com.sun.scenario.effect.DropShadow@21f94278 ... com.sun.scenario.effect.DropShadow
2026-04-29 21:03:32,514 [WARN] from com.jpro.meta.stream.FXSerializer$$anon$1 in JavaFX Application Thread - Unsupported Object: com.sun.scenario.effect.DropShadow@4b3b1f99 ... com.sun.scenario.effect.DropShadow
2026-04-29 21:03:32,529 [WARN] from com.jpro.meta.stream.FXSerializer$$anon$1 in JavaFX Application Thread - Unsupported Object: com.sun.scenario.effect.DropShadow@5626eb4e ... com.sun.scenario.effect.DropShadow
2026-04-29 21:03:32,547 [WARN] from com.jpro.meta.stream.FXSerializer$$anon$1 in JavaFX Application Thread - Unsupported Object: com.sun.scenario.effect.DropShadow@464e27d3 ... com.sun.scenario.effect.DropShadow
2026-04-29 21:03:32,562 [WARN] from com.jpro.meta.stream.FXSerializer$$anon$1 in JavaFX Application Thread - Unsupported Object: com.sun.scenario.effect.DropShadow@66417ebe ... com.sun.scenario.effect.DropShadow
2026-04-29 21:03:40,867 [WARN] from com.jpro.meta.stream.FXSerializer$$anon$1 in JavaFX Application Thread - Unsupported Object: com.sun.scenario.effect.DropShadow@733eb5a1 ... com.sun.scenario.effect.DropShadow
2026-04-29 21:03:40,881 [WARN] from com.jpro.meta.stream.FXSerializer$$anon$1 in JavaFX Application Thread - Unsupported Object: com.sun.scenario.effect.DropShadow@4d965c3 ... com.sun.scenario.effect.DropShadow
2026-04-29 21:03:40,899 [WARN] from com.jpro.meta.stream.FXSerializer$$anon$1 in JavaFX Application Thread - Unsupported Object: com.sun.scenario.effect.DropShadow@3be666d7 ... com.sun.scenario.effect.DropShadow
2026-04-29 21:03:40,914 [WARN] from com.jpro.meta.stream.FXSerializer$$anon$1 in JavaFX Application Thread - Unsupported Object: com.sun.scenario.effect.DropShadow@2d33fad2 ... com.sun.scenario.effect.DropShadow
2026-04-29 21:03:40,930 [WARN] from com.jpro.meta.stream.FXSerializer$$anon$1 in JavaFX Application Thread - Unsupported Object: com.sun.scenario.effect.DropShadow@7d7780eb ... com.sun.scenario.effect.DropShadow
2026-04-29 21:03:40,946 [WARN] from com.jpro.meta.stream.FXSerializer$$anon$1 in JavaFX Application Thread - Unsupported Object: com.sun.scenario.effect.DropShadow@72c5eb95 ... com.sun.scenario.effect.DropShadow
2026-04-29 21:03:40,961 [WARN] from com.jpro.meta.stream.FXSerializer$$anon$1 in JavaFX Application Thread - Unsupported Object: com.sun.scenario.effect.DropShadow@26744013 ... com.sun.scenario.effect.DropShadow
2026-04-29 21:03:40,977 [WARN] from com.jpro.meta.stream.FXSerializer$$anon$1 in JavaFX Application Thread - Unsupported Object: com.sun.scenario.effect.DropShadow@510db3dd ... com.sun.scenario.effect.DropShadow
2026-04-29 21:03:40,994 [WARN] from com.jpro.meta.stream.FXSerializer$$anon$1 in JavaFX Application Thread - Unsupported Object: com.sun.scenario.effect.DropShadow@3f1700e8 ... com.sun.scenario.effect.DropShadow
2026-04-29 21:03:41,010 [WARN] from com.jpro.meta.stream.FXSerializer$$anon$1 in JavaFX Application Thread - Unsupported Object: com.sun.scenario.effect.DropShadow@76feda49 ... com.sun.scenario.effect.DropShadow
2026-04-29 21:03:41,026 [WARN] from com.jpro.meta.stream.FXSerializer$$anon$1 in JavaFX Application Thread - Unsupported Object: com.sun.scenario.effect.DropShadow@6fc38e05 ... com.sun.scenario.effect.DropShadow
2026-04-29 21:03:41,043 [WARN] from com.jpro.meta.stream.FXSerializer$$anon$1 in JavaFX Application Thread - Unsupported Object: com.sun.scenario.effect.DropShadow@3e465d2a ... com.sun.scenario.effect.DropShadow
2026-04-29 21:03:41,057 [WARN] from com.jpro.meta.stream.FXSerializer$$anon$1 in JavaFX Application Thread - Unsupported Object: com.sun.scenario.effect.DropShadow@5acab321 ... com.sun.scenario.effect.DropShadow
2026-04-29 21:03:41,074 [WARN] from com.jpro.meta.stream.FXSerializer$$anon$1 in JavaFX Application Thread - Unsupported Object: com.sun.scenario.effect.DropShadow@6e8acac3 ... com.sun.scenario.effect.DropShadow
2026-04-29 21:03:41,089 [WARN] from com.jpro.meta.stream.FXSerializer$$anon$1 in JavaFX Application Thread - Unsupported Object: com.sun.scenario.effect.DropShadow@440d83b5 ... com.sun.scenario.effect.DropShadow
2026-04-29 21:03:41,105 [WARN] from com.jpro.meta.stream.FXSerializer$$anon$1 in JavaFX Application Thread - Unsupported Object: com.sun.scenario.effect.DropShadow@3e21192 ... com.sun.scenario.effect.DropShadow
2026-04-29 21:03:41,123 [WARN] from com.jpro.meta.stream.FXSerializer$$anon$1 in JavaFX Application Thread - Unsupported Object: com.sun.scenario.effect.DropShadow@22534e8 ... com.sun.scenario.effect.DropShadow
2026-04-29 21:03:41,137 [WARN] from com.jpro.meta.stream.FXSerializer$$anon$1 in JavaFX Application Thread - Unsupported Object: com.sun.scenario.effect.DropShadow@b231fec ... com.sun.scenario.effect.DropShadow
2026-04-29 21:03:41,154 [WARN] from com.jpro.meta.stream.FXSerializer$$anon$1 in JavaFX Application Thread - Unsupported Object: com.sun.scenario.effect.DropShadow@50b8ad13 ... com.sun.scenario.effect.DropShadow
2026-04-29 21:03:42,418 [WARN] from com.jpro.meta.stream.FXSerializer$$anon$1 in JavaFX Application Thread - Unsupported Object: com.sun.scenario.effect.DropShadow@38039fa4 ... com.sun.scenario.effect.DropShadow
2026-04-29 21:03:42,434 [WARN] from com.jpro.meta.stream.FXSerializer$$anon$1 in JavaFX Application Thread - Unsupported Object: com.sun.scenario.effect.DropShadow@74d03da1 ... com.sun.scenario.effect.DropShadow
2026-04-29 21:03:42,450 [WARN] from com.jpro.meta.stream.FXSerializer$$anon$1 in JavaFX Application Thread - Unsupported Object: com.sun.scenario.effect.DropShadow@6c9fcf70 ... com.sun.scenario.effect.DropShadow
2026-04-29 21:03:42,467 [WARN] from com.jpro.meta.stream.FXSerializer$$anon$1 in JavaFX Application Thread - Unsupported Object: com.sun.scenario.effect.DropShadow@eff2758 ... com.sun.scenario.effect.DropShadow
2026-04-29 21:03:42,481 [WARN] from com.jpro.meta.stream.FXSerializer$$anon$1 in JavaFX Application Thread - Unsupported Object: com.sun.scenario.effect.DropShadow@3ef1a9d0 ... com.sun.scenario.effect.DropShadow
2026-04-29 21:03:42,499 [WARN] from com.jpro.meta.stream.FXSerializer$$anon$1 in JavaFX Application Thread - Unsupported Object: com.sun.scenario.effect.DropShadow@6f22ea9d ... com.sun.scenario.effect.DropShadow
2026-04-29 21:03:42,514 [WARN] from com.jpro.meta.stream.FXSerializer$$anon$1 in JavaFX Application Thread - Unsupported Object: com.sun.scenario.effect.DropShadow@6fcf7421 ... com.sun.scenario.effect.DropShadow
2026-04-29 21:03:42,529 [WARN] from com.jpro.meta.stream.FXSerializer$$anon$1 in JavaFX Application Thread - Unsupported Object: com.sun.scenario.effect.DropShadow@6b9d2b12 ... com.sun.scenario.effect.DropShadow
2026-04-29 21:03:42,546 [WARN] from com.jpro.meta.stream.FXSerializer$$anon$1 in JavaFX Application Thread - Unsupported Object: com.sun.scenario.effect.DropShadow@25a41d06 ... com.sun.scenario.effect.DropShadow
2026-04-29 21:03:42,563 [WARN] from com.jpro.meta.stream.FXSerializer$$anon$1 in JavaFX Application Thread - Unsupported Object: com.sun.scenario.effect.DropShadow@761d5bfc ... com.sun.scenario.effect.DropShadow
2026-04-29 21:03:42,579 [WARN] from com.jpro.meta.stream.FXSerializer$$anon$1 in JavaFX Application Thread - Unsupported Object: com.sun.scenario.effect.DropShadow@3aa1eebe ... com.sun.scenario.effect.DropShadow
2026-04-29 21:03:42,594 [WARN] from com.jpro.meta.stream.FXSerializer$$anon$1 in JavaFX Application Thread - Unsupported Object: com.sun.scenario.effect.DropShadow@1c0bdad4 ... com.sun.scenario.effect.DropShadow
2026-04-29 21:03:42,609 [WARN] from com.jpro.meta.stream.FXSerializer$$anon$1 in JavaFX Application Thread - Unsupported Object: com.sun.scenario.effect.DropShadow@57d0b08b ... com.sun.scenario.effect.DropShadow
2026-04-29 21:03:42,626 [WARN] from com.jpro.meta.stream.FXSerializer$$anon$1 in JavaFX Application Thread - Unsupported Object: com.sun.scenario.effect.DropShadow@bf59038 ... com.sun.scenario.effect.DropShadow
2026-04-29 21:03:42,641 [WARN] from com.jpro.meta.stream.FXSerializer$$anon$1 in JavaFX Application Thread - Unsupported Object: com.sun.scenario.effect.DropShadow@31c51fb2 ... com.sun.scenario.effect.DropShadow
2026-04-29 21:03:42,658 [WARN] from com.jpro.meta.stream.FXSerializer$$anon$1 in JavaFX Application Thread - Unsupported Object: com.sun.scenario.effect.DropShadow@38bd5d05 ... com.sun.scenario.effect.DropShadow
2026-04-29 21:03:42,674 [WARN] from com.jpro.meta.stream.FXSerializer$$anon$1 in JavaFX Application Thread - Unsupported Object: com.sun.scenario.effect.DropShadow@41953b99 ... com.sun.scenario.effect.DropShadow
2026-04-29 21:03:42,690 [WARN] from com.jpro.meta.stream.FXSerializer$$anon$1 in JavaFX Application Thread - Unsupported Object: com.sun.scenario.effect.DropShadow@34c5b7e9 ... com.sun.scenario.effect.DropShadow
2026-04-29 21:03:42,706 [WARN] from com.jpro.meta.stream.FXSerializer$$anon$1 in JavaFX Application Thread - Unsupported Object: com.sun.scenario.effect.DropShadow@2073e1b1 ... com.sun.scenario.effect.DropShadow
2026-04-29 21:03:43,474 [WARN] from com.jpro.meta.stream.FXSerializer$$anon$1 in JavaFX Application Thread - Unsupported Object: com.sun.scenario.effect.DropShadow@7612212f ... com.sun.scenario.effect.DropShadow
2026-04-29 21:03:43,490 [WARN] from com.jpro.meta.stream.FXSerializer$$anon$1 in JavaFX Application Thread - Unsupported Object: com.sun.scenario.effect.DropShadow@6c4b4dc ... com.sun.scenario.effect.DropShadow
2026-04-29 21:03:43,506 [WARN] from com.jpro.meta.stream.FXSerializer$$anon$1 in JavaFX Application Thread - Unsupported Object: com.sun.scenario.effect.DropShadow@5aa63e6a ... com.sun.scenario.effect.DropShadow
2026-04-29 21:03:43,523 [WARN] from com.jpro.meta.stream.FXSerializer$$anon$1 in JavaFX Application Thread - Unsupported Object: com.sun.scenario.effect.DropShadow@13e8a345 ... com.sun.scenario.effect.DropShadow
2026-04-29 21:03:43,537 [WARN] from com.jpro.meta.stream.FXSerializer$$anon$1 in JavaFX Application Thread - Unsupported Object: com.sun.scenario.effect.DropShadow@48f0e78c ... com.sun.scenario.effect.DropShadow
2026-04-29 21:03:43,554 [WARN] from com.jpro.meta.stream.FXSerializer$$anon$1 in JavaFX Application Thread - Unsupported Object: com.sun.scenario.effect.DropShadow@101edde0 ... com.sun.scenario.effect.DropShadow
2026-04-29 21:03:43,569 [WARN] from com.jpro.meta.stream.FXSerializer$$anon$1 in JavaFX Application Thread - Unsupported Object: com.sun.scenario.effect.DropShadow@5e6ee297 ... com.sun.scenario.effect.DropShadow
2026-04-29 21:03:43,586 [WARN] from com.jpro.meta.stream.FXSerializer$$anon$1 in JavaFX Application Thread - Unsupported Object: com.sun.scenario.effect.DropShadow@13cf1bc9 ... com.sun.scenario.effect.DropShadow
2026-04-29 21:03:43,601 [WARN] from com.jpro.meta.stream.FXSerializer$$anon$1 in JavaFX Application Thread - Unsupported Object: com.sun.scenario.effect.DropShadow@11cf7a7c ... com.sun.scenario.effect.DropShadow
2026-04-29 21:03:43,618 [WARN] from com.jpro.meta.stream.FXSerializer$$anon$1 in JavaFX Application Thread - Unsupported Object: com.sun.scenario.effect.DropShadow@69c00c63 ... com.sun.scenario.effect.DropShadow
2026-04-29 21:03:43,634 [WARN] from com.jpro.meta.stream.FXSerializer$$anon$1 in JavaFX Application Thread - Unsupported Object: com.sun.scenario.effect.DropShadow@31f97348 ... com.sun.scenario.effect.DropShadow
2026-04-29 21:03:43,650 [WARN] from com.jpro.meta.stream.FXSerializer$$anon$1 in JavaFX Application Thread - Unsupported Object: com.sun.scenario.effect.DropShadow@72432216 ... com.sun.scenario.effect.DropShadow
2026-04-29 21:03:43,665 [WARN] from com.jpro.meta.stream.FXSerializer$$anon$1 in JavaFX Application Thread - Unsupported Object: com.sun.scenario.effect.DropShadow@437c95b8 ... com.sun.scenario.effect.DropShadow
2026-04-29 21:03:43,683 [WARN] from com.jpro.meta.stream.FXSerializer$$anon$1 in JavaFX Application Thread - Unsupported Object: com.sun.scenario.effect.DropShadow@33155cf5 ... com.sun.scenario.effect.DropShadow
2026-04-29 21:03:43,697 [WARN] from com.jpro.meta.stream.FXSerializer$$anon$1 in JavaFX Application Thread - Unsupported Object: com.sun.scenario.effect.DropShadow@10b77a3 ... com.sun.scenario.effect.DropShadow
2026-04-29 21:03:43,715 [WARN] from com.jpro.meta.stream.FXSerializer$$anon$1 in JavaFX Application Thread - Unsupported Object: com.sun.scenario.effect.DropShadow@5cfa0ddc ... com.sun.scenario.effect.DropShadow
2026-04-29 21:03:43,730 [WARN] from com.jpro.meta.stream.FXSerializer$$anon$1 in JavaFX Application Thread - Unsupported Object: com.sun.scenario.effect.DropShadow@575d76db ... com.sun.scenario.effect.DropShadow
2026-04-29 21:03:43,745 [WARN] from com.jpro.meta.stream.FXSerializer$$anon$1 in JavaFX Application Thread - Unsupported Object: com.sun.scenario.effect.DropShadow@7f39b0af ... com.sun.scenario.effect.DropShadow
2026-04-29 21:03:43,761 [WARN] from com.jpro.meta.stream.FXSerializer$$anon$1 in JavaFX Application Thread - Unsupported Object: com.sun.scenario.effect.DropShadow@1ba4bdfa ... com.sun.scenario.effect.DropShadow
2026-04-29 21:03:43,778 [WARN] from com.jpro.meta.stream.FXSerializer$$anon$1 in JavaFX Application Thread - Unsupported Object: com.sun.scenario.effect.DropShadow@12a457fb ... com.sun.scenario.effect.DropShadow
2026-04-29 21:03:43,794 [WARN] from com.jpro.meta.stream.FXSerializer$$anon$1 in JavaFX Application Thread - Unsupported Object: com.sun.scenario.effect.DropShadow@7c1d59cb ... com.sun.scenario.effect.DropShadow
2026-04-29 21:03:43,809 [WARN] from com.jpro.meta.stream.FXSerializer$$anon$1 in JavaFX Application Thread - Unsupported Object: com.sun.scenario.effect.DropShadow@bed1f3f ... com.sun.scenario.effect.DropShadow
2026-04-29 21:03:43,826 [WARN] from com.jpro.meta.stream.FXSerializer$$anon$1 in JavaFX Application Thread - Unsupported Object: com.sun.scenario.effect.DropShadow@410e3bb1 ... com.sun.scenario.effect.DropShadow
2026-04-29 21:03:43,841 [WARN] from com.jpro.meta.stream.FXSerializer$$anon$1 in JavaFX Application Thread - Unsupported Object: com.sun.scenario.effect.DropShadow@50274518 ... com.sun.scenario.effect.DropShadow
2026-04-29 21:03:43,857 [WARN] from com.jpro.meta.stream.FXSerializer$$anon$1 in JavaFX Application Thread - Unsupported Object: com.sun.scenario.effect.DropShadow@6ef280b5 ... com.sun.scenario.effect.DropShadow
2026-04-29 21:03:43,874 [WARN] from com.jpro.meta.stream.FXSerializer$$anon$1 in JavaFX Application Thread - Unsupported Object: com.sun.scenario.effect.DropShadow@3b8b0da7 ... com.sun.scenario.effect.DropShadow
2026-04-29 21:03:43,889 [WARN] from com.jpro.meta.stream.FXSerializer$$anon$1 in JavaFX Application Thread - Unsupported Object: com.sun.scenario.effect.DropShadow@65dd7f97 ... com.sun.scenario.effect.DropShadow
2026-04-29 21:03:43,907 [WARN] from com.jpro.meta.stream.FXSerializer$$anon$1 in JavaFX Application Thread - Unsupported Object: com.sun.scenario.effect.DropShadow@4ef3600d ... com.sun.scenario.effect.DropShadow
2026-04-29 21:03:43,921 [WARN] from com.jpro.meta.stream.FXSerializer$$anon$1 in JavaFX Application Thread - Unsupported Object: com.sun.scenario.effect.DropShadow@48b794a6 ... com.sun.scenario.effect.DropShadow
2026-04-29 21:03:43,939 [WARN] from com.jpro.meta.stream.FXSerializer$$anon$1 in JavaFX Application Thread - Unsupported Object: com.sun.scenario.effect.DropShadow@6ab33717 ... com.sun.scenario.effect.DropShadow
2026-04-29 21:03:43,954 [WARN] from com.jpro.meta.stream.FXSerializer$$anon$1 in JavaFX Application Thread - Unsupported Object: com.sun.scenario.effect.DropShadow@455a833c ... com.sun.scenario.effect.DropShadow
2026-04-29 21:03:43,970 [WARN] from com.jpro.meta.stream.FXSerializer$$anon$1 in JavaFX Application Thread - Unsupported Object: com.sun.scenario.effect.DropShadow@face7fd ... com.sun.scenario.effect.DropShadow
2026-04-29 21:03:43,986 [WARN] from com.jpro.meta.stream.FXSerializer$$anon$1 in JavaFX Application Thread - Unsupported Object: com.sun.scenario.effect.DropShadow@38796288 ... com.sun.scenario.effect.DropShadow
2026-04-29 21:03:44,001 [WARN] from com.jpro.meta.stream.FXSerializer$$anon$1 in JavaFX Application Thread - Unsupported Object: com.sun.scenario.effect.DropShadow@1afd1d21 ... com.sun.scenario.effect.DropShadow
2026-04-29 21:03:44,017 [WARN] from com.jpro.meta.stream.FXSerializer$$anon$1 in JavaFX Application Thread - Unsupported Object: com.sun.scenario.effect.DropShadow@44d20f56 ... com.sun.scenario.effect.DropShadow
2026-04-29 21:03:44,034 [WARN] from com.jpro.meta.stream.FXSerializer$$anon$1 in JavaFX Application Thread - Unsupported Object: com.sun.scenario.effect.DropShadow@46f9bd09 ... com.sun.scenario.effect.DropShadow
2026-04-29 21:03:44,051 [WARN] from com.jpro.meta.stream.FXSerializer$$anon$1 in JavaFX Application Thread - Unsupported Object: com.sun.scenario.effect.DropShadow@b4e37d7 ... com.sun.scenario.effect.DropShadow
2026-04-29 21:03:44,066 [WARN] from com.jpro.meta.stream.FXSerializer$$anon$1 in JavaFX Application Thread - Unsupported Object: com.sun.scenario.effect.DropShadow@3ebe9c1f ... com.sun.scenario.effect.DropShadow
2026-04-29 21:03:44,817 [WARN] from com.jpro.meta.stream.FXSerializer$$anon$1 in JavaFX Application Thread - Unsupported Object: com.sun.scenario.effect.DropShadow@7d17a86d ... com.sun.scenario.effect.DropShadow
2026-04-29 21:03:44,834 [WARN] from com.jpro.meta.stream.FXSerializer$$anon$1 in JavaFX Application Thread - Unsupported Object: com.sun.scenario.effect.DropShadow@4ea5b2b3 ... com.sun.scenario.effect.DropShadow
2026-04-29 21:03:44,849 [WARN] from com.jpro.meta.stream.FXSerializer$$anon$1 in JavaFX Application Thread - Unsupported Object: com.sun.scenario.effect.DropShadow@5783efd9 ... com.sun.scenario.effect.DropShadow
2026-04-29 21:03:44,866 [WARN] from com.jpro.meta.stream.FXSerializer$$anon$1 in JavaFX Application Thread - Unsupported Object: com.sun.scenario.effect.DropShadow@1b8bccea ... com.sun.scenario.effect.DropShadow
2026-04-29 21:03:44,883 [WARN] from com.jpro.meta.stream.FXSerializer$$anon$1 in JavaFX Application Thread - Unsupported Object: com.sun.scenario.effect.DropShadow@7c4bc9e8 ... com.sun.scenario.effect.DropShadow
2026-04-29 21:03:44,898 [WARN] from com.jpro.meta.stream.FXSerializer$$anon$1 in JavaFX Application Thread - Unsupported Object: com.sun.scenario.effect.DropShadow@3a23f96b ... com.sun.scenario.effect.DropShadow
2026-04-29 21:03:44,914 [WARN] from com.jpro.meta.stream.FXSerializer$$anon$1 in JavaFX Application Thread - Unsupported Object: com.sun.scenario.effect.DropShadow@50fd935a ... com.sun.scenario.effect.DropShadow
2026-04-29 21:03:44,931 [WARN] from com.jpro.meta.stream.FXSerializer$$anon$1 in JavaFX Application Thread - Unsupported Object: com.sun.scenario.effect.DropShadow@5991235a ... com.sun.scenario.effect.DropShadow
2026-04-29 21:03:44,946 [WARN] from com.jpro.meta.stream.FXSerializer$$anon$1 in JavaFX Application Thread - Unsupported Object: com.sun.scenario.effect.DropShadow@2f49dba5 ... com.sun.scenario.effect.DropShadow
2026-04-29 21:03:44,963 [WARN] from com.jpro.meta.stream.FXSerializer$$anon$1 in JavaFX Application Thread - Unsupported Object: com.sun.scenario.effect.DropShadow@521b5b10 ... com.sun.scenario.effect.DropShadow
2026-04-29 21:03:44,977 [WARN] from com.jpro.meta.stream.FXSerializer$$anon$1 in JavaFX Application Thread - Unsupported Object: com.sun.scenario.effect.DropShadow@39affc7 ... com.sun.scenario.effect.DropShadow
2026-04-29 21:03:44,994 [WARN] from com.jpro.meta.stream.FXSerializer$$anon$1 in JavaFX Application Thread - Unsupported Object: com.sun.scenario.effect.DropShadow@449c3743 ... com.sun.scenario.effect.DropShadow
2026-04-29 21:03:45,010 [WARN] from com.jpro.meta.stream.FXSerializer$$anon$1 in JavaFX Application Thread - Unsupported Object: com.sun.scenario.effect.DropShadow@c4640ab ... com.sun.scenario.effect.DropShadow
2026-04-29 21:03:45,025 [WARN] from com.jpro.meta.stream.FXSerializer$$anon$1 in JavaFX Application Thread - Unsupported Object: com.sun.scenario.effect.DropShadow@61f589c5 ... com.sun.scenario.effect.DropShadow
2026-04-29 21:03:45,041 [WARN] from com.jpro.meta.stream.FXSerializer$$anon$1 in JavaFX Application Thread - Unsupported Object: com.sun.scenario.effect.DropShadow@67f76f4f ... com.sun.scenario.effect.DropShadow
2026-04-29 21:03:45,057 [WARN] from com.jpro.meta.stream.FXSerializer$$anon$1 in JavaFX Application Thread - Unsupported Object: com.sun.scenario.effect.DropShadow@1cda3ad7 ... com.sun.scenario.effect.DropShadow
2026-04-29 21:03:45,074 [WARN] from com.jpro.meta.stream.FXSerializer$$anon$1 in JavaFX Application Thread - Unsupported Object: com.sun.scenario.effect.DropShadow@46eb9014 ... com.sun.scenario.effect.DropShadow
2026-04-29 21:03:45,090 [WARN] from com.jpro.meta.stream.FXSerializer$$anon$1 in JavaFX Application Thread - Unsupported Object: com.sun.scenario.effect.DropShadow@3b895df1 ... com.sun.scenario.effect.DropShadow
2026-04-29 21:03:45,106 [WARN] from com.jpro.meta.stream.FXSerializer$$anon$1 in JavaFX Application Thread - Unsupported Object: com.sun.scenario.effect.DropShadow@3b03cf58 ... com.sun.scenario.effect.DropShadow
2026-04-29 21:03:45,857 [WARN] from com.jpro.meta.stream.FXSerializer$$anon$1 in JavaFX Application Thread - Unsupported Object: com.sun.scenario.effect.DropShadow@71c7601d ... com.sun.scenario.effect.DropShadow
2026-04-29 21:03:45,874 [WARN] from com.jpro.meta.stream.FXSerializer$$anon$1 in JavaFX Application Thread - Unsupported Object: com.sun.scenario.effect.DropShadow@5cd392a0 ... com.sun.scenario.effect.DropShadow
2026-04-29 21:03:45,890 [WARN] from com.jpro.meta.stream.FXSerializer$$anon$1 in JavaFX Application Thread - Unsupported Object: com.sun.scenario.effect.DropShadow@cc9e6b3 ... com.sun.scenario.effect.DropShadow
2026-04-29 21:03:45,905 [WARN] from com.jpro.meta.stream.FXSerializer$$anon$1 in JavaFX Application Thread - Unsupported Object: com.sun.scenario.effect.DropShadow@fbedb31 ... com.sun.scenario.effect.DropShadow
2026-04-29 21:03:45,921 [WARN] from com.jpro.meta.stream.FXSerializer$$anon$1 in JavaFX Application Thread - Unsupported Object: com.sun.scenario.effect.DropShadow@415aa19d ... com.sun.scenario.effect.DropShadow
2026-04-29 21:03:45,939 [WARN] from com.jpro.meta.stream.FXSerializer$$anon$1 in JavaFX Application Thread - Unsupported Object: com.sun.scenario.effect.DropShadow@78bf3c43 ... com.sun.scenario.effect.DropShadow
2026-04-29 21:03:45,954 [WARN] from com.jpro.meta.stream.FXSerializer$$anon$1 in JavaFX Application Thread - Unsupported Object: com.sun.scenario.effect.DropShadow@4b49bd6b ... com.sun.scenario.effect.DropShadow
2026-04-29 21:03:45,970 [WARN] from com.jpro.meta.stream.FXSerializer$$anon$1 in JavaFX Application Thread - Unsupported Object: com.sun.scenario.effect.DropShadow@4e0946b6 ... com.sun.scenario.effect.DropShadow
2026-04-29 21:03:45,987 [WARN] from com.jpro.meta.stream.FXSerializer$$anon$1 in JavaFX Application Thread - Unsupported Object: com.sun.scenario.effect.DropShadow@4836b430 ... com.sun.scenario.effect.DropShadow
2026-04-29 21:03:46,002 [WARN] from com.jpro.meta.stream.FXSerializer$$anon$1 in JavaFX Application Thread - Unsupported Object: com.sun.scenario.effect.DropShadow@7bdda51e ... com.sun.scenario.effect.DropShadow
2026-04-29 21:03:46,017 [WARN] from com.jpro.meta.stream.FXSerializer$$anon$1 in JavaFX Application Thread - Unsupported Object: com.sun.scenario.effect.DropShadow@4368b462 ... com.sun.scenario.effect.DropShadow
2026-04-29 21:03:46,035 [WARN] from com.jpro.meta.stream.FXSerializer$$anon$1 in JavaFX Application Thread - Unsupported Object: com.sun.scenario.effect.DropShadow@341f00ee ... com.sun.scenario.effect.DropShadow
2026-04-29 21:03:46,049 [WARN] from com.jpro.meta.stream.FXSerializer$$anon$1 in JavaFX Application Thread - Unsupported Object: com.sun.scenario.effect.DropShadow@42087200 ... com.sun.scenario.effect.DropShadow
2026-04-29 21:03:46,066 [WARN] from com.jpro.meta.stream.FXSerializer$$anon$1 in JavaFX Application Thread - Unsupported Object: com.sun.scenario.effect.DropShadow@c2894c1 ... com.sun.scenario.effect.DropShadow
2026-04-29 21:03:46,081 [WARN] from com.jpro.meta.stream.FXSerializer$$anon$1 in JavaFX Application Thread - Unsupported Object: com.sun.scenario.effect.DropShadow@231473af ... com.sun.scenario.effect.DropShadow
2026-04-29 21:03:46,097 [WARN] from com.jpro.meta.stream.FXSerializer$$anon$1 in JavaFX Application Thread - Unsupported Object: com.sun.scenario.effect.DropShadow@62a93db ... com.sun.scenario.effect.DropShadow
2026-04-29 21:03:46,114 [WARN] from com.jpro.meta.stream.FXSerializer$$anon$1 in JavaFX Application Thread - Unsupported Object: com.sun.scenario.effect.DropShadow@6276eb86 ... com.sun.scenario.effect.DropShadow
2026-04-29 21:03:46,130 [WARN] from com.jpro.meta.stream.FXSerializer$$anon$1 in JavaFX Application Thread - Unsupported Object: com.sun.scenario.effect.DropShadow@2a531d48 ... com.sun.scenario.effect.DropShadow
2026-04-29 21:03:46,145 [WARN] from com.jpro.meta.stream.FXSerializer$$anon$1 in JavaFX Application Thread - Unsupported Object: com.sun.scenario.effect.DropShadow@251ca5bb ... com.sun.scenario.effect.DropShadow
2026-04-29 21:03:46,849 [WARN] from com.jpro.meta.stream.FXSerializer$$anon$1 in JavaFX Application Thread - Unsupported Object: com.sun.scenario.effect.DropShadow@aafdd5d ... com.sun.scenario.effect.DropShadow
2026-04-29 21:03:46,867 [WARN] from com.jpro.meta.stream.FXSerializer$$anon$1 in JavaFX Application Thread - Unsupported Object: com.sun.scenario.effect.DropShadow@8a0a66c ... com.sun.scenario.effect.DropShadow
2026-04-29 21:03:46,881 [WARN] from com.jpro.meta.stream.FXSerializer$$anon$1 in JavaFX Application Thread - Unsupported Object: com.sun.scenario.effect.DropShadow@4884cb44 ... com.sun.scenario.effect.DropShadow
2026-04-29 21:03:46,897 [WARN] from com.jpro.meta.stream.FXSerializer$$anon$1 in JavaFX Application Thread - Unsupported Object: com.sun.scenario.effect.DropShadow@6a7a182 ... com.sun.scenario.effect.DropShadow
2026-04-29 21:03:46,897 [WARN] from com.jpro.meta.stream.FXSerializer$$anon$1 in JavaFX Application Thread - Unsupported Object: com.sun.scenario.effect.DropShadow@6359fe2d ... com.sun.scenario.effect.DropShadow
2026-04-29 21:03:46,915 [WARN] from com.jpro.meta.stream.FXSerializer$$anon$1 in JavaFX Application Thread - Unsupported Object: com.sun.scenario.effect.DropShadow@2f856395 ... com.sun.scenario.effect.DropShadow
2026-04-29 21:03:46,915 [WARN] from com.jpro.meta.stream.FXSerializer$$anon$1 in JavaFX Application Thread - Unsupported Object: com.sun.scenario.effect.DropShadow@1dadb261 ... com.sun.scenario.effect.DropShadow
2026-04-29 21:03:46,930 [WARN] from com.jpro.meta.stream.FXSerializer$$anon$1 in JavaFX Application Thread - Unsupported Object: com.sun.scenario.effect.DropShadow@134987b8 ... com.sun.scenario.effect.DropShadow
2026-04-29 21:03:46,930 [WARN] from com.jpro.meta.stream.FXSerializer$$anon$1 in JavaFX Application Thread - Unsupported Object: com.sun.scenario.effect.DropShadow@670b2217 ... com.sun.scenario.effect.DropShadow
2026-04-29 21:03:46,947 [WARN] from com.jpro.meta.stream.FXSerializer$$anon$1 in JavaFX Application Thread - Unsupported Object: com.sun.scenario.effect.DropShadow@82af84c ... com.sun.scenario.effect.DropShadow
2026-04-29 21:03:46,947 [WARN] from com.jpro.meta.stream.FXSerializer$$anon$1 in JavaFX Application Thread - Unsupported Object: com.sun.scenario.effect.DropShadow@42dafc38 ... com.sun.scenario.effect.DropShadow
2026-04-29 21:03:46,961 [WARN] from com.jpro.meta.stream.FXSerializer$$anon$1 in JavaFX Application Thread - Unsupported Object: com.sun.scenario.effect.DropShadow@b2d4f30 ... com.sun.scenario.effect.DropShadow
2026-04-29 21:03:46,961 [WARN] from com.jpro.meta.stream.FXSerializer$$anon$1 in JavaFX Application Thread - Unsupported Object: com.sun.scenario.effect.DropShadow@151f16e4 ... com.sun.scenario.effect.DropShadow
2026-04-29 21:03:46,978 [WARN] from com.jpro.meta.stream.FXSerializer$$anon$1 in JavaFX Application Thread - Unsupported Object: com.sun.scenario.effect.DropShadow@2390bab2 ... com.sun.scenario.effect.DropShadow
2026-04-29 21:03:46,978 [WARN] from com.jpro.meta.stream.FXSerializer$$anon$1 in JavaFX Application Thread - Unsupported Object: com.sun.scenario.effect.DropShadow@5bbbb60a ... com.sun.scenario.effect.DropShadow
2026-04-29 21:03:46,995 [WARN] from com.jpro.meta.stream.FXSerializer$$anon$1 in JavaFX Application Thread - Unsupported Object: com.sun.scenario.effect.DropShadow@303e9785 ... com.sun.scenario.effect.DropShadow
2026-04-29 21:03:46,995 [WARN] from com.jpro.meta.stream.FXSerializer$$anon$1 in JavaFX Application Thread - Unsupported Object: com.sun.scenario.effect.DropShadow@4966873a ... com.sun.scenario.effect.DropShadow
2026-04-29 21:03:47,010 [WARN] from com.jpro.meta.stream.FXSerializer$$anon$1 in JavaFX Application Thread - Unsupported Object: com.sun.scenario.effect.DropShadow@27fc711d ... com.sun.scenario.effect.DropShadow
2026-04-29 21:03:47,010 [WARN] from com.jpro.meta.stream.FXSerializer$$anon$1 in JavaFX Application Thread - Unsupported Object: com.sun.scenario.effect.DropShadow@4a764635 ... com.sun.scenario.effect.DropShadow
2026-04-29 21:03:47,026 [WARN] from com.jpro.meta.stream.FXSerializer$$anon$1 in JavaFX Application Thread - Unsupported Object: com.sun.scenario.effect.DropShadow@71ac43a9 ... com.sun.scenario.effect.DropShadow
2026-04-29 21:03:47,026 [WARN] from com.jpro.meta.stream.FXSerializer$$anon$1 in JavaFX Application Thread - Unsupported Object: com.sun.scenario.effect.DropShadow@268cf209 ... com.sun.scenario.effect.DropShadow
2026-04-29 21:03:47,041 [WARN] from com.jpro.meta.stream.FXSerializer$$anon$1 in JavaFX Application Thread - Unsupported Object: com.sun.scenario.effect.DropShadow@5ae087ca ... com.sun.scenario.effect.DropShadow
2026-04-29 21:03:47,042 [WARN] from com.jpro.meta.stream.FXSerializer$$anon$1 in JavaFX Application Thread - Unsupported Object: com.sun.scenario.effect.DropShadow@11386039 ... com.sun.scenario.effect.DropShadow
2026-04-29 21:03:47,058 [WARN] from com.jpro.meta.stream.FXSerializer$$anon$1 in JavaFX Application Thread - Unsupported Object: com.sun.scenario.effect.DropShadow@70e3539d ... com.sun.scenario.effect.DropShadow
2026-04-29 21:03:47,058 [WARN] from com.jpro.meta.stream.FXSerializer$$anon$1 in JavaFX Application Thread - Unsupported Object: com.sun.scenario.effect.DropShadow@7afb063c ... com.sun.scenario.effect.DropShadow
2026-04-29 21:03:47,074 [WARN] from com.jpro.meta.stream.FXSerializer$$anon$1 in JavaFX Application Thread - Unsupported Object: com.sun.scenario.effect.DropShadow@64424215 ... com.sun.scenario.effect.DropShadow
2026-04-29 21:03:47,074 [WARN] from com.jpro.meta.stream.FXSerializer$$anon$1 in JavaFX Application Thread - Unsupported Object: com.sun.scenario.effect.DropShadow@5e937738 ... com.sun.scenario.effect.DropShadow
2026-04-29 21:03:47,089 [WARN] from com.jpro.meta.stream.FXSerializer$$anon$1 in JavaFX Application Thread - Unsupported Object: com.sun.scenario.effect.DropShadow@39773d8 ... com.sun.scenario.effect.DropShadow
2026-04-29 21:03:47,089 [WARN] from com.jpro.meta.stream.FXSerializer$$anon$1 in JavaFX Application Thread - Unsupported Object: com.sun.scenario.effect.DropShadow@69999860 ... com.sun.scenario.effect.DropShadow
2026-04-29 21:03:47,106 [WARN] from com.jpro.meta.stream.FXSerializer$$anon$1 in JavaFX Application Thread - Unsupported Object: com.sun.scenario.effect.DropShadow@67661a52 ... com.sun.scenario.effect.DropShadow
2026-04-29 21:03:47,106 [WARN] from com.jpro.meta.stream.FXSerializer$$anon$1 in JavaFX Application Thread - Unsupported Object: com.sun.scenario.effect.DropShadow@6b7b512c ... com.sun.scenario.effect.DropShadow
2026-04-29 21:03:47,123 [WARN] from com.jpro.meta.stream.FXSerializer$$anon$1 in JavaFX Application Thread - Unsupported Object: com.sun.scenario.effect.DropShadow@6da890e0 ... com.sun.scenario.effect.DropShadow
2026-04-29 21:03:47,123 [WARN] from com.jpro.meta.stream.FXSerializer$$anon$1 in JavaFX Application Thread - Unsupported Object: com.sun.scenario.effect.DropShadow@2454627a ... com.sun.scenario.effect.DropShadow
2026-04-29 21:03:47,138 [WARN] from com.jpro.meta.stream.FXSerializer$$anon$1 in JavaFX Application Thread - Unsupported Object: com.sun.scenario.effect.DropShadow@5f39f509 ... com.sun.scenario.effect.DropShadow
2026-04-29 21:03:47,138 [WARN] from com.jpro.meta.stream.FXSerializer$$anon$1 in JavaFX Application Thread - Unsupported Object: com.sun.scenario.effect.DropShadow@3f35db68 ... com.sun.scenario.effect.DropShadow
2026-04-29 21:03:47,155 [WARN] from com.jpro.meta.stream.FXSerializer$$anon$1 in JavaFX Application Thread - Unsupported Object: com.sun.scenario.effect.DropShadow@17bfb8f1 ... com.sun.scenario.effect.DropShadow
2026-04-29 21:03:47,171 [WARN] from com.jpro.meta.stream.FXSerializer$$anon$1 in JavaFX Application Thread - Unsupported Object: com.sun.scenario.effect.DropShadow@42a56ab6 ... com.sun.scenario.effect.DropShadow
2026-04-29 21:03:47,185 [WARN] from com.jpro.meta.stream.FXSerializer$$anon$1 in JavaFX Application Thread - Unsupported Object: com.sun.scenario.effect.DropShadow@3d13d81 ... com.sun.scenario.effect.DropShadow
2026-04-29 21:03:49,554 [WARN] from com.jpro.meta.stream.FXSerializer$$anon$1 in JavaFX Application Thread - Unsupported Object: com.sun.scenario.effect.DropShadow@6a31bfa9 ... com.sun.scenario.effect.DropShadow
2026-04-29 21:03:49,570 [WARN] from com.jpro.meta.stream.FXSerializer$$anon$1 in JavaFX Application Thread - Unsupported Object: com.sun.scenario.effect.DropShadow@26c1f124 ... com.sun.scenario.effect.DropShadow
2026-04-29 21:03:49,586 [WARN] from com.jpro.meta.stream.FXSerializer$$anon$1 in JavaFX Application Thread - Unsupported Object: com.sun.scenario.effect.DropShadow@6804dbf5 ... com.sun.scenario.effect.DropShadow
2026-04-29 21:03:49,601 [WARN] from com.jpro.meta.stream.FXSerializer$$anon$1 in JavaFX Application Thread - Unsupported Object: com.sun.scenario.effect.DropShadow@41e304f0 ... com.sun.scenario.effect.DropShadow
2026-04-29 21:03:49,619 [WARN] from com.jpro.meta.stream.FXSerializer$$anon$1 in JavaFX Application Thread - Unsupported Object: com.sun.scenario.effect.DropShadow@36eb7826 ... com.sun.scenario.effect.DropShadow
2026-04-29 21:03:49,634 [WARN] from com.jpro.meta.stream.FXSerializer$$anon$1 in JavaFX Application Thread - Unsupported Object: com.sun.scenario.effect.DropShadow@78dfec5a ... com.sun.scenario.effect.DropShadow
2026-04-29 21:03:49,650 [WARN] from com.jpro.meta.stream.FXSerializer$$anon$1 in JavaFX Application Thread - Unsupported Object: com.sun.scenario.effect.DropShadow@8c8130 ... com.sun.scenario.effect.DropShadow
2026-04-29 21:03:49,666 [WARN] from com.jpro.meta.stream.FXSerializer$$anon$1 in JavaFX Application Thread - Unsupported Object: com.sun.scenario.effect.DropShadow@4657d12b ... com.sun.scenario.effect.DropShadow
2026-04-29 21:03:49,681 [WARN] from com.jpro.meta.stream.FXSerializer$$anon$1 in JavaFX Application Thread - Unsupported Object: com.sun.scenario.effect.DropShadow@48413266 ... com.sun.scenario.effect.DropShadow
2026-04-29 21:03:49,697 [WARN] from com.jpro.meta.stream.FXSerializer$$anon$1 in JavaFX Application Thread - Unsupported Object: com.sun.scenario.effect.DropShadow@480e371c ... com.sun.scenario.effect.DropShadow
2026-04-29 21:03:49,713 [WARN] from com.jpro.meta.stream.FXSerializer$$anon$1 in JavaFX Application Thread - Unsupported Object: com.sun.scenario.effect.DropShadow@43980368 ... com.sun.scenario.effect.DropShadow
2026-04-29 21:03:49,730 [WARN] from com.jpro.meta.stream.FXSerializer$$anon$1 in JavaFX Application Thread - Unsupported Object: com.sun.scenario.effect.DropShadow@357f6b5b ... com.sun.scenario.effect.DropShadow
2026-04-29 21:03:49,746 [WARN] from com.jpro.meta.stream.FXSerializer$$anon$1 in JavaFX Application Thread - Unsupported Object: com.sun.scenario.effect.DropShadow@2d7a324e ... com.sun.scenario.effect.DropShadow
2026-04-29 21:03:49,761 [WARN] from com.jpro.meta.stream.FXSerializer$$anon$1 in JavaFX Application Thread - Unsupported Object: com.sun.scenario.effect.DropShadow@3172c664 ... com.sun.scenario.effect.DropShadow
2026-04-29 21:03:49,777 [WARN] from com.jpro.meta.stream.FXSerializer$$anon$1 in JavaFX Application Thread - Unsupported Object: com.sun.scenario.effect.DropShadow@3a93a38c ... com.sun.scenario.effect.DropShadow
2026-04-29 21:03:49,794 [WARN] from com.jpro.meta.stream.FXSerializer$$anon$1 in JavaFX Application Thread - Unsupported Object: com.sun.scenario.effect.DropShadow@4c37ae0b ... com.sun.scenario.effect.DropShadow
2026-04-29 21:03:49,810 [WARN] from com.jpro.meta.stream.FXSerializer$$anon$1 in JavaFX Application Thread - Unsupported Object: com.sun.scenario.effect.DropShadow@51530cf0 ... com.sun.scenario.effect.DropShadow
2026-04-29 21:03:49,828 [WARN] from com.jpro.meta.stream.FXSerializer$$anon$1 in JavaFX Application Thread - Unsupported Object: com.sun.scenario.effect.DropShadow@6564ca4c ... com.sun.scenario.effect.DropShadow
2026-04-29 21:03:49,842 [WARN] from com.jpro.meta.stream.FXSerializer$$anon$1 in JavaFX Application Thread - Unsupported Object: com.sun.scenario.effect.DropShadow@310684b0 ... com.sun.scenario.effect.DropShadow
2026-04-29 21:03:51,555 [WARN] from com.jpro.meta.stream.FXSerializer$$anon$1 in JavaFX Application Thread - Unsupported Object: com.sun.scenario.effect.DropShadow@428ba172 ... com.sun.scenario.effect.DropShadow
2026-04-29 21:03:51,569 [WARN] from com.jpro.meta.stream.FXSerializer$$anon$1 in JavaFX Application Thread - Unsupported Object: com.sun.scenario.effect.DropShadow@44eb80c ... com.sun.scenario.effect.DropShadow
2026-04-29 21:03:51,586 [WARN] from com.jpro.meta.stream.FXSerializer$$anon$1 in JavaFX Application Thread - Unsupported Object: com.sun.scenario.effect.DropShadow@55fd8211 ... com.sun.scenario.effect.DropShadow
2026-04-29 21:03:51,601 [WARN] from com.jpro.meta.stream.FXSerializer$$anon$1 in JavaFX Application Thread - Unsupported Object: com.sun.scenario.effect.DropShadow@af4f25f ... com.sun.scenario.effect.DropShadow
2026-04-29 21:03:51,619 [WARN] from com.jpro.meta.stream.FXSerializer$$anon$1 in JavaFX Application Thread - Unsupported Object: com.sun.scenario.effect.DropShadow@42503b0f ... com.sun.scenario.effect.DropShadow
2026-04-29 21:03:51,633 [WARN] from com.jpro.meta.stream.FXSerializer$$anon$1 in JavaFX Application Thread - Unsupported Object: com.sun.scenario.effect.DropShadow@176342ac ... com.sun.scenario.effect.DropShadow
2026-04-29 21:03:51,650 [WARN] from com.jpro.meta.stream.FXSerializer$$anon$1 in JavaFX Application Thread - Unsupported Object: com.sun.scenario.effect.DropShadow@a810c82 ... com.sun.scenario.effect.DropShadow
2026-04-29 21:03:51,667 [WARN] from com.jpro.meta.stream.FXSerializer$$anon$1 in JavaFX Application Thread - Unsupported Object: com.sun.scenario.effect.DropShadow@73dd5b86 ... com.sun.scenario.effect.DropShadow
2026-04-29 21:03:51,681 [WARN] from com.jpro.meta.stream.FXSerializer$$anon$1 in JavaFX Application Thread - Unsupported Object: com.sun.scenario.effect.DropShadow@7e0bec21 ... com.sun.scenario.effect.DropShadow
2026-04-29 21:03:51,697 [WARN] from com.jpro.meta.stream.FXSerializer$$anon$1 in JavaFX Application Thread - Unsupported Object: com.sun.scenario.effect.DropShadow@3dce944e ... com.sun.scenario.effect.DropShadow
2026-04-29 21:03:51,714 [WARN] from com.jpro.meta.stream.FXSerializer$$anon$1 in JavaFX Application Thread - Unsupported Object: com.sun.scenario.effect.DropShadow@fc66526 ... com.sun.scenario.effect.DropShadow
2026-04-29 21:03:51,729 [WARN] from com.jpro.meta.stream.FXSerializer$$anon$1 in JavaFX Application Thread - Unsupported Object: com.sun.scenario.effect.DropShadow@2c3fb880 ... com.sun.scenario.effect.DropShadow
2026-04-29 21:03:51,745 [WARN] from com.jpro.meta.stream.FXSerializer$$anon$1 in JavaFX Application Thread - Unsupported Object: com.sun.scenario.effect.DropShadow@4a0e4b29 ... com.sun.scenario.effect.DropShadow
2026-04-29 21:03:51,762 [WARN] from com.jpro.meta.stream.FXSerializer$$anon$1 in JavaFX Application Thread - Unsupported Object: com.sun.scenario.effect.DropShadow@2c492e2e ... com.sun.scenario.effect.DropShadow
2026-04-29 21:03:51,778 [WARN] from com.jpro.meta.stream.FXSerializer$$anon$1 in JavaFX Application Thread - Unsupported Object: com.sun.scenario.effect.DropShadow@385af382 ... com.sun.scenario.effect.DropShadow
2026-04-29 21:03:51,794 [WARN] from com.jpro.meta.stream.FXSerializer$$anon$1 in JavaFX Application Thread - Unsupported Object: com.sun.scenario.effect.DropShadow@52b8a3d1 ... com.sun.scenario.effect.DropShadow
2026-04-29 21:03:51,809 [WARN] from com.jpro.meta.stream.FXSerializer$$anon$1 in JavaFX Application Thread - Unsupported Object: com.sun.scenario.effect.DropShadow@2f427e55 ... com.sun.scenario.effect.DropShadow
2026-04-29 21:03:51,827 [WARN] from com.jpro.meta.stream.FXSerializer$$anon$1 in JavaFX Application Thread - Unsupported Object: com.sun.scenario.effect.DropShadow@635c5560 ... com.sun.scenario.effect.DropShadow
2026-04-29 21:03:51,841 [WARN] from com.jpro.meta.stream.FXSerializer$$anon$1 in JavaFX Application Thread - Unsupported Object: com.sun.scenario.effect.DropShadow@5cac0dd8 ... com.sun.scenario.effect.DropShadow
2026-04-29 21:03:59,170 [WARN] from com.jpro.meta.stream.FXSerializer$$anon$1 in JavaFX Application Thread - Unsupported Object: com.sun.scenario.effect.DropShadow@78b5bd82 ... com.sun.scenario.effect.DropShadow
2026-04-29 21:03:59,186 [WARN] from com.jpro.meta.stream.FXSerializer$$anon$1 in JavaFX Application Thread - Unsupported Object: com.sun.scenario.effect.DropShadow@5337d461 ... com.sun.scenario.effect.DropShadow
2026-04-29 21:03:59,202 [WARN] from com.jpro.meta.stream.FXSerializer$$anon$1 in JavaFX Application Thread - Unsupported Object: com.sun.scenario.effect.DropShadow@5378ccf8 ... com.sun.scenario.effect.DropShadow
2026-04-29 21:03:59,219 [WARN] from com.jpro.meta.stream.FXSerializer$$anon$1 in JavaFX Application Thread - Unsupported Object: com.sun.scenario.effect.DropShadow@7c4f422f ... com.sun.scenario.effect.DropShadow
2026-04-29 21:03:59,234 [WARN] from com.jpro.meta.stream.FXSerializer$$anon$1 in JavaFX Application Thread - Unsupported Object: com.sun.scenario.effect.DropShadow@4ced76a5 ... com.sun.scenario.effect.DropShadow
2026-04-29 21:03:59,250 [WARN] from com.jpro.meta.stream.FXSerializer$$anon$1 in JavaFX Application Thread - Unsupported Object: com.sun.scenario.effect.DropShadow@5948ef0e ... com.sun.scenario.effect.DropShadow
2026-04-29 21:03:59,266 [WARN] from com.jpro.meta.stream.FXSerializer$$anon$1 in JavaFX Application Thread - Unsupported Object: com.sun.scenario.effect.DropShadow@370cfd45 ... com.sun.scenario.effect.DropShadow
2026-04-29 21:03:59,282 [WARN] from com.jpro.meta.stream.FXSerializer$$anon$1 in JavaFX Application Thread - Unsupported Object: com.sun.scenario.effect.DropShadow@620268c7 ... com.sun.scenario.effect.DropShadow
2026-04-29 21:03:59,298 [WARN] from com.jpro.meta.stream.FXSerializer$$anon$1 in JavaFX Application Thread - Unsupported Object: com.sun.scenario.effect.DropShadow@28bbbf33 ... com.sun.scenario.effect.DropShadow
2026-04-29 21:04:04,610 [WARN] from com.jpro.meta.stream.FXSerializer$$anon$1 in JavaFX Application Thread - Unsupported Object: com.sun.scenario.effect.DropShadow@cbdec28 ... com.sun.scenario.effect.DropShadow
2026-04-29 21:04:04,626 [WARN] from com.jpro.meta.stream.FXSerializer$$anon$1 in JavaFX Application Thread - Unsupported Object: com.sun.scenario.effect.DropShadow@5a453f8a ... com.sun.scenario.effect.DropShadow
2026-04-29 21:04:04,642 [WARN] from com.jpro.meta.stream.FXSerializer$$anon$1 in JavaFX Application Thread - Unsupported Object: com.sun.scenario.effect.DropShadow@4ce7cb0d ... com.sun.scenario.effect.DropShadow
2026-04-29 21:04:04,658 [WARN] from com.jpro.meta.stream.FXSerializer$$anon$1 in JavaFX Application Thread - Unsupported Object: com.sun.scenario.effect.DropShadow@6f292bf7 ... com.sun.scenario.effect.DropShadow
2026-04-29 21:04:04,674 [WARN] from com.jpro.meta.stream.FXSerializer$$anon$1 in JavaFX Application Thread - Unsupported Object: com.sun.scenario.effect.DropShadow@4e70e258 ... com.sun.scenario.effect.DropShadow
2026-04-29 21:04:04,689 [WARN] from com.jpro.meta.stream.FXSerializer$$anon$1 in JavaFX Application Thread - Unsupported Object: com.sun.scenario.effect.DropShadow@707fda92 ... com.sun.scenario.effect.DropShadow
2026-04-29 21:04:04,706 [WARN] from com.jpro.meta.stream.FXSerializer$$anon$1 in JavaFX Application Thread - Unsupported Object: com.sun.scenario.effect.DropShadow@733bb86 ... com.sun.scenario.effect.DropShadow
2026-04-29 21:04:04,723 [WARN] from com.jpro.meta.stream.FXSerializer$$anon$1 in JavaFX Application Thread - Unsupported Object: com.sun.scenario.effect.DropShadow@27a74118 ... com.sun.scenario.effect.DropShadow
2026-04-29 21:04:04,738 [WARN] from com.jpro.meta.stream.FXSerializer$$anon$1 in JavaFX Application Thread - Unsupported Object: com.sun.scenario.effect.DropShadow@38a0ff46 ... com.sun.scenario.effect.DropShadow
2026-04-29 21:04:04,753 [WARN] from com.jpro.meta.stream.FXSerializer$$anon$1 in JavaFX Application Thread - Unsupported Object: com.sun.scenario.effect.DropShadow@52f387c7 ... com.sun.scenario.effect.DropShadow
2026-04-29 21:04:06,449 [WARN] from com.jpro.meta.stream.FXSerializer$$anon$1 in JavaFX Application Thread - Unsupported Object: com.sun.scenario.effect.DropShadow@35c8d6a5 ... com.sun.scenario.effect.DropShadow
2026-04-29 21:04:06,465 [WARN] from com.jpro.meta.stream.FXSerializer$$anon$1 in JavaFX Application Thread - Unsupported Object: com.sun.scenario.effect.DropShadow@48ed004c ... com.sun.scenario.effect.DropShadow
2026-04-29 21:04:06,482 [WARN] from com.jpro.meta.stream.FXSerializer$$anon$1 in JavaFX Application Thread - Unsupported Object: com.sun.scenario.effect.DropShadow@28a758c8 ... com.sun.scenario.effect.DropShadow
2026-04-29 21:04:06,498 [WARN] from com.jpro.meta.stream.FXSerializer$$anon$1 in JavaFX Application Thread - Unsupported Object: com.sun.scenario.effect.DropShadow@13d73a9e ... com.sun.scenario.effect.DropShadow
2026-04-29 21:04:06,514 [WARN] from com.jpro.meta.stream.FXSerializer$$anon$1 in JavaFX Application Thread - Unsupported Object: com.sun.scenario.effect.DropShadow@3e341c6 ... com.sun.scenario.effect.DropShadow
2026-04-29 21:04:06,529 [WARN] from com.jpro.meta.stream.FXSerializer$$anon$1 in JavaFX Application Thread - Unsupported Object: com.sun.scenario.effect.DropShadow@7dfd5b8e ... com.sun.scenario.effect.DropShadow
2026-04-29 21:04:06,546 [WARN] from com.jpro.meta.stream.FXSerializer$$anon$1 in JavaFX Application Thread - Unsupported Object: com.sun.scenario.effect.DropShadow@39ae8da5 ... com.sun.scenario.effect.DropShadow
2026-04-29 21:04:06,561 [WARN] from com.jpro.meta.stream.FXSerializer$$anon$1 in JavaFX Application Thread - Unsupported Object: com.sun.scenario.effect.DropShadow@5ed19663 ... com.sun.scenario.effect.DropShadow
2026-04-29 21:04:06,578 [WARN] from com.jpro.meta.stream.FXSerializer$$anon$1 in JavaFX Application Thread - Unsupported Object: com.sun.scenario.effect.DropShadow@46e079af ... com.sun.scenario.effect.DropShadow
2026-04-29 21:04:14,049 [WARN] from com.jpro.meta.stream.FXSerializer$$anon$1 in JavaFX Application Thread - Unsupported Object: com.sun.scenario.effect.DropShadow@1f132dc2 ... com.sun.scenario.effect.DropShadow
2026-04-29 21:04:14,065 [WARN] from com.jpro.meta.stream.FXSerializer$$anon$1 in JavaFX Application Thread - Unsupported Object: com.sun.scenario.effect.DropShadow@7f0d983a ... com.sun.scenario.effect.DropShadow
2026-04-29 21:04:14,081 [WARN] from com.jpro.meta.stream.FXSerializer$$anon$1 in JavaFX Application Thread - Unsupported Object: com.sun.scenario.effect.DropShadow@1d38f0d5 ... com.sun.scenario.effect.DropShadow
2026-04-29 21:04:14,098 [WARN] from com.jpro.meta.stream.FXSerializer$$anon$1 in JavaFX Application Thread - Unsupported Object: com.sun.scenario.effect.DropShadow@619b0eb4 ... com.sun.scenario.effect.DropShadow
2026-04-29 21:04:14,114 [WARN] from com.jpro.meta.stream.FXSerializer$$anon$1 in JavaFX Application Thread - Unsupported Object: com.sun.scenario.effect.DropShadow@1b8ed9a3 ... com.sun.scenario.effect.DropShadow
2026-04-29 21:04:14,130 [WARN] from com.jpro.meta.stream.FXSerializer$$anon$1 in JavaFX Application Thread - Unsupported Object: com.sun.scenario.effect.DropShadow@5dc88fdd ... com.sun.scenario.effect.DropShadow
2026-04-29 21:04:14,146 [WARN] from com.jpro.meta.stream.FXSerializer$$anon$1 in JavaFX Application Thread - Unsupported Object: com.sun.scenario.effect.DropShadow@10b1d9f1 ... com.sun.scenario.effect.DropShadow
2026-04-29 21:04:14,161 [WARN] from com.jpro.meta.stream.FXSerializer$$anon$1 in JavaFX Application Thread - Unsupported Object: com.sun.scenario.effect.DropShadow@7199b5a8 ... com.sun.scenario.effect.DropShadow
2026-04-29 21:04:14,177 [WARN] from com.jpro.meta.stream.FXSerializer$$anon$1 in JavaFX Application Thread - Unsupported Object: com.sun.scenario.effect.DropShadow@13dcc4f6 ... com.sun.scenario.effect.DropShadow
2026-04-29 21:04:14,194 [WARN] from com.jpro.meta.stream.FXSerializer$$anon$1 in JavaFX Application Thread - Unsupported Object: com.sun.scenario.effect.DropShadow@2d92fa2a ... com.sun.scenario.effect.DropShadow
2026-04-29 21:04:23,907 [WARN] from com.jpro.meta.stream.FXSerializer$$anon$1 in JavaFX Application Thread - Unsupported Object: com.sun.scenario.effect.DropShadow@4111ef9 ... com.sun.scenario.effect.DropShadow
2026-04-29 21:04:23,922 [WARN] from com.jpro.meta.stream.FXSerializer$$anon$1 in JavaFX Application Thread - Unsupported Object: com.sun.scenario.effect.DropShadow@acd3372 ... com.sun.scenario.effect.DropShadow
2026-04-29 21:04:23,939 [WARN] from com.jpro.meta.stream.FXSerializer$$anon$1 in JavaFX Application Thread - Unsupported Object: com.sun.scenario.effect.DropShadow@199eb364 ... com.sun.scenario.effect.DropShadow
2026-04-29 21:04:23,954 [WARN] from com.jpro.meta.stream.FXSerializer$$anon$1 in JavaFX Application Thread - Unsupported Object: com.sun.scenario.effect.DropShadow@7ae29930 ... com.sun.scenario.effect.DropShadow
2026-04-29 21:04:23,970 [WARN] from com.jpro.meta.stream.FXSerializer$$anon$1 in JavaFX Application Thread - Unsupported Object: com.sun.scenario.effect.DropShadow@3bc55f6a ... com.sun.scenario.effect.DropShadow
2026-04-29 21:04:23,987 [WARN] from com.jpro.meta.stream.FXSerializer$$anon$1 in JavaFX Application Thread - Unsupported Object: com.sun.scenario.effect.DropShadow@33e4cd0d ... com.sun.scenario.effect.DropShadow
2026-04-29 21:04:24,001 [WARN] from com.jpro.meta.stream.FXSerializer$$anon$1 in JavaFX Application Thread - Unsupported Object: com.sun.scenario.effect.DropShadow@2e1e8bbb ... com.sun.scenario.effect.DropShadow
2026-04-29 21:04:24,017 [WARN] from com.jpro.meta.stream.FXSerializer$$anon$1 in JavaFX Application Thread - Unsupported Object: com.sun.scenario.effect.DropShadow@460d4653 ... com.sun.scenario.effect.DropShadow
2026-04-29 21:04:24,034 [WARN] from com.jpro.meta.stream.FXSerializer$$anon$1 in JavaFX Application Thread - Unsupported Object: com.sun.scenario.effect.DropShadow@3fa8372a ... com.sun.scenario.effect.DropShadow
2026-04-29 21:04:24,049 [WARN] from com.jpro.meta.stream.FXSerializer$$anon$1 in JavaFX Application Thread - Unsupported Object: com.sun.scenario.effect.DropShadow@53407cd8 ... com.sun.scenario.effect.DropShadow
2026-04-29 21:04:51,842 [WARN] from com.jpro.internal.server.Route$ in [0x1df711a4 0x3b022e12] WebServer socket - jpro.plainFile - Couldn't get resource for: 'jpro/html/.well-known/appspecific/com.chrome.devtools.json'
2026-04-29 21:04:52,317 [WARN] from com.jpro.internal.server.Route$ in [0x1df711a4 0x3b022e12] WebServer socket - jpro.plainFile - Couldn't get resource for: 'jpro/html/jpro/js/main.js.map'
2026-04-29 21:04:57,827 [WARN] from com.jpro.meta.stream.FXSerializer$$anon$1 in JavaFX Application Thread - Unsupported Object: com.sun.scenario.effect.DropShadow@6cb6ab0c ... com.sun.scenario.effect.DropShadow
2026-04-29 21:04:57,841 [WARN] from com.jpro.meta.stream.FXSerializer$$anon$1 in JavaFX Application Thread - Unsupported Object: com.sun.scenario.effect.DropShadow@7e5040ea ... com.sun.scenario.effect.DropShadow
2026-04-29 21:04:57,857 [WARN] from com.jpro.meta.stream.FXSerializer$$anon$1 in JavaFX Application Thread - Unsupported Object: com.sun.scenario.effect.DropShadow@5c3cb932 ... com.sun.scenario.effect.DropShadow
2026-04-29 21:04:57,874 [WARN] from com.jpro.meta.stream.FXSerializer$$anon$1 in JavaFX Application Thread - Unsupported Object: com.sun.scenario.effect.DropShadow@18268968 ... com.sun.scenario.effect.DropShadow
2026-04-29 21:04:57,891 [WARN] from com.jpro.meta.stream.FXSerializer$$anon$1 in JavaFX Application Thread - Unsupported Object: com.sun.scenario.effect.DropShadow@16fd1ec ... com.sun.scenario.effect.DropShadow
2026-04-29 21:04:57,907 [WARN] from com.jpro.meta.stream.FXSerializer$$anon$1 in JavaFX Application Thread - Unsupported Object: com.sun.scenario.effect.DropShadow@4a265088 ... com.sun.scenario.effect.DropShadow
2026-04-29 21:04:57,922 [WARN] from com.jpro.meta.stream.FXSerializer$$anon$1 in JavaFX Application Thread - Unsupported Object: com.sun.scenario.effect.DropShadow@1b5bcbd1 ... com.sun.scenario.effect.DropShadow
2026-04-29 21:04:57,937 [WARN] from com.jpro.meta.stream.FXSerializer$$anon$1 in JavaFX Application Thread - Unsupported Object: com.sun.scenario.effect.DropShadow@60918cdf ... com.sun.scenario.effect.DropShadow
2026-04-29 21:04:57,954 [WARN] from com.jpro.meta.stream.FXSerializer$$anon$1 in JavaFX Application Thread - Unsupported Object: com.sun.scenario.effect.DropShadow@5049d2bc ... com.sun.scenario.effect.DropShadow
2026-04-29 21:04:57,969 [WARN] from com.jpro.meta.stream.FXSerializer$$anon$1 in JavaFX Application Thread - Unsupported Object: com.sun.scenario.effect.DropShadow@262ae48e ... com.sun.scenario.effect.DropShadow
2026-04-29 21:04:57,985 [WARN] from com.jpro.meta.stream.FXSerializer$$anon$1 in JavaFX Application Thread - Unsupported Object: com.sun.scenario.effect.DropShadow@76307c05 ... com.sun.scenario.effect.DropShadow
2026-04-29 21:04:58,001 [WARN] from com.jpro.meta.stream.FXSerializer$$anon$1 in JavaFX Application Thread - Unsupported Object: com.sun.scenario.effect.DropShadow@410890d6 ... com.sun.scenario.effect.DropShadow
2026-04-29 21:04:58,018 [WARN] from com.jpro.meta.stream.FXSerializer$$anon$1 in JavaFX Application Thread - Unsupported Object: com.sun.scenario.effect.DropShadow@59fed67 ... com.sun.scenario.effect.DropShadow
2026-04-29 21:04:58,034 [WARN] from com.jpro.meta.stream.FXSerializer$$anon$1 in JavaFX Application Thread - Unsupported Object: com.sun.scenario.effect.DropShadow@264d0169 ... com.sun.scenario.effect.DropShadow
2026-04-29 21:04:58,049 [WARN] from com.jpro.meta.stream.FXSerializer$$anon$1 in JavaFX Application Thread - Unsupported Object: com.sun.scenario.effect.DropShadow@4383d3a5 ... com.sun.scenario.effect.DropShadow
2026-04-29 21:04:58,067 [WARN] from com.jpro.meta.stream.FXSerializer$$anon$1 in JavaFX Application Thread - Unsupported Object: com.sun.scenario.effect.DropShadow@33ad35d8 ... com.sun.scenario.effect.DropShadow
2026-04-29 21:04:58,081 [WARN] from com.jpro.meta.stream.FXSerializer$$anon$1 in JavaFX Application Thread - Unsupported Object: com.sun.scenario.effect.DropShadow@3fe7a655 ... com.sun.scenario.effect.DropShadow
2026-04-29 21:04:58,098 [WARN] from com.jpro.meta.stream.FXSerializer$$anon$1 in JavaFX Application Thread - Unsupported Object: com.sun.scenario.effect.DropShadow@44496d00 ... com.sun.scenario.effect.DropShadow
2026-04-29 21:04:58,114 [WARN] from com.jpro.meta.stream.FXSerializer$$anon$1 in JavaFX Application Thread - Unsupported Object: com.sun.scenario.effect.DropShadow@54e2b06b ... com.sun.scenario.effect.DropShadow
2026-04-29 21:05:15,787 [WARN] from javafx.css in JavaFX Application Thread - Caught 'java.lang.ClassCastException: class java.lang.String cannot be cast to class javafx.scene.paint.Paint (java.lang.String is in module java.base of loader 'bootstrap'; javafx.scene.paint.Paint is in unnamed module of loader 'app')' while converting value for '-fx-background-color' from inline style on Button@2d0183d[styleClass=button exit-back-button]''
2026-04-29 21:05:15,835 [INFO] from com.jpro.meta.tk.SceneInputListener in JavaFX Application Thread - On disposing SceneInputListener: primaryScene.window was null. Skipped the forced release of the mouse.
2026-04-29 21:05:20,651 [INFO] from com.jpro.meta.tk.SceneInputListener in JavaFX Application Thread - On disposing SceneInputListener: primaryScene.window was null. Skipped the forced release of the mouse.
2026-04-29 21:05:42,883 [WARN] from com.jpro.internal.server.Route$ in [0x1df711a4 0x173e3a3a] WebServer socket - jpro.plainFile - Couldn't get resource for: 'jpro/html/.well-known/appspecific/com.chrome.devtools.json'
2026-04-29 21:05:43,171 [WARN] from com.jpro.internal.server.Route$ in [0x1df711a4 0x173e3a3a] WebServer socket - jpro.plainFile - Couldn't get resource for: 'jpro/html/jpro/js/main.js.map'
2026-04-29 21:06:01,224 [INFO] from com.jpro.meta.tk.SceneInputListener in JavaFX Application Thread - On disposing SceneInputListener: primaryScene.window was null. Skipped the forced release of the mouse.
2026-04-29 21:06:02,608 [INFO] from com.jpro.meta.tk.SceneInputListener in JavaFX Application Thread - On disposing SceneInputListener: primaryScene.window was null. Skipped the forced release of the mouse.
2026-04-29 21:06:08,755 [WARN] from com.jpro.meta.stream.FXSerializer$$anon$1 in JavaFX Application Thread - Unsupported Object: com.sun.scenario.effect.DropShadow@1d2ec80d ... com.sun.scenario.effect.DropShadow
2026-04-29 21:06:08,769 [WARN] from com.jpro.meta.stream.FXSerializer$$anon$1 in JavaFX Application Thread - Unsupported Object: com.sun.scenario.effect.DropShadow@628a003a ... com.sun.scenario.effect.DropShadow
2026-04-29 21:06:08,786 [WARN] from com.jpro.meta.stream.FXSerializer$$anon$1 in JavaFX Application Thread - Unsupported Object: com.sun.scenario.effect.DropShadow@1c97f19c ... com.sun.scenario.effect.DropShadow
2026-04-29 21:06:08,803 [WARN] from com.jpro.meta.stream.FXSerializer$$anon$1 in JavaFX Application Thread - Unsupported Object: com.sun.scenario.effect.DropShadow@42d84934 ... com.sun.scenario.effect.DropShadow
2026-04-29 21:06:08,817 [WARN] from com.jpro.meta.stream.FXSerializer$$anon$1 in JavaFX Application Thread - Unsupported Object: com.sun.scenario.effect.DropShadow@3b92d846 ... com.sun.scenario.effect.DropShadow
2026-04-29 21:06:08,833 [WARN] from com.jpro.meta.stream.FXSerializer$$anon$1 in JavaFX Application Thread - Unsupported Object: com.sun.scenario.effect.DropShadow@4c803bae ... com.sun.scenario.effect.DropShadow
2026-04-29 21:06:08,852 [WARN] from com.jpro.meta.stream.FXSerializer$$anon$1 in JavaFX Application Thread - Unsupported Object: com.sun.scenario.effect.DropShadow@78fbdf40 ... com.sun.scenario.effect.DropShadow
2026-04-29 21:06:08,866 [WARN] from com.jpro.meta.stream.FXSerializer$$anon$1 in JavaFX Application Thread - Unsupported Object: com.sun.scenario.effect.DropShadow@6903e630 ... com.sun.scenario.effect.DropShadow
2026-04-29 21:06:08,881 [WARN] from com.jpro.meta.stream.FXSerializer$$anon$1 in JavaFX Application Thread - Unsupported Object: com.sun.scenario.effect.DropShadow@3751df9e ... com.sun.scenario.effect.DropShadow
2026-04-29 21:06:08,898 [WARN] from com.jpro.meta.stream.FXSerializer$$anon$1 in JavaFX Application Thread - Unsupported Object: com.sun.scenario.effect.DropShadow@711f61da ... com.sun.scenario.effect.DropShadow
2026-04-29 21:06:08,915 [WARN] from com.jpro.meta.stream.FXSerializer$$anon$1 in JavaFX Application Thread - Unsupported Object: com.sun.scenario.effect.DropShadow@3c061e15 ... com.sun.scenario.effect.DropShadow
2026-04-29 21:06:08,931 [WARN] from com.jpro.meta.stream.FXSerializer$$anon$1 in JavaFX Application Thread - Unsupported Object: com.sun.scenario.effect.DropShadow@72442f59 ... com.sun.scenario.effect.DropShadow
2026-04-29 21:06:08,947 [WARN] from com.jpro.meta.stream.FXSerializer$$anon$1 in JavaFX Application Thread - Unsupported Object: com.sun.scenario.effect.DropShadow@65403c90 ... com.sun.scenario.effect.DropShadow
2026-04-29 21:06:08,963 [WARN] from com.jpro.meta.stream.FXSerializer$$anon$1 in JavaFX Application Thread - Unsupported Object: com.sun.scenario.effect.DropShadow@7cacb178 ... com.sun.scenario.effect.DropShadow
2026-04-29 21:06:08,979 [WARN] from com.jpro.meta.stream.FXSerializer$$anon$1 in JavaFX Application Thread - Unsupported Object: com.sun.scenario.effect.DropShadow@51759ac5 ... com.sun.scenario.effect.DropShadow
2026-04-29 21:06:08,994 [WARN] from com.jpro.meta.stream.FXSerializer$$anon$1 in JavaFX Application Thread - Unsupported Object: com.sun.scenario.effect.DropShadow@6b817f4f ... com.sun.scenario.effect.DropShadow
2026-04-29 21:06:09,010 [WARN] from com.jpro.meta.stream.FXSerializer$$anon$1 in JavaFX Application Thread - Unsupported Object: com.sun.scenario.effect.DropShadow@75670b57 ... com.sun.scenario.effect.DropShadow
2026-04-29 21:06:09,026 [WARN] from com.jpro.meta.stream.FXSerializer$$anon$1 in JavaFX Application Thread - Unsupported Object: com.sun.scenario.effect.DropShadow@3a7aa082 ... com.sun.scenario.effect.DropShadow
2026-04-29 21:06:09,042 [WARN] from com.jpro.meta.stream.FXSerializer$$anon$1 in JavaFX Application Thread - Unsupported Object: com.sun.scenario.effect.DropShadow@406a98 ... com.sun.scenario.effect.DropShadow
2026-04-29 21:06:15,089 [WARN] from com.jpro.meta.stream.FXSerializer$$anon$1 in JavaFX Application Thread - Unsupported Object: com.sun.scenario.effect.DropShadow@21e70864 ... com.sun.scenario.effect.DropShadow
2026-04-29 21:06:15,106 [WARN] from com.jpro.meta.stream.FXSerializer$$anon$1 in JavaFX Application Thread - Unsupported Object: com.sun.scenario.effect.DropShadow@68f7869d ... com.sun.scenario.effect.DropShadow
2026-04-29 21:06:15,122 [WARN] from com.jpro.meta.stream.FXSerializer$$anon$1 in JavaFX Application Thread - Unsupported Object: com.sun.scenario.effect.DropShadow@3761b997 ... com.sun.scenario.effect.DropShadow
2026-04-29 21:06:15,137 [WARN] from com.jpro.meta.stream.FXSerializer$$anon$1 in JavaFX Application Thread - Unsupported Object: com.sun.scenario.effect.DropShadow@15c5c5a2 ... com.sun.scenario.effect.DropShadow
2026-04-29 21:06:15,154 [WARN] from com.jpro.meta.stream.FXSerializer$$anon$1 in JavaFX Application Thread - Unsupported Object: com.sun.scenario.effect.DropShadow@61df3826 ... com.sun.scenario.effect.DropShadow
2026-04-29 21:06:15,170 [WARN] from com.jpro.meta.stream.FXSerializer$$anon$1 in JavaFX Application Thread - Unsupported Object: com.sun.scenario.effect.DropShadow@421b09bf ... com.sun.scenario.effect.DropShadow
2026-04-29 21:06:15,185 [WARN] from com.jpro.meta.stream.FXSerializer$$anon$1 in JavaFX Application Thread - Unsupported Object: com.sun.scenario.effect.DropShadow@29bd0055 ... com.sun.scenario.effect.DropShadow
2026-04-29 21:06:15,202 [WARN] from com.jpro.meta.stream.FXSerializer$$anon$1 in JavaFX Application Thread - Unsupported Object: com.sun.scenario.effect.DropShadow@1765edf5 ... com.sun.scenario.effect.DropShadow
2026-04-29 21:06:15,217 [WARN] from com.jpro.meta.stream.FXSerializer$$anon$1 in JavaFX Application Thread - Unsupported Object: com.sun.scenario.effect.DropShadow@5914ab04 ... com.sun.scenario.effect.DropShadow
2026-04-29 21:06:15,234 [WARN] from com.jpro.meta.stream.FXSerializer$$anon$1 in JavaFX Application Thread - Unsupported Object: com.sun.scenario.effect.DropShadow@62c66312 ... com.sun.scenario.effect.DropShadow
2026-04-29 21:06:15,249 [WARN] from com.jpro.meta.stream.FXSerializer$$anon$1 in JavaFX Application Thread - Unsupported Object: com.sun.scenario.effect.DropShadow@78e1270f ... com.sun.scenario.effect.DropShadow
2026-04-29 21:06:15,265 [WARN] from com.jpro.meta.stream.FXSerializer$$anon$1 in JavaFX Application Thread - Unsupported Object: com.sun.scenario.effect.DropShadow@3acc2332 ... com.sun.scenario.effect.DropShadow
2026-04-29 21:06:15,284 [WARN] from com.jpro.meta.stream.FXSerializer$$anon$1 in JavaFX Application Thread - Unsupported Object: com.sun.scenario.effect.DropShadow@499254b5 ... com.sun.scenario.effect.DropShadow
2026-04-29 21:06:15,300 [WARN] from com.jpro.meta.stream.FXSerializer$$anon$1 in JavaFX Application Thread - Unsupported Object: com.sun.scenario.effect.DropShadow@7b860696 ... com.sun.scenario.effect.DropShadow
2026-04-29 21:06:15,314 [WARN] from com.jpro.meta.stream.FXSerializer$$anon$1 in JavaFX Application Thread - Unsupported Object: com.sun.scenario.effect.DropShadow@1a83a2be ... com.sun.scenario.effect.DropShadow
2026-04-29 21:06:15,329 [WARN] from com.jpro.meta.stream.FXSerializer$$anon$1 in JavaFX Application Thread - Unsupported Object: com.sun.scenario.effect.DropShadow@16cd0b3f ... com.sun.scenario.effect.DropShadow
2026-04-29 21:06:15,347 [WARN] from com.jpro.meta.stream.FXSerializer$$anon$1 in JavaFX Application Thread - Unsupported Object: com.sun.scenario.effect.DropShadow@e3deecc ... com.sun.scenario.effect.DropShadow
2026-04-29 21:06:15,361 [WARN] from com.jpro.meta.stream.FXSerializer$$anon$1 in JavaFX Application Thread - Unsupported Object: com.sun.scenario.effect.DropShadow@4bd13751 ... com.sun.scenario.effect.DropShadow
2026-04-29 21:06:15,379 [WARN] from com.jpro.meta.stream.FXSerializer$$anon$1 in JavaFX Application Thread - Unsupported Object: com.sun.scenario.effect.DropShadow@12a47ac2 ... com.sun.scenario.effect.DropShadow
2026-04-29 21:06:17,706 [WARN] from javafx.css in JavaFX Application Thread - Caught 'java.lang.ClassCastException: class java.lang.String cannot be cast to class javafx.scene.paint.Paint (java.lang.String is in module java.base of loader 'bootstrap'; javafx.scene.paint.Paint is in unnamed module of loader 'app')' while converting value for '-fx-background-color' from inline style on Button@390203ab[styleClass=button exit-back-button]''
2026-04-29 21:07:18,015 [INFO] from com.jpro.activity in scala-execution-context-global-39 - Starting the server
2026-04-29 21:07:18,017 [INFO] from com.jpro.internal.server.JProInitializer$ in scala-execution-context-global-39 -  *** Starting JPro: https://www.jpro.one/ ***
2026-04-29 21:07:18,017 [INFO] from com.jpro.internal.server.JProInitializer$ in scala-execution-context-global-39 - OS: Windows 11
2026-04-29 21:07:18,026 [INFO] from com.jpro.internal.server.JProInitializer$ in scala-execution-context-global-39 - JPro: 2026.1.1
2026-04-29 21:07:18,026 [INFO] from com.jpro.internal.server.JProInitializer$ in scala-execution-context-global-39 - Java version: 26.0.1
2026-04-29 21:07:18,026 [INFO] from com.jpro.internal.server.JProInitializer$ in scala-execution-context-global-39 - JVM: 26.0.1 Oracle Corporation
2026-04-29 21:07:18,028 [INFO] from com.jpro.internal.server.JProInitializer$ in scala-execution-context-global-39 - JavaFX jar: file:/C:/Users/lehas/.m2/repository/org/openjfx/javafx-graphics/25.0.2-jpro+1/javafx-graphics-25.0.2-jpro+1-win.jar
2026-04-29 21:07:18,031 [INFO] from com.jpro.internal.server.JProInitializer$ in scala-execution-context-global-39 - Configuring logging from url: 'jar:file:/C:/Users/lehas/.m2/repository/one/jpro/jpro-server_2.12/2026.1.1/jpro-server_2.12-2026.1.1.jar!/logback-jpro-default.xml'
2026-04-29 21:07:18,664 [INFO] from com.jpro.internal.server.JProInitializer$ in JavaFX Application Thread - JavaFX version: 25.0.2-jpro+1
2026-04-29 21:07:18,761 [INFO] from com.jpro.internal.server.JProInitializer$ in scala-execution-context-global-39 - finished init!
2026-04-29 21:07:18,765 [INFO] from com.jpro.internal.server.JProInitializer$ in scala-execution-context-global-39 - [JPro] -> Server started: {start_time: 1777471638011, os_name: Windows 11, jpro_version: 2026.1.1, pid: 23724, servername: V82}
2026-04-29 21:07:18,847 [INFO] from com.jpro.internal.server.Route$ in Thread-0 - Creating routing for JPro server
2026-04-29 21:07:18,922 [INFO] from io.helidon.common.features.HelidonFeatures in features-thread - Helidon SE 4.2.6 features: [Config, Encoding, Media, Metrics, Registry, WebServer, WebSocket]
2026-04-29 21:07:18,930 [INFO] from io.helidon.webserver.ServerListener in start @default (/0.0.0.0:8080) - [0x45d4398e] http://0.0.0.0:8080 bound for socket '@default'
2026-04-29 21:07:18,936 [INFO] from io.helidon.webserver.LoomServer in Thread-0 - Started all channels in 21 milliseconds. 1892 milliseconds since JVM startup. Java 26.0.1+8-34
2026-04-29 21:07:19,159 [INFO] from com.jpro.internal.server.JProWSEndpoint in [0x45d4398e 0x56070b16] WebServer socket - application requested: default params: Map(instanceID -> 3hb36kiqw0nqngvnil11whlu2)
2026-04-29 21:07:19,159 [INFO] from com.jpro.internal.server.JProWSEndpoint in [0x45d4398e 0x56070b16] WebServer socket - Creating Application: default
2026-04-29 21:07:19,159 [INFO] from com.jpro.internal.server.JProWSEndpoint in [0x45d4398e 0x56070b16] WebServer socket - remoteAddress 0:0:0:0:0:0:0:1
2026-04-29 21:07:19,159 [INFO] from com.jpro.internal.server.JProWSEndpoint in [0x45d4398e 0x56070b16] WebServer socket - host          
2026-04-29 21:07:19,159 [INFO] from com.jpro.internal.server.JProWSEndpoint in [0x45d4398e 0x56070b16] WebServer socket - uri           /app/ws/default?instanceID=3hb36kiqw0nqngvnil11whlu2
2026-04-29 21:07:19,169 [INFO] from com.jpro.internal.server.JProWSEndpoint in [0x45d4398e 0x56070b16] WebServer socket - Application found.
2026-04-29 21:07:19,173 [INFO] from com.jpro.internal.server.JProWSEndpoint in [0x45d4398e 0x56070b16] WebServer socket - Handshake received: 1fc848e7be83856bef963b103116f03f
2026-04-29 21:07:19,607 [INFO] from com.jpro.internal.stats.ViewInfo$ in JavaFX Application Thread - [JPro] -> View created: {app_name: default, host_name: localhost:8080, instance_id: eu3uia0m2dfbcx1zyifnutfo9, browser: Microsoft Edge 147.0.0.0, browser_url: http://localhost:8080/, client_ip: 0:0:0:0:0:0:0:1}
2026-04-29 21:07:19,942 [INFO] from com.jpro.internal.server.JProWSEndpoint in [0x45d4398e 0x54aecc4a] WebServer socket - application requested: default params: Map()
2026-04-29 21:07:19,943 [INFO] from com.jpro.internal.server.JProWSEndpoint in [0x45d4398e 0x54aecc4a] WebServer socket - Creating Application: default
2026-04-29 21:07:19,943 [INFO] from com.jpro.internal.server.JProWSEndpoint in [0x45d4398e 0x54aecc4a] WebServer socket - remoteAddress 0:0:0:0:0:0:0:1
2026-04-29 21:07:19,943 [INFO] from com.jpro.internal.server.JProWSEndpoint in [0x45d4398e 0x54aecc4a] WebServer socket - host          
2026-04-29 21:07:19,943 [INFO] from com.jpro.internal.server.JProWSEndpoint in [0x45d4398e 0x54aecc4a] WebServer socket - uri           /app/ws/default
2026-04-29 21:07:19,943 [INFO] from com.jpro.internal.server.JProWSEndpoint in [0x45d4398e 0x54aecc4a] WebServer socket - Application found.
2026-04-29 21:07:19,984 [INFO] from com.jpro.internal.server.JProWSEndpoint in [0x45d4398e 0x54aecc4a] WebServer socket - Handshake received: 1fc848e7be83856bef963b103116f03f
2026-04-29 21:07:20,982 [INFO] from com.jpro.internal.communicator.InstanceImpl in JavaFX Application Thread - [JPro] -> Instance created: {app_name: default, host_name: localhost:8080, instance_id: eu3uia0m2dfbcx1zyifnutfo9, browser: Microsoft Edge 147.0.0.0, browser_url: http://localhost:8080/, client_ip: 0:0:0:0:0:0:0:1}
2026-04-29 21:07:21,377 [INFO] from com.jpro.internal.server.JProWSEndpoint in [0x45d4398e 0x56070b16] WebServer socket - Frame received after poison, ignoring
2026-04-29 21:07:21,377 [INFO] from com.jpro.internal.server.JProWSEndpoint in [0x45d4398e 0x56070b16] WebServer socket - WebSocket for [default] closed: 1000 – tab-closed
2026-04-29 21:07:21,438 [INFO] from com.jpro.internal.stats.ViewInfo$ in JavaFX Application Thread - [JPro] -> View created: {app_name: default, host_name: localhost:8080, instance_id: aqp7q8ypcre5pv1trsvh9brg7, browser: Microsoft Edge 147.0.0.0, browser_url: http://localhost:8080/, client_ip: 0:0:0:0:0:0:0:1}
2026-04-29 21:07:21,721 [INFO] from com.jpro.internal.communicator.InstanceImpl in JavaFX Application Thread - [JPro] -> Instance created: {app_name: default, host_name: localhost:8080, instance_id: aqp7q8ypcre5pv1trsvh9brg7, browser: Microsoft Edge 147.0.0.0, browser_url: http://localhost:8080/, client_ip: 0:0:0:0:0:0:0:1}
2026-04-29 21:07:22,003 [INFO] from com.jpro.internal.stats.ViewInfo$ in JavaFX Application Thread - [JPro] -> View closed: {app_name: default, host_name: localhost:8080, instance_id: eu3uia0m2dfbcx1zyifnutfo9, browser: Microsoft Edge 147.0.0.0, browser_url: http://localhost:8080/, client_ip: 0:0:0:0:0:0:0:1, reason: tab-closed}
2026-04-29 21:07:22,008 [INFO] from com.jpro.internal.server.JProWSEndpoint in [0x45d4398e 0x54aecc4a] WebServer socket - Frame received after poison, ignoring
2026-04-29 21:07:22,008 [INFO] from com.jpro.internal.server.JProWSEndpoint in [0x45d4398e 0x54aecc4a] WebServer socket - WebSocket for [default] closed: 1000 – tab-closed
2026-04-29 21:07:22,029 [INFO] from com.jpro.internal.stats.ViewInfo$ in JavaFX Application Thread - 
2026-04-29 21:07:22,030 [INFO] from com.jpro.internal.stats.ViewInfo$ in JavaFX Application Thread - Application closed:
2026-04-29 21:07:22,084 [INFO] from com.jpro.internal.stats.ViewInfo$ in JavaFX Application Thread - startTime      : Wed Apr 29 21:07:19 GMT+07:00 2026      
2026-04-29 21:07:22,085 [INFO] from com.jpro.internal.stats.ViewInfo$ in JavaFX Application Thread - duration       : 00:00:02.440 
2026-04-29 21:07:22,086 [INFO] from com.jpro.internal.stats.ViewInfo$ in JavaFX Application Thread - averageLatency : 00:00:00.000 
2026-04-29 21:07:22,087 [INFO] from com.jpro.internal.stats.ViewInfo$ in JavaFX Application Thread - averageJitter  : 00:00:00.000  
2026-04-29 21:07:22,087 [INFO] from com.jpro.internal.stats.ViewInfo$ in JavaFX Application Thread - framerateServer: 00:00:00.000
2026-04-29 21:07:22,088 [INFO] from com.jpro.internal.stats.ViewInfo$ in JavaFX Application Thread - framerateClient: 00:00:00.000
2026-04-29 21:07:22,088 [INFO] from com.jpro.internal.stats.ViewInfo$ in JavaFX Application Thread - raw            : 0
2026-04-29 21:07:22,088 [INFO] from com.jpro.internal.stats.ViewInfo$ in JavaFX Application Thread - zipped         : 0
2026-04-29 21:07:22,088 [INFO] from com.jpro.internal.stats.ViewInfo$ in JavaFX Application Thread - 
2026-04-29 21:07:22,160 [INFO] from com.jpro.internal.stats.ViewInfo$ in JavaFX Application Thread - [JPro] -> View closed: {app_name: default, host_name: localhost:8080, instance_id: aqp7q8ypcre5pv1trsvh9brg7, browser: Microsoft Edge 147.0.0.0, browser_url: http://localhost:8080/, client_ip: 0:0:0:0:0:0:0:1, reason: tab-closed}
2026-04-29 21:07:22,166 [INFO] from com.jpro.internal.stats.ViewInfo$ in JavaFX Application Thread - 
2026-04-29 21:07:22,166 [INFO] from com.jpro.internal.stats.ViewInfo$ in JavaFX Application Thread - Application closed:
2026-04-29 21:07:22,167 [INFO] from com.jpro.internal.stats.ViewInfo$ in JavaFX Application Thread - startTime      : Wed Apr 29 21:07:21 GMT+07:00 2026      
2026-04-29 21:07:22,167 [INFO] from com.jpro.internal.stats.ViewInfo$ in JavaFX Application Thread - duration       : 00:00:00.760 
2026-04-29 21:07:22,167 [INFO] from com.jpro.internal.stats.ViewInfo$ in JavaFX Application Thread - averageLatency : 00:00:00.000 
2026-04-29 21:07:22,168 [INFO] from com.jpro.internal.stats.ViewInfo$ in JavaFX Application Thread - averageJitter  : 00:00:00.000  
2026-04-29 21:07:22,169 [INFO] from com.jpro.internal.stats.ViewInfo$ in JavaFX Application Thread - framerateServer: 00:00:00.000
2026-04-29 21:07:22,169 [INFO] from com.jpro.internal.stats.ViewInfo$ in JavaFX Application Thread - framerateClient: 00:00:00.000
2026-04-29 21:07:22,169 [INFO] from com.jpro.internal.stats.ViewInfo$ in JavaFX Application Thread - raw            : 13923
2026-04-29 21:07:22,169 [INFO] from com.jpro.internal.stats.ViewInfo$ in JavaFX Application Thread - zipped         : 2318
2026-04-29 21:07:22,169 [INFO] from com.jpro.internal.stats.ViewInfo$ in JavaFX Application Thread - 
2026-04-29 21:07:22,883 [INFO] from com.jpro.internal.communicator.InstanceImpl in JavaFX Application Thread - [JPro] -> Instance closed: {app_name: default, host_name: localhost:8080, instance_id: eu3uia0m2dfbcx1zyifnutfo9, browser: Microsoft Edge 147.0.0.0, browser_url: http://localhost:8080/, client_ip: 0:0:0:0:0:0:0:1, reason: close-tab-closed}
2026-04-29 21:07:23,147 [INFO] from com.jpro.internal.communicator.InstanceImpl in JavaFX Application Thread - [JPro] -> Instance closed: {app_name: default, host_name: localhost:8080, instance_id: aqp7q8ypcre5pv1trsvh9brg7, browser: Microsoft Edge 147.0.0.0, browser_url: http://localhost:8080/, client_ip: 0:0:0:0:0:0:0:1, reason: close-tab-closed}
2026-04-29 21:07:39,511 [INFO] from com.jpro.internal.server.JProWSEndpoint in [0x45d4398e 0x7bd5a49e] WebServer socket - application requested: default params: Map()
2026-04-29 21:07:39,511 [INFO] from com.jpro.internal.server.JProWSEndpoint in [0x45d4398e 0x7bd5a49e] WebServer socket - Creating Application: default
2026-04-29 21:07:39,511 [INFO] from com.jpro.internal.server.JProWSEndpoint in [0x45d4398e 0x7bd5a49e] WebServer socket - remoteAddress 0:0:0:0:0:0:0:1
2026-04-29 21:07:39,511 [INFO] from com.jpro.internal.server.JProWSEndpoint in [0x45d4398e 0x7bd5a49e] WebServer socket - host          
2026-04-29 21:07:39,511 [INFO] from com.jpro.internal.server.JProWSEndpoint in [0x45d4398e 0x7bd5a49e] WebServer socket - uri           /app/ws/default
2026-04-29 21:07:39,512 [INFO] from com.jpro.internal.server.JProWSEndpoint in [0x45d4398e 0x7bd5a49e] WebServer socket - Application found.
2026-04-29 21:07:39,538 [INFO] from com.jpro.internal.server.JProWSEndpoint in [0x45d4398e 0x7bd5a49e] WebServer socket - Handshake received: 1fc848e7be83856bef963b103116f03f
2026-04-29 21:07:39,548 [INFO] from com.jpro.internal.stats.ViewInfo$ in JavaFX Application Thread - [JPro] -> View created: {app_name: default, host_name: localhost:8080, instance_id: 5napuoik9rfdxldmvmiim05gw, browser: Google Chrome 142.0.7444.265, browser_url: http://localhost:8080/, client_ip: 0:0:0:0:0:0:0:1}
2026-04-29 21:07:39,719 [INFO] from com.jpro.internal.communicator.InstanceImpl in JavaFX Application Thread - [JPro] -> Instance created: {app_name: default, host_name: localhost:8080, instance_id: 5napuoik9rfdxldmvmiim05gw, browser: Google Chrome 142.0.7444.265, browser_url: http://localhost:8080/, client_ip: 0:0:0:0:0:0:0:1}
2026-04-29 21:07:48,196 [INFO] from com.jpro.internal.server.JProWSEndpoint in [0x45d4398e 0x7bd5a49e] WebServer socket - WebSocket for [default] closed: 1001 – normal
2026-04-29 21:07:48,197 [INFO] from com.jpro.internal.stats.ViewInfo$ in JavaFX Application Thread - [JPro] -> View closed: {app_name: default, host_name: localhost:8080, instance_id: 5napuoik9rfdxldmvmiim05gw, browser: Google Chrome 142.0.7444.265, browser_url: http://localhost:8080/, client_ip: 0:0:0:0:0:0:0:1, reason: websocket-stop}
2026-04-29 21:07:48,198 [INFO] from com.jpro.internal.stats.ViewInfo$ in JavaFX Application Thread - 
2026-04-29 21:07:48,198 [INFO] from com.jpro.internal.stats.ViewInfo$ in JavaFX Application Thread - Application closed:
2026-04-29 21:07:48,198 [INFO] from com.jpro.internal.stats.ViewInfo$ in JavaFX Application Thread - startTime      : Wed Apr 29 21:07:39 GMT+07:00 2026      
2026-04-29 21:07:48,198 [INFO] from com.jpro.internal.stats.ViewInfo$ in JavaFX Application Thread - duration       : 00:00:08.639 
2026-04-29 21:07:48,198 [INFO] from com.jpro.internal.stats.ViewInfo$ in JavaFX Application Thread - averageLatency : 00:00:00.001 
2026-04-29 21:07:48,198 [INFO] from com.jpro.internal.stats.ViewInfo$ in JavaFX Application Thread - averageJitter  : 00:00:00.002  
2026-04-29 21:07:48,198 [INFO] from com.jpro.internal.stats.ViewInfo$ in JavaFX Application Thread - framerateServer: 00:00:00.000
2026-04-29 21:07:48,198 [INFO] from com.jpro.internal.stats.ViewInfo$ in JavaFX Application Thread - framerateClient: 00:00:00.000
2026-04-29 21:07:48,198 [INFO] from com.jpro.internal.stats.ViewInfo$ in JavaFX Application Thread - raw            : 32931
2026-04-29 21:07:48,198 [INFO] from com.jpro.internal.stats.ViewInfo$ in JavaFX Application Thread - zipped         : 5551
2026-04-29 21:07:48,198 [INFO] from com.jpro.internal.stats.ViewInfo$ in JavaFX Application Thread - 
2026-04-29 21:07:49,194 [INFO] from com.jpro.internal.communicator.InstanceImpl in JavaFX Application Thread - [JPro] -> Instance closed: {app_name: default, host_name: localhost:8080, instance_id: 5napuoik9rfdxldmvmiim05gw, browser: Google Chrome 142.0.7444.265, browser_url: http://localhost:8080/, client_ip: 0:0:0:0:0:0:0:1, reason: close-tab-closed}
2026-04-29 21:08:07,114 [INFO] from com.jpro.internal.server.JProWSEndpoint in [0x45d4398e 0x64896324] WebServer socket - application requested: default params: Map()
2026-04-29 21:08:07,114 [INFO] from com.jpro.internal.server.JProWSEndpoint in [0x45d4398e 0x64896324] WebServer socket - Creating Application: default
2026-04-29 21:08:07,114 [INFO] from com.jpro.internal.server.JProWSEndpoint in [0x45d4398e 0x64896324] WebServer socket - remoteAddress 0:0:0:0:0:0:0:1
2026-04-29 21:08:07,114 [INFO] from com.jpro.internal.server.JProWSEndpoint in [0x45d4398e 0x64896324] WebServer socket - host          
2026-04-29 21:08:07,114 [INFO] from com.jpro.internal.server.JProWSEndpoint in [0x45d4398e 0x64896324] WebServer socket - uri           /app/ws/default
2026-04-29 21:08:07,115 [INFO] from com.jpro.internal.server.JProWSEndpoint in [0x45d4398e 0x64896324] WebServer socket - Application found.
2026-04-29 21:08:07,142 [INFO] from com.jpro.internal.server.JProWSEndpoint in [0x45d4398e 0x64896324] WebServer socket - Handshake received: 1fc848e7be83856bef963b103116f03f
2026-04-29 21:08:07,151 [INFO] from com.jpro.internal.stats.ViewInfo$ in JavaFX Application Thread - [JPro] -> View created: {app_name: default, host_name: localhost:8080, instance_id: enfw5449kdktvy3s5kw68mjs5, browser: Microsoft Edge 147.0.0.0, browser_url: http://localhost:8080/, client_ip: 0:0:0:0:0:0:0:1}
2026-04-29 21:08:07,279 [INFO] from com.jpro.internal.communicator.InstanceImpl in JavaFX Application Thread - [JPro] -> Instance created: {app_name: default, host_name: localhost:8080, instance_id: enfw5449kdktvy3s5kw68mjs5, browser: Microsoft Edge 147.0.0.0, browser_url: http://localhost:8080/, client_ip: 0:0:0:0:0:0:0:1}
2026-04-29 21:08:10,426 [INFO] from com.jpro.meta.tk.SceneInputListener in JavaFX Application Thread - On disposing SceneInputListener: primaryScene.window was null. Skipped the forced release of the mouse.
2026-04-29 21:08:16,460 [INFO] from com.jpro.meta.tk.SceneInputListener in JavaFX Application Thread - On disposing SceneInputListener: primaryScene.window was null. Skipped the forced release of the mouse.
2026-04-29 21:08:37,404 [WARN] from com.jpro.meta.stream.FXSerializer$$anon$1 in JavaFX Application Thread - Unsupported Object: com.sun.scenario.effect.DropShadow@61d33dd5 ... com.sun.scenario.effect.DropShadow
2026-04-29 21:08:37,419 [WARN] from com.jpro.meta.stream.FXSerializer$$anon$1 in JavaFX Application Thread - Unsupported Object: com.sun.scenario.effect.DropShadow@308afbc8 ... com.sun.scenario.effect.DropShadow
2026-04-29 21:08:37,435 [WARN] from com.jpro.meta.stream.FXSerializer$$anon$1 in JavaFX Application Thread - Unsupported Object: com.sun.scenario.effect.DropShadow@125a718d ... com.sun.scenario.effect.DropShadow
2026-04-29 21:08:37,450 [WARN] from com.jpro.meta.stream.FXSerializer$$anon$1 in JavaFX Application Thread - Unsupported Object: com.sun.scenario.effect.DropShadow@4a970a46 ... com.sun.scenario.effect.DropShadow
2026-04-29 21:08:37,467 [WARN] from com.jpro.meta.stream.FXSerializer$$anon$1 in JavaFX Application Thread - Unsupported Object: com.sun.scenario.effect.DropShadow@7474b088 ... com.sun.scenario.effect.DropShadow
2026-04-29 21:08:37,483 [WARN] from com.jpro.meta.stream.FXSerializer$$anon$1 in JavaFX Application Thread - Unsupported Object: com.sun.scenario.effect.DropShadow@553b7b8f ... com.sun.scenario.effect.DropShadow
2026-04-29 21:08:37,498 [WARN] from com.jpro.meta.stream.FXSerializer$$anon$1 in JavaFX Application Thread - Unsupported Object: com.sun.scenario.effect.DropShadow@983471c ... com.sun.scenario.effect.DropShadow
2026-04-29 21:08:37,498 [WARN] from com.jpro.meta.stream.FXSerializer$$anon$1 in JavaFX Application Thread - Unsupported Object: com.sun.scenario.effect.DropShadow@74f326b ... com.sun.scenario.effect.DropShadow
2026-04-29 21:08:37,515 [WARN] from com.jpro.meta.stream.FXSerializer$$anon$1 in JavaFX Application Thread - Unsupported Object: com.sun.scenario.effect.DropShadow@5108b841 ... com.sun.scenario.effect.DropShadow
2026-04-29 21:08:37,516 [WARN] from com.jpro.meta.stream.FXSerializer$$anon$1 in JavaFX Application Thread - Unsupported Object: com.sun.scenario.effect.DropShadow@46065872 ... com.sun.scenario.effect.DropShadow
2026-04-29 21:08:37,531 [WARN] from com.jpro.meta.stream.FXSerializer$$anon$1 in JavaFX Application Thread - Unsupported Object: com.sun.scenario.effect.DropShadow@615477d8 ... com.sun.scenario.effect.DropShadow
2026-04-29 21:08:37,531 [WARN] from com.jpro.meta.stream.FXSerializer$$anon$1 in JavaFX Application Thread - Unsupported Object: com.sun.scenario.effect.DropShadow@24c502cb ... com.sun.scenario.effect.DropShadow
2026-04-29 21:08:37,545 [WARN] from com.jpro.meta.stream.FXSerializer$$anon$1 in JavaFX Application Thread - Unsupported Object: com.sun.scenario.effect.DropShadow@51571fbe ... com.sun.scenario.effect.DropShadow
2026-04-29 21:08:37,545 [WARN] from com.jpro.meta.stream.FXSerializer$$anon$1 in JavaFX Application Thread - Unsupported Object: com.sun.scenario.effect.DropShadow@705a5762 ... com.sun.scenario.effect.DropShadow
2026-04-29 21:08:37,563 [WARN] from com.jpro.meta.stream.FXSerializer$$anon$1 in JavaFX Application Thread - Unsupported Object: com.sun.scenario.effect.DropShadow@1b65a3f1 ... com.sun.scenario.effect.DropShadow
2026-04-29 21:08:37,563 [WARN] from com.jpro.meta.stream.FXSerializer$$anon$1 in JavaFX Application Thread - Unsupported Object: com.sun.scenario.effect.DropShadow@7aaea10d ... com.sun.scenario.effect.DropShadow
2026-04-29 21:08:37,579 [WARN] from com.jpro.meta.stream.FXSerializer$$anon$1 in JavaFX Application Thread - Unsupported Object: com.sun.scenario.effect.DropShadow@348b456f ... com.sun.scenario.effect.DropShadow
2026-04-29 21:08:37,579 [WARN] from com.jpro.meta.stream.FXSerializer$$anon$1 in JavaFX Application Thread - Unsupported Object: com.sun.scenario.effect.DropShadow@4067d172 ... com.sun.scenario.effect.DropShadow
2026-04-29 21:08:37,595 [WARN] from com.jpro.meta.stream.FXSerializer$$anon$1 in JavaFX Application Thread - Unsupported Object: com.sun.scenario.effect.DropShadow@406a4a9e ... com.sun.scenario.effect.DropShadow
2026-04-29 21:08:37,595 [WARN] from com.jpro.meta.stream.FXSerializer$$anon$1 in JavaFX Application Thread - Unsupported Object: com.sun.scenario.effect.DropShadow@41f3d35d ... com.sun.scenario.effect.DropShadow
2026-04-29 21:08:37,610 [WARN] from com.jpro.meta.stream.FXSerializer$$anon$1 in JavaFX Application Thread - Unsupported Object: com.sun.scenario.effect.DropShadow@47eb1091 ... com.sun.scenario.effect.DropShadow
2026-04-29 21:08:37,610 [WARN] from com.jpro.meta.stream.FXSerializer$$anon$1 in JavaFX Application Thread - Unsupported Object: com.sun.scenario.effect.DropShadow@355a70c1 ... com.sun.scenario.effect.DropShadow
2026-04-29 21:08:37,626 [WARN] from com.jpro.meta.stream.FXSerializer$$anon$1 in JavaFX Application Thread - Unsupported Object: com.sun.scenario.effect.DropShadow@54f006b0 ... com.sun.scenario.effect.DropShadow
2026-04-29 21:08:37,626 [WARN] from com.jpro.meta.stream.FXSerializer$$anon$1 in JavaFX Application Thread - Unsupported Object: com.sun.scenario.effect.DropShadow@21fb7461 ... com.sun.scenario.effect.DropShadow
2026-04-29 21:08:37,642 [WARN] from com.jpro.meta.stream.FXSerializer$$anon$1 in JavaFX Application Thread - Unsupported Object: com.sun.scenario.effect.DropShadow@5f5f64cc ... com.sun.scenario.effect.DropShadow
2026-04-29 21:08:37,643 [WARN] from com.jpro.meta.stream.FXSerializer$$anon$1 in JavaFX Application Thread - Unsupported Object: com.sun.scenario.effect.DropShadow@28c5003e ... com.sun.scenario.effect.DropShadow
2026-04-29 21:08:37,658 [WARN] from com.jpro.meta.stream.FXSerializer$$anon$1 in JavaFX Application Thread - Unsupported Object: com.sun.scenario.effect.DropShadow@2a73cfd ... com.sun.scenario.effect.DropShadow
2026-04-29 21:08:37,659 [WARN] from com.jpro.meta.stream.FXSerializer$$anon$1 in JavaFX Application Thread - Unsupported Object: com.sun.scenario.effect.DropShadow@488724e8 ... com.sun.scenario.effect.DropShadow
2026-04-29 21:08:37,675 [WARN] from com.jpro.meta.stream.FXSerializer$$anon$1 in JavaFX Application Thread - Unsupported Object: com.sun.scenario.effect.DropShadow@66bf40bd ... com.sun.scenario.effect.DropShadow
2026-04-29 21:08:37,675 [WARN] from com.jpro.meta.stream.FXSerializer$$anon$1 in JavaFX Application Thread - Unsupported Object: com.sun.scenario.effect.DropShadow@686324fd ... com.sun.scenario.effect.DropShadow
2026-04-29 21:08:37,690 [WARN] from com.jpro.meta.stream.FXSerializer$$anon$1 in JavaFX Application Thread - Unsupported Object: com.sun.scenario.effect.DropShadow@29421cf2 ... com.sun.scenario.effect.DropShadow
2026-04-29 21:08:37,690 [WARN] from com.jpro.meta.stream.FXSerializer$$anon$1 in JavaFX Application Thread - Unsupported Object: com.sun.scenario.effect.DropShadow@7c8bc1f ... com.sun.scenario.effect.DropShadow
2026-04-29 21:08:37,705 [WARN] from com.jpro.meta.stream.FXSerializer$$anon$1 in JavaFX Application Thread - Unsupported Object: com.sun.scenario.effect.DropShadow@55366058 ... com.sun.scenario.effect.DropShadow
2026-04-29 21:08:37,705 [WARN] from com.jpro.meta.stream.FXSerializer$$anon$1 in JavaFX Application Thread - Unsupported Object: com.sun.scenario.effect.DropShadow@66900a6c ... com.sun.scenario.effect.DropShadow
2026-04-29 21:08:37,721 [WARN] from com.jpro.meta.stream.FXSerializer$$anon$1 in JavaFX Application Thread - Unsupported Object: com.sun.scenario.effect.DropShadow@551f1261 ... com.sun.scenario.effect.DropShadow
2026-04-29 21:08:37,738 [WARN] from com.jpro.meta.stream.FXSerializer$$anon$1 in JavaFX Application Thread - Unsupported Object: com.sun.scenario.effect.DropShadow@759c4718 ... com.sun.scenario.effect.DropShadow
2026-04-29 21:08:37,753 [WARN] from com.jpro.meta.stream.FXSerializer$$anon$1 in JavaFX Application Thread - Unsupported Object: com.sun.scenario.effect.DropShadow@3655327a ... com.sun.scenario.effect.DropShadow
2026-04-29 21:08:37,770 [WARN] from com.jpro.meta.stream.FXSerializer$$anon$1 in JavaFX Application Thread - Unsupported Object: com.sun.scenario.effect.DropShadow@2146691d ... com.sun.scenario.effect.DropShadow
2026-04-29 21:08:37,785 [WARN] from com.jpro.meta.stream.FXSerializer$$anon$1 in JavaFX Application Thread - Unsupported Object: com.sun.scenario.effect.DropShadow@715d1c8c ... com.sun.scenario.effect.DropShadow
2026-04-29 21:08:49,571 [WARN] from javafx.css in JavaFX Application Thread - Caught 'java.lang.ClassCastException: class java.lang.String cannot be cast to class javafx.scene.paint.Paint (java.lang.String is in module java.base of loader 'bootstrap'; javafx.scene.paint.Paint is in unnamed module of loader 'app')' while converting value for '-fx-background-color' from inline style on Button@448d09ed[styleClass=button exit-back-button]''
2026-04-29 21:08:49,603 [INFO] from com.jpro.meta.tk.SceneInputListener in JavaFX Application Thread - On disposing SceneInputListener: primaryScene.window was null. Skipped the forced release of the mouse.
2026-04-29 21:08:56,329 [WARN] from javafx.css in JavaFX Application Thread - Caught 'java.lang.ClassCastException: class java.lang.String cannot be cast to class javafx.scene.paint.Paint (java.lang.String is in module java.base of loader 'bootstrap'; javafx.scene.paint.Paint is in unnamed module of loader 'app')' while converting value for '-fx-background-color' from inline style on Button@448d09ed[styleClass=button exit-back-button]''
2026-04-29 21:08:57,472 [INFO] from com.jpro.meta.tk.SceneInputListener in JavaFX Application Thread - On disposing SceneInputListener: primaryScene.window was null. Skipped the forced release of the mouse.
2026-04-29 21:09:15,943 [INFO] from com.jpro.internal.server.JProWSEndpoint in [0x45d4398e 0x64896324] WebServer socket - Frame received after poison, ignoring
2026-04-29 21:09:15,943 [INFO] from com.jpro.internal.server.JProWSEndpoint in [0x45d4398e 0x64896324] WebServer socket - WebSocket for [default] closed: 1000 – tab-closed
2026-04-29 21:12:22,872 [INFO] from com.jpro.activity in scala-execution-context-global-39 - Starting the server
2026-04-29 21:12:22,873 [INFO] from com.jpro.internal.server.JProInitializer$ in scala-execution-context-global-39 -  *** Starting JPro: https://www.jpro.one/ ***
2026-04-29 21:12:22,873 [INFO] from com.jpro.internal.server.JProInitializer$ in scala-execution-context-global-39 - OS: Windows 11
2026-04-29 21:12:22,880 [INFO] from com.jpro.internal.server.JProInitializer$ in scala-execution-context-global-39 - JPro: 2026.1.1
2026-04-29 21:12:22,880 [INFO] from com.jpro.internal.server.JProInitializer$ in scala-execution-context-global-39 - Java version: 26.0.1
2026-04-29 21:12:22,880 [INFO] from com.jpro.internal.server.JProInitializer$ in scala-execution-context-global-39 - JVM: 26.0.1 Oracle Corporation
2026-04-29 21:12:22,882 [INFO] from com.jpro.internal.server.JProInitializer$ in scala-execution-context-global-39 - JavaFX jar: file:/C:/Users/lehas/.m2/repository/org/openjfx/javafx-graphics/25.0.2-jpro+1/javafx-graphics-25.0.2-jpro+1-win.jar
2026-04-29 21:12:22,885 [INFO] from com.jpro.internal.server.JProInitializer$ in scala-execution-context-global-39 - Configuring logging from url: 'jar:file:/C:/Users/lehas/.m2/repository/one/jpro/jpro-server_2.12/2026.1.1/jpro-server_2.12-2026.1.1.jar!/logback-jpro-default.xml'
2026-04-29 21:12:23,552 [INFO] from com.jpro.internal.server.JProInitializer$ in JavaFX Application Thread - JavaFX version: 25.0.2-jpro+1
2026-04-29 21:12:23,660 [INFO] from com.jpro.internal.server.JProInitializer$ in scala-execution-context-global-39 - finished init!
2026-04-29 21:12:23,665 [INFO] from com.jpro.internal.server.JProInitializer$ in scala-execution-context-global-39 - [JPro] -> Server started: {start_time: 1777471942871, os_name: Windows 11, jpro_version: 2026.1.1, pid: 12804, servername: A796}
2026-04-29 21:12:23,753 [INFO] from com.jpro.internal.server.Route$ in Thread-0 - Creating routing for JPro server
2026-04-29 21:12:23,822 [INFO] from io.helidon.common.features.HelidonFeatures in features-thread - Helidon SE 4.2.6 features: [Config, Encoding, Media, Metrics, Registry, WebServer, WebSocket]
2026-04-29 21:12:23,831 [INFO] from io.helidon.webserver.ServerListener in start @default (/0.0.0.0:8080) - [0x71d6aa45] http://0.0.0.0:8080 bound for socket '@default'
2026-04-29 21:12:23,837 [INFO] from io.helidon.webserver.LoomServer in Thread-0 - Started all channels in 21 milliseconds. 2073 milliseconds since JVM startup. Java 26.0.1+8-34
2026-04-29 21:12:24,788 [INFO] from com.jpro.internal.server.JProWSEndpoint in [0x71d6aa45 0x371060a8] WebServer socket - application requested: default params: Map()
2026-04-29 21:12:24,788 [INFO] from com.jpro.internal.server.JProWSEndpoint in [0x71d6aa45 0x371060a8] WebServer socket - Creating Application: default
2026-04-29 21:12:24,789 [INFO] from com.jpro.internal.server.JProWSEndpoint in [0x71d6aa45 0x371060a8] WebServer socket - remoteAddress 0:0:0:0:0:0:0:1
2026-04-29 21:12:24,789 [INFO] from com.jpro.internal.server.JProWSEndpoint in [0x71d6aa45 0x371060a8] WebServer socket - host          
2026-04-29 21:12:24,789 [INFO] from com.jpro.internal.server.JProWSEndpoint in [0x71d6aa45 0x371060a8] WebServer socket - uri           /app/ws/default
2026-04-29 21:12:24,797 [INFO] from com.jpro.internal.server.JProWSEndpoint in [0x71d6aa45 0x371060a8] WebServer socket - Application found.
2026-04-29 21:12:24,854 [INFO] from com.jpro.internal.server.JProWSEndpoint in [0x71d6aa45 0x371060a8] WebServer socket - Handshake received: 1fc848e7be83856bef963b103116f03f
2026-04-29 21:12:25,099 [INFO] from com.jpro.internal.stats.ViewInfo$ in JavaFX Application Thread - [JPro] -> View created: {app_name: default, host_name: localhost:8080, instance_id: 9qe88ypw6opsmqa68r0fbiv0t, browser: Microsoft Edge 147.0.0.0, browser_url: http://localhost:8080/, client_ip: 0:0:0:0:0:0:0:1}
2026-04-29 21:12:26,221 [INFO] from com.jpro.internal.communicator.InstanceImpl in JavaFX Application Thread - [JPro] -> Instance created: {app_name: default, host_name: localhost:8080, instance_id: 9qe88ypw6opsmqa68r0fbiv0t, browser: Microsoft Edge 147.0.0.0, browser_url: http://localhost:8080/, client_ip: 0:0:0:0:0:0:0:1}
2026-04-29 21:15:52,362 [INFO] from com.jpro.activity in scala-execution-context-global-39 - Starting the server
2026-04-29 21:15:52,365 [INFO] from com.jpro.internal.server.JProInitializer$ in scala-execution-context-global-39 -  *** Starting JPro: https://www.jpro.one/ ***
2026-04-29 21:15:52,365 [INFO] from com.jpro.internal.server.JProInitializer$ in scala-execution-context-global-39 - OS: Windows 11
2026-04-29 21:15:52,382 [INFO] from com.jpro.internal.server.JProInitializer$ in scala-execution-context-global-39 - JPro: 2026.1.1
2026-04-29 21:15:52,383 [INFO] from com.jpro.internal.server.JProInitializer$ in scala-execution-context-global-39 - Java version: 26.0.1
2026-04-29 21:15:52,383 [INFO] from com.jpro.internal.server.JProInitializer$ in scala-execution-context-global-39 - JVM: 26.0.1 Oracle Corporation
2026-04-29 21:15:52,386 [INFO] from com.jpro.internal.server.JProInitializer$ in scala-execution-context-global-39 - JavaFX jar: file:/C:/Users/lehas/.m2/repository/org/openjfx/javafx-graphics/25.0.2-jpro+1/javafx-graphics-25.0.2-jpro+1-win.jar
2026-04-29 21:15:52,390 [INFO] from com.jpro.internal.server.JProInitializer$ in scala-execution-context-global-39 - Configuring logging from url: 'jar:file:/C:/Users/lehas/.m2/repository/one/jpro/jpro-server_2.12/2026.1.1/jpro-server_2.12-2026.1.1.jar!/logback-jpro-default.xml'
2026-04-29 21:15:53,199 [INFO] from com.jpro.internal.server.JProInitializer$ in JavaFX Application Thread - JavaFX version: 25.0.2-jpro+1
2026-04-29 21:15:53,301 [INFO] from com.jpro.internal.server.JProInitializer$ in scala-execution-context-global-39 - finished init!
2026-04-29 21:15:53,304 [INFO] from com.jpro.internal.server.JProInitializer$ in scala-execution-context-global-39 - [JPro] -> Server started: {start_time: 1777472152360, os_name: Windows 11, jpro_version: 2026.1.1, pid: 5916, servername: N434}
2026-04-29 21:15:53,370 [INFO] from com.jpro.internal.server.Route$ in Thread-0 - Creating routing for JPro server
2026-04-29 21:15:53,424 [INFO] from io.helidon.common.features.HelidonFeatures in features-thread - Helidon SE 4.2.6 features: [Config, Encoding, Media, Metrics, Registry, WebServer, WebSocket]
2026-04-29 21:15:53,431 [INFO] from io.helidon.webserver.ServerListener in start @default (/0.0.0.0:8080) - [0x18fa279f] http://0.0.0.0:8080 bound for socket '@default'
2026-04-29 21:15:53,436 [INFO] from io.helidon.webserver.LoomServer in Thread-0 - Started all channels in 16 milliseconds. 2071 milliseconds since JVM startup. Java 26.0.1+8-34
2026-04-29 21:15:54,311 [INFO] from com.jpro.internal.server.JProWSEndpoint in [0x18fa279f 0x64b78234] WebServer socket - application requested: default params: Map()
2026-04-29 21:15:54,312 [INFO] from com.jpro.internal.server.JProWSEndpoint in [0x18fa279f 0x64b78234] WebServer socket - Creating Application: default
2026-04-29 21:15:54,312 [INFO] from com.jpro.internal.server.JProWSEndpoint in [0x18fa279f 0x64b78234] WebServer socket - remoteAddress 0:0:0:0:0:0:0:1
2026-04-29 21:15:54,312 [INFO] from com.jpro.internal.server.JProWSEndpoint in [0x18fa279f 0x64b78234] WebServer socket - host          
2026-04-29 21:15:54,312 [INFO] from com.jpro.internal.server.JProWSEndpoint in [0x18fa279f 0x64b78234] WebServer socket - uri           /app/ws/default
2026-04-29 21:15:54,321 [INFO] from com.jpro.internal.server.JProWSEndpoint in [0x18fa279f 0x64b78234] WebServer socket - Application found.
2026-04-29 21:15:54,376 [INFO] from com.jpro.internal.server.JProWSEndpoint in [0x18fa279f 0x64b78234] WebServer socket - Handshake received: 1fc848e7be83856bef963b103116f03f
2026-04-29 21:15:54,626 [INFO] from com.jpro.internal.stats.ViewInfo$ in JavaFX Application Thread - [JPro] -> View created: {app_name: default, host_name: localhost:8080, instance_id: btk3aup5u8l8viijkfyx6a1mq, browser: Microsoft Edge 147.0.0.0, browser_url: http://localhost:8080/, client_ip: 0:0:0:0:0:0:0:1}
2026-04-29 21:15:55,687 [INFO] from com.jpro.internal.communicator.InstanceImpl in JavaFX Application Thread - [JPro] -> Instance created: {app_name: default, host_name: localhost:8080, instance_id: btk3aup5u8l8viijkfyx6a1mq, browser: Microsoft Edge 147.0.0.0, browser_url: http://localhost:8080/, client_ip: 0:0:0:0:0:0:0:1}
2026-04-29 21:15:55,768 [INFO] from com.jpro.internal.server.JProWSEndpoint in [0x18fa279f 0x2039681d] WebServer socket - application requested: default params: Map(instanceID -> 9qe88ypw6opsmqa68r0fbiv0t)
2026-04-29 21:15:55,769 [INFO] from com.jpro.internal.server.JProWSEndpoint in [0x18fa279f 0x2039681d] WebServer socket - Creating Application: default
2026-04-29 21:15:55,769 [INFO] from com.jpro.internal.server.JProWSEndpoint in [0x18fa279f 0x2039681d] WebServer socket - remoteAddress 0:0:0:0:0:0:0:1
2026-04-29 21:15:55,769 [INFO] from com.jpro.internal.server.JProWSEndpoint in [0x18fa279f 0x2039681d] WebServer socket - host          
2026-04-29 21:15:55,769 [INFO] from com.jpro.internal.server.JProWSEndpoint in [0x18fa279f 0x2039681d] WebServer socket - uri           /app/ws/default?instanceID=9qe88ypw6opsmqa68r0fbiv0t
2026-04-29 21:15:55,771 [INFO] from com.jpro.internal.server.JProWSEndpoint in [0x18fa279f 0x2039681d] WebServer socket - Application found.
2026-04-29 21:15:55,776 [INFO] from com.jpro.internal.server.JProWSEndpoint in [0x18fa279f 0x2039681d] WebServer socket - Handshake received: 1fc848e7be83856bef963b103116f03f
2026-04-29 21:15:56,037 [INFO] from com.jpro.internal.stats.ViewInfo$ in JavaFX Application Thread - [JPro] -> View created: {app_name: default, host_name: localhost:8080, instance_id: 1ozwuxih5wr5rv7qn2eap3dgt, browser: Microsoft Edge 147.0.0.0, browser_url: http://localhost:8080/, client_ip: 0:0:0:0:0:0:0:1}
2026-04-29 21:15:56,197 [INFO] from com.jpro.internal.communicator.InstanceImpl in JavaFX Application Thread - [JPro] -> Instance created: {app_name: default, host_name: localhost:8080, instance_id: 1ozwuxih5wr5rv7qn2eap3dgt, browser: Microsoft Edge 147.0.0.0, browser_url: http://localhost:8080/, client_ip: 0:0:0:0:0:0:0:1}
2026-04-29 21:15:56,391 [INFO] from com.jpro.internal.server.JProWSEndpoint in [0x18fa279f 0x2039681d] WebServer socket - Frame received after poison, ignoring
2026-04-29 21:15:56,391 [INFO] from com.jpro.internal.server.JProWSEndpoint in [0x18fa279f 0x2039681d] WebServer socket - WebSocket for [default] closed: 1000 – tab-closed
2026-04-29 21:15:56,393 [INFO] from com.jpro.internal.stats.ViewInfo$ in JavaFX Application Thread - [JPro] -> View closed: {app_name: default, host_name: localhost:8080, instance_id: 1ozwuxih5wr5rv7qn2eap3dgt, browser: Microsoft Edge 147.0.0.0, browser_url: http://localhost:8080/, client_ip: 0:0:0:0:0:0:0:1, reason: tab-closed}
2026-04-29 21:15:56,396 [INFO] from com.jpro.internal.stats.ViewInfo$ in JavaFX Application Thread - 
2026-04-29 21:15:56,397 [INFO] from com.jpro.internal.stats.ViewInfo$ in JavaFX Application Thread - Application closed:
2026-04-29 21:15:56,406 [INFO] from com.jpro.internal.stats.ViewInfo$ in JavaFX Application Thread - startTime      : Wed Apr 29 21:15:56 GMT+07:00 2026      
2026-04-29 21:15:56,407 [INFO] from com.jpro.internal.stats.ViewInfo$ in JavaFX Application Thread - duration       : 00:00:00.357 
2026-04-29 21:15:56,407 [INFO] from com.jpro.internal.stats.ViewInfo$ in JavaFX Application Thread - averageLatency : 00:00:00.000 
2026-04-29 21:15:56,407 [INFO] from com.jpro.internal.stats.ViewInfo$ in JavaFX Application Thread - averageJitter  : 00:00:00.000  
2026-04-29 21:15:56,408 [INFO] from com.jpro.internal.stats.ViewInfo$ in JavaFX Application Thread - framerateServer: 00:00:00.000
2026-04-29 21:15:56,408 [INFO] from com.jpro.internal.stats.ViewInfo$ in JavaFX Application Thread - framerateClient: 00:00:00.000
2026-04-29 21:15:56,408 [INFO] from com.jpro.internal.stats.ViewInfo$ in JavaFX Application Thread - raw            : 13924
2026-04-29 21:15:56,408 [INFO] from com.jpro.internal.stats.ViewInfo$ in JavaFX Application Thread - zipped         : 2319
2026-04-29 21:15:56,408 [INFO] from com.jpro.internal.stats.ViewInfo$ in JavaFX Application Thread - 
2026-04-29 21:15:57,401 [INFO] from com.jpro.internal.communicator.InstanceImpl in JavaFX Application Thread - [JPro] -> Instance closed: {app_name: default, host_name: localhost:8080, instance_id: 1ozwuxih5wr5rv7qn2eap3dgt, browser: Microsoft Edge 147.0.0.0, browser_url: http://localhost:8080/, client_ip: 0:0:0:0:0:0:0:1, reason: close-tab-closed}
2026-04-29 21:15:59,707 [INFO] from com.jpro.internal.server.JProWSEndpoint in [0x18fa279f 0x64b78234] WebServer socket - Frame received after poison, ignoring
2026-04-29 21:15:59,707 [INFO] from com.jpro.internal.server.JProWSEndpoint in [0x18fa279f 0x64b78234] WebServer socket - WebSocket for [default] closed: 1000 – tab-closed
2026-04-29 21:15:59,707 [INFO] from com.jpro.internal.stats.ViewInfo$ in JavaFX Application Thread - [JPro] -> View closed: {app_name: default, host_name: localhost:8080, instance_id: btk3aup5u8l8viijkfyx6a1mq, browser: Microsoft Edge 147.0.0.0, browser_url: http://localhost:8080/, client_ip: 0:0:0:0:0:0:0:1, reason: tab-closed}
2026-04-29 21:15:59,710 [INFO] from com.jpro.internal.stats.ViewInfo$ in JavaFX Application Thread - 
2026-04-29 21:15:59,710 [INFO] from com.jpro.internal.stats.ViewInfo$ in JavaFX Application Thread - Application closed:
2026-04-29 21:15:59,710 [INFO] from com.jpro.internal.stats.ViewInfo$ in JavaFX Application Thread - startTime      : Wed Apr 29 21:15:54 GMT+07:00 2026      
2026-04-29 21:15:59,710 [INFO] from com.jpro.internal.stats.ViewInfo$ in JavaFX Application Thread - duration       : 00:00:05.184 
2026-04-29 21:15:59,710 [INFO] from com.jpro.internal.stats.ViewInfo$ in JavaFX Application Thread - averageLatency : 00:00:00.003 
2026-04-29 21:15:59,710 [INFO] from com.jpro.internal.stats.ViewInfo$ in JavaFX Application Thread - averageJitter  : 00:00:00.004  
2026-04-29 21:15:59,710 [INFO] from com.jpro.internal.stats.ViewInfo$ in JavaFX Application Thread - framerateServer: 00:00:00.000
2026-04-29 21:15:59,710 [INFO] from com.jpro.internal.stats.ViewInfo$ in JavaFX Application Thread - framerateClient: 00:00:00.000
2026-04-29 21:15:59,710 [INFO] from com.jpro.internal.stats.ViewInfo$ in JavaFX Application Thread - raw            : 32932
2026-04-29 21:15:59,710 [INFO] from com.jpro.internal.stats.ViewInfo$ in JavaFX Application Thread - zipped         : 5647
2026-04-29 21:15:59,710 [INFO] from com.jpro.internal.stats.ViewInfo$ in JavaFX Application Thread - 
2026-04-29 21:16:00,711 [INFO] from com.jpro.internal.communicator.InstanceImpl in JavaFX Application Thread - [JPro] -> Instance closed: {app_name: default, host_name: localhost:8080, instance_id: btk3aup5u8l8viijkfyx6a1mq, browser: Microsoft Edge 147.0.0.0, browser_url: http://localhost:8080/, client_ip: 0:0:0:0:0:0:0:1, reason: close-tab-closed}
2026-04-29 21:16:36,450 [INFO] from com.jpro.internal.server.JProInitializer$ in Thread-12 - Parent process is not alive anymore. Shutting down.
2026-04-29 21:16:36,451 [INFO] from io.helidon.Main in helidon-shutdown-thread - Shutdown requested by JVM shutting down
2026-04-29 21:16:36,452 [INFO] from io.helidon.webserver.ServerListener in server-@default-listener - [0x18fa279f] @default socket closed.
2026-04-29 21:16:36,454 [INFO] from io.helidon.Main in helidon-shutdown-thread - Shutdown finished
2026-04-29 21:16:50,050 [INFO] from com.jpro.activity in scala-execution-context-global-39 - Starting the server
2026-04-29 21:16:50,051 [INFO] from com.jpro.internal.server.JProInitializer$ in scala-execution-context-global-39 -  *** Starting JPro: https://www.jpro.one/ ***
2026-04-29 21:16:50,051 [INFO] from com.jpro.internal.server.JProInitializer$ in scala-execution-context-global-39 - OS: Windows 11
2026-04-29 21:16:50,057 [INFO] from com.jpro.internal.server.JProInitializer$ in scala-execution-context-global-39 - JPro: 2026.1.1
2026-04-29 21:16:50,058 [INFO] from com.jpro.internal.server.JProInitializer$ in scala-execution-context-global-39 - Java version: 26.0.1
2026-04-29 21:16:50,058 [INFO] from com.jpro.internal.server.JProInitializer$ in scala-execution-context-global-39 - JVM: 26.0.1 Oracle Corporation
2026-04-29 21:16:50,060 [INFO] from com.jpro.internal.server.JProInitializer$ in scala-execution-context-global-39 - JavaFX jar: file:/C:/Users/lehas/.m2/repository/org/openjfx/javafx-graphics/25.0.2-jpro+1/javafx-graphics-25.0.2-jpro+1-win.jar
2026-04-29 21:16:50,061 [INFO] from com.jpro.internal.server.JProInitializer$ in scala-execution-context-global-39 - Configuring logging from url: 'jar:file:/C:/Users/lehas/.m2/repository/one/jpro/jpro-server_2.12/2026.1.1/jpro-server_2.12-2026.1.1.jar!/logback-jpro-default.xml'
2026-04-29 21:16:50,587 [INFO] from com.jpro.internal.server.JProInitializer$ in JavaFX Application Thread - JavaFX version: 25.0.2-jpro+1
2026-04-29 21:16:50,681 [INFO] from com.jpro.internal.server.JProInitializer$ in scala-execution-context-global-39 - finished init!
2026-04-29 21:16:50,684 [INFO] from com.jpro.internal.server.JProInitializer$ in scala-execution-context-global-39 - [JPro] -> Server started: {start_time: 1777472210048, os_name: Windows 11, jpro_version: 2026.1.1, pid: 5068, servername: J235}
2026-04-29 21:16:50,761 [INFO] from com.jpro.internal.server.Route$ in Thread-0 - Creating routing for JPro server
2026-04-29 21:16:50,817 [INFO] from io.helidon.common.features.HelidonFeatures in features-thread - Helidon SE 4.2.6 features: [Config, Encoding, Media, Metrics, Registry, WebServer, WebSocket]
2026-04-29 21:16:50,822 [INFO] from io.helidon.webserver.ServerListener in start @default (/0.0.0.0:8080) - [0x02d90efa] http://0.0.0.0:8080 bound for socket '@default'
2026-04-29 21:16:50,830 [INFO] from io.helidon.webserver.LoomServer in Thread-0 - Started all channels in 17 milliseconds. 1567 milliseconds since JVM startup. Java 26.0.1+8-34
2026-04-29 21:16:51,789 [INFO] from com.jpro.internal.server.JProWSEndpoint in [0x02d90efa 0x791b9b12] WebServer socket - application requested: default params: Map()
2026-04-29 21:16:51,790 [INFO] from com.jpro.internal.server.JProWSEndpoint in [0x02d90efa 0x791b9b12] WebServer socket - Creating Application: default
2026-04-29 21:16:51,790 [INFO] from com.jpro.internal.server.JProWSEndpoint in [0x02d90efa 0x791b9b12] WebServer socket - remoteAddress 0:0:0:0:0:0:0:1
2026-04-29 21:16:51,790 [INFO] from com.jpro.internal.server.JProWSEndpoint in [0x02d90efa 0x791b9b12] WebServer socket - host          
2026-04-29 21:16:51,791 [INFO] from com.jpro.internal.server.JProWSEndpoint in [0x02d90efa 0x791b9b12] WebServer socket - uri           /app/ws/default
2026-04-29 21:16:51,804 [INFO] from com.jpro.internal.server.JProWSEndpoint in [0x02d90efa 0x791b9b12] WebServer socket - Application found.
2026-04-29 21:16:51,871 [INFO] from com.jpro.internal.server.JProWSEndpoint in [0x02d90efa 0x791b9b12] WebServer socket - Handshake received: 1fc848e7be83856bef963b103116f03f
2026-04-29 21:16:52,179 [INFO] from com.jpro.internal.stats.ViewInfo$ in JavaFX Application Thread - [JPro] -> View created: {app_name: default, host_name: localhost:8080, instance_id: b45cguskd6f2vtbvb18ufnpsg, browser: Microsoft Edge 147.0.0.0, browser_url: http://localhost:8080/, client_ip: 0:0:0:0:0:0:0:1}
2026-04-29 21:16:53,463 [INFO] from com.jpro.internal.communicator.InstanceImpl in JavaFX Application Thread - [JPro] -> Instance created: {app_name: default, host_name: localhost:8080, instance_id: b45cguskd6f2vtbvb18ufnpsg, browser: Microsoft Edge 147.0.0.0, browser_url: http://localhost:8080/, client_ip: 0:0:0:0:0:0:0:1}
2026-04-29 21:16:57,874 [INFO] from com.jpro.meta.tk.SceneInputListener in JavaFX Application Thread - On disposing SceneInputListener: primaryScene.window was null. Skipped the forced release of the mouse.
2026-04-29 21:16:59,206 [INFO] from com.jpro.meta.tk.SceneInputListener in JavaFX Application Thread - On disposing SceneInputListener: primaryScene.window was null. Skipped the forced release of the mouse.
2026-04-29 21:17:03,434 [WARN] from com.jpro.meta.stream.FXSerializer$$anon$1 in JavaFX Application Thread - Unsupported Object: com.sun.scenario.effect.DropShadow@667e227 ... com.sun.scenario.effect.DropShadow
2026-04-29 21:17:03,447 [WARN] from com.jpro.meta.stream.FXSerializer$$anon$1 in JavaFX Application Thread - Unsupported Object: com.sun.scenario.effect.DropShadow@12426e3a ... com.sun.scenario.effect.DropShadow
2026-04-29 21:17:03,465 [WARN] from com.jpro.meta.stream.FXSerializer$$anon$1 in JavaFX Application Thread - Unsupported Object: com.sun.scenario.effect.DropShadow@2e325f26 ... com.sun.scenario.effect.DropShadow
2026-04-29 21:17:03,481 [WARN] from com.jpro.meta.stream.FXSerializer$$anon$1 in JavaFX Application Thread - Unsupported Object: com.sun.scenario.effect.DropShadow@5c1f2636 ... com.sun.scenario.effect.DropShadow
2026-04-29 21:17:03,496 [WARN] from com.jpro.meta.stream.FXSerializer$$anon$1 in JavaFX Application Thread - Unsupported Object: com.sun.scenario.effect.DropShadow@263a6db7 ... com.sun.scenario.effect.DropShadow
2026-04-29 21:17:03,513 [WARN] from com.jpro.meta.stream.FXSerializer$$anon$1 in JavaFX Application Thread - Unsupported Object: com.sun.scenario.effect.DropShadow@5a2f9008 ... com.sun.scenario.effect.DropShadow
2026-04-29 21:17:03,532 [WARN] from com.jpro.meta.stream.FXSerializer$$anon$1 in JavaFX Application Thread - Unsupported Object: com.sun.scenario.effect.DropShadow@37c34fcf ... com.sun.scenario.effect.DropShadow
2026-04-29 21:17:03,544 [WARN] from com.jpro.meta.stream.FXSerializer$$anon$1 in JavaFX Application Thread - Unsupported Object: com.sun.scenario.effect.DropShadow@4a60221b ... com.sun.scenario.effect.DropShadow
2026-04-29 21:17:03,561 [WARN] from com.jpro.meta.stream.FXSerializer$$anon$1 in JavaFX Application Thread - Unsupported Object: com.sun.scenario.effect.DropShadow@60353416 ... com.sun.scenario.effect.DropShadow
2026-04-29 21:17:03,576 [WARN] from com.jpro.meta.stream.FXSerializer$$anon$1 in JavaFX Application Thread - Unsupported Object: com.sun.scenario.effect.DropShadow@495e1285 ... com.sun.scenario.effect.DropShadow
2026-04-29 21:17:03,593 [WARN] from com.jpro.meta.stream.FXSerializer$$anon$1 in JavaFX Application Thread - Unsupported Object: com.sun.scenario.effect.DropShadow@2bce40c6 ... com.sun.scenario.effect.DropShadow
2026-04-29 21:17:03,610 [WARN] from com.jpro.meta.stream.FXSerializer$$anon$1 in JavaFX Application Thread - Unsupported Object: com.sun.scenario.effect.DropShadow@3e75ea82 ... com.sun.scenario.effect.DropShadow
2026-04-29 21:17:03,626 [WARN] from com.jpro.meta.stream.FXSerializer$$anon$1 in JavaFX Application Thread - Unsupported Object: com.sun.scenario.effect.DropShadow@2d16dcae ... com.sun.scenario.effect.DropShadow
2026-04-29 21:17:03,641 [WARN] from com.jpro.meta.stream.FXSerializer$$anon$1 in JavaFX Application Thread - Unsupported Object: com.sun.scenario.effect.DropShadow@7fdde98 ... com.sun.scenario.effect.DropShadow
2026-04-29 21:17:03,658 [WARN] from com.jpro.meta.stream.FXSerializer$$anon$1 in JavaFX Application Thread - Unsupported Object: com.sun.scenario.effect.DropShadow@b27bd48 ... com.sun.scenario.effect.DropShadow
2026-04-29 21:17:03,673 [WARN] from com.jpro.meta.stream.FXSerializer$$anon$1 in JavaFX Application Thread - Unsupported Object: com.sun.scenario.effect.DropShadow@7b54462d ... com.sun.scenario.effect.DropShadow
2026-04-29 21:17:03,689 [WARN] from com.jpro.meta.stream.FXSerializer$$anon$1 in JavaFX Application Thread - Unsupported Object: com.sun.scenario.effect.DropShadow@79f4fde1 ... com.sun.scenario.effect.DropShadow
2026-04-29 21:17:03,705 [WARN] from com.jpro.meta.stream.FXSerializer$$anon$1 in JavaFX Application Thread - Unsupported Object: com.sun.scenario.effect.DropShadow@744e3ce1 ... com.sun.scenario.effect.DropShadow
2026-04-29 21:17:03,721 [WARN] from com.jpro.meta.stream.FXSerializer$$anon$1 in JavaFX Application Thread - Unsupported Object: com.sun.scenario.effect.DropShadow@2b1939c0 ... com.sun.scenario.effect.DropShadow
2026-04-29 21:17:16,523 [WARN] from javafx.css in JavaFX Application Thread - Caught 'java.lang.ClassCastException: class java.lang.String cannot be cast to class javafx.scene.paint.Paint (java.lang.String is in module java.base of loader 'bootstrap'; javafx.scene.paint.Paint is in unnamed module of loader 'app')' while converting value for '-fx-background-color' from inline style on Button@2ac93984[styleClass=button exit-back-button]''
2026-04-29 21:17:16,553 [INFO] from com.jpro.meta.tk.SceneInputListener in JavaFX Application Thread - On disposing SceneInputListener: primaryScene.window was null. Skipped the forced release of the mouse.
2026-04-29 21:17:18,584 [WARN] from javafx.css in JavaFX Application Thread - Caught 'java.lang.ClassCastException: class java.lang.String cannot be cast to class javafx.scene.paint.Paint (java.lang.String is in module java.base of loader 'bootstrap'; javafx.scene.paint.Paint is in unnamed module of loader 'app')' while converting value for '-fx-background-color' from inline style on Button@2ac93984[styleClass=button exit-back-button]''
2026-04-29 21:17:19,403 [INFO] from com.jpro.meta.tk.SceneInputListener in JavaFX Application Thread - On disposing SceneInputListener: primaryScene.window was null. Skipped the forced release of the mouse.
2026-04-29 21:17:20,909 [INFO] from com.jpro.meta.tk.SceneInputListener in JavaFX Application Thread - On disposing SceneInputListener: primaryScene.window was null. Skipped the forced release of the mouse.
2026-04-29 21:17:23,517 [INFO] from com.jpro.internal.server.JProWSEndpoint in [0x02d90efa 0x791b9b12] WebServer socket - Frame received after poison, ignoring
2026-04-29 21:17:23,517 [INFO] from com.jpro.internal.server.JProWSEndpoint in [0x02d90efa 0x791b9b12] WebServer socket - WebSocket for [default] closed: 1000 – tab-closed
2026-04-29 21:17:23,519 [INFO] from com.jpro.internal.stats.ViewInfo$ in JavaFX Application Thread - [JPro] -> View closed: {app_name: default, host_name: localhost:8080, instance_id: b45cguskd6f2vtbvb18ufnpsg, browser: Microsoft Edge 147.0.0.0, browser_url: http://localhost:8080/, client_ip: 0:0:0:0:0:0:0:1, reason: tab-closed}
2026-04-29 21:17:23,550 [INFO] from com.jpro.internal.stats.ViewInfo$ in JavaFX Application Thread - 
2026-04-29 21:17:23,550 [INFO] from com.jpro.internal.stats.ViewInfo$ in JavaFX Application Thread - Application closed:
2026-04-29 21:17:23,563 [INFO] from com.jpro.internal.stats.ViewInfo$ in JavaFX Application Thread - startTime      : Wed Apr 29 21:16:52 GMT+07:00 2026      
2026-04-29 21:17:23,563 [INFO] from com.jpro.internal.stats.ViewInfo$ in JavaFX Application Thread - duration       : 00:00:31.473 
2026-04-29 21:17:23,563 [INFO] from com.jpro.internal.stats.ViewInfo$ in JavaFX Application Thread - averageLatency : 00:00:00.004 
2026-04-29 21:17:23,563 [INFO] from com.jpro.internal.stats.ViewInfo$ in JavaFX Application Thread - averageJitter  : 00:00:00.003  
2026-04-29 21:17:23,565 [INFO] from com.jpro.internal.stats.ViewInfo$ in JavaFX Application Thread - framerateServer: 00:00:00.000
2026-04-29 21:17:23,566 [INFO] from com.jpro.internal.stats.ViewInfo$ in JavaFX Application Thread - framerateClient: 00:00:00.000
2026-04-29 21:17:23,566 [INFO] from com.jpro.internal.stats.ViewInfo$ in JavaFX Application Thread - raw            : 9464482
2026-04-29 21:17:23,566 [INFO] from com.jpro.internal.stats.ViewInfo$ in JavaFX Application Thread - zipped         : 1317864
2026-04-29 21:17:23,566 [INFO] from com.jpro.internal.stats.ViewInfo$ in JavaFX Application Thread - 
2026-04-29 21:17:24,525 [INFO] from com.jpro.internal.communicator.InstanceImpl in JavaFX Application Thread - [JPro] -> Instance closed: {app_name: default, host_name: localhost:8080, instance_id: b45cguskd6f2vtbvb18ufnpsg, browser: Microsoft Edge 147.0.0.0, browser_url: http://localhost:8080/, client_ip: 0:0:0:0:0:0:0:1, reason: close-tab-closed}
2026-04-29 21:17:27,100 [INFO] from com.jpro.internal.server.JProInitializer$ in Thread-12 - Parent process is not alive anymore. Shutting down.
2026-04-29 21:17:27,100 [INFO] from io.helidon.Main in helidon-shutdown-thread - Shutdown requested by JVM shutting down
2026-04-29 21:17:27,101 [INFO] from io.helidon.webserver.ServerListener in server-@default-listener - [0x02d90efa] @default socket closed.
2026-04-29 21:17:27,102 [INFO] from io.helidon.Main in helidon-shutdown-thread - Shutdown finished
2026-04-29 21:19:34,868 [INFO] from com.jpro.activity in scala-execution-context-global-39 - Starting the server
2026-04-29 21:19:34,875 [INFO] from com.jpro.internal.server.JProInitializer$ in scala-execution-context-global-39 -  *** Starting JPro: https://www.jpro.one/ ***
2026-04-29 21:19:34,875 [INFO] from com.jpro.internal.server.JProInitializer$ in scala-execution-context-global-39 - OS: Windows 11
2026-04-29 21:19:34,880 [INFO] from com.jpro.internal.server.JProInitializer$ in scala-execution-context-global-39 - JPro: 2026.1.1
2026-04-29 21:19:34,880 [INFO] from com.jpro.internal.server.JProInitializer$ in scala-execution-context-global-39 - Java version: 26.0.1
2026-04-29 21:19:34,880 [INFO] from com.jpro.internal.server.JProInitializer$ in scala-execution-context-global-39 - JVM: 26.0.1 Oracle Corporation
2026-04-29 21:19:34,882 [INFO] from com.jpro.internal.server.JProInitializer$ in scala-execution-context-global-39 - JavaFX jar: file:/C:/Users/lehas/.m2/repository/org/openjfx/javafx-graphics/25.0.2-jpro+1/javafx-graphics-25.0.2-jpro+1-win.jar
2026-04-29 21:19:34,884 [INFO] from com.jpro.internal.server.JProInitializer$ in scala-execution-context-global-39 - Configuring logging from url: 'jar:file:/C:/Users/lehas/.m2/repository/one/jpro/jpro-server_2.12/2026.1.1/jpro-server_2.12-2026.1.1.jar!/logback-jpro-default.xml'
2026-04-29 21:19:35,396 [INFO] from com.jpro.internal.server.JProInitializer$ in JavaFX Application Thread - JavaFX version: 25.0.2-jpro+1
2026-04-29 21:19:35,486 [INFO] from com.jpro.internal.server.JProInitializer$ in scala-execution-context-global-39 - finished init!
2026-04-29 21:19:35,489 [INFO] from com.jpro.internal.server.JProInitializer$ in scala-execution-context-global-39 - [JPro] -> Server started: {start_time: 1777472374867, os_name: Windows 11, jpro_version: 2026.1.1, pid: 18192, servername: D604}
2026-04-29 21:19:35,550 [INFO] from com.jpro.internal.server.Route$ in Thread-0 - Creating routing for JPro server
2026-04-29 21:19:35,607 [INFO] from io.helidon.common.features.HelidonFeatures in features-thread - Helidon SE 4.2.6 features: [Config, Encoding, Media, Metrics, Registry, WebServer, WebSocket]
2026-04-29 21:19:35,612 [INFO] from io.helidon.webserver.ServerListener in start @default (/0.0.0.0:8080) - [0x579c290a] http://0.0.0.0:8080 bound for socket '@default'
2026-04-29 21:19:35,620 [INFO] from io.helidon.webserver.LoomServer in Thread-0 - Started all channels in 15 milliseconds. 1521 milliseconds since JVM startup. Java 26.0.1+8-34
2026-04-29 21:19:36,592 [INFO] from com.jpro.internal.server.JProWSEndpoint in [0x579c290a 0x169c7176] WebServer socket - application requested: default params: Map()
2026-04-29 21:19:36,592 [INFO] from com.jpro.internal.server.JProWSEndpoint in [0x579c290a 0x169c7176] WebServer socket - Creating Application: default
2026-04-29 21:19:36,592 [INFO] from com.jpro.internal.server.JProWSEndpoint in [0x579c290a 0x169c7176] WebServer socket - remoteAddress 0:0:0:0:0:0:0:1
2026-04-29 21:19:36,593 [INFO] from com.jpro.internal.server.JProWSEndpoint in [0x579c290a 0x169c7176] WebServer socket - host          
2026-04-29 21:19:36,593 [INFO] from com.jpro.internal.server.JProWSEndpoint in [0x579c290a 0x169c7176] WebServer socket - uri           /app/ws/default
2026-04-29 21:19:36,602 [INFO] from com.jpro.internal.server.JProWSEndpoint in [0x579c290a 0x169c7176] WebServer socket - Application found.
2026-04-29 21:19:36,655 [INFO] from com.jpro.internal.server.JProWSEndpoint in [0x579c290a 0x169c7176] WebServer socket - Handshake received: 1fc848e7be83856bef963b103116f03f
2026-04-29 21:19:36,902 [INFO] from com.jpro.internal.stats.ViewInfo$ in JavaFX Application Thread - [JPro] -> View created: {app_name: default, host_name: localhost:8080, instance_id: 9c73o5lu38ewsf2bbr7kmrp82, browser: Microsoft Edge 147.0.0.0, browser_url: http://localhost:8080/, client_ip: 0:0:0:0:0:0:0:1}
2026-04-29 21:19:37,957 [INFO] from com.jpro.internal.communicator.InstanceImpl in JavaFX Application Thread - [JPro] -> Instance created: {app_name: default, host_name: localhost:8080, instance_id: 9c73o5lu38ewsf2bbr7kmrp82, browser: Microsoft Edge 147.0.0.0, browser_url: http://localhost:8080/, client_ip: 0:0:0:0:0:0:0:1}
2026-04-29 21:19:40,248 [INFO] from com.jpro.meta.tk.SceneInputListener in JavaFX Application Thread - On disposing SceneInputListener: primaryScene.window was null. Skipped the forced release of the mouse.
2026-04-29 21:19:42,967 [INFO] from com.jpro.meta.tk.SceneInputListener in JavaFX Application Thread - On disposing SceneInputListener: primaryScene.window was null. Skipped the forced release of the mouse.
2026-04-29 21:19:47,326 [INFO] from com.jpro.internal.server.JProWSEndpoint in [0x579c290a 0x169c7176] WebServer socket - Frame received after poison, ignoring
2026-04-29 21:19:47,326 [INFO] from com.jpro.internal.server.JProWSEndpoint in [0x579c290a 0x169c7176] WebServer socket - WebSocket for [default] closed: 1000 – tab-closed
2026-04-29 21:19:47,329 [INFO] from com.jpro.internal.stats.ViewInfo$ in JavaFX Application Thread - [JPro] -> View closed: {app_name: default, host_name: localhost:8080, instance_id: 9c73o5lu38ewsf2bbr7kmrp82, browser: Microsoft Edge 147.0.0.0, browser_url: http://localhost:8080/, client_ip: 0:0:0:0:0:0:0:1, reason: tab-closed}
2026-04-29 21:19:47,337 [INFO] from com.jpro.internal.stats.ViewInfo$ in JavaFX Application Thread - 
2026-04-29 21:19:47,337 [INFO] from com.jpro.internal.stats.ViewInfo$ in JavaFX Application Thread - Application closed:
2026-04-29 21:19:47,352 [INFO] from com.jpro.internal.stats.ViewInfo$ in JavaFX Application Thread - startTime      : Wed Apr 29 21:19:36 GMT+07:00 2026      
2026-04-29 21:19:47,352 [INFO] from com.jpro.internal.stats.ViewInfo$ in JavaFX Application Thread - duration       : 00:00:10.528 
2026-04-29 21:19:47,352 [INFO] from com.jpro.internal.stats.ViewInfo$ in JavaFX Application Thread - averageLatency : 00:00:00.002 
2026-04-29 21:19:47,352 [INFO] from com.jpro.internal.stats.ViewInfo$ in JavaFX Application Thread - averageJitter  : 00:00:00.000  
2026-04-29 21:19:47,354 [INFO] from com.jpro.internal.stats.ViewInfo$ in JavaFX Application Thread - framerateServer: 00:00:00.000
2026-04-29 21:19:47,354 [INFO] from com.jpro.internal.stats.ViewInfo$ in JavaFX Application Thread - framerateClient: 00:00:00.000
2026-04-29 21:19:47,354 [INFO] from com.jpro.internal.stats.ViewInfo$ in JavaFX Application Thread - raw            : 2102571
2026-04-29 21:19:47,354 [INFO] from com.jpro.internal.stats.ViewInfo$ in JavaFX Application Thread - zipped         : 283871
2026-04-29 21:19:47,354 [INFO] from com.jpro.internal.stats.ViewInfo$ in JavaFX Application Thread - 
2026-04-29 21:19:48,339 [INFO] from com.jpro.internal.communicator.InstanceImpl in JavaFX Application Thread - [JPro] -> Instance closed: {app_name: default, host_name: localhost:8080, instance_id: 9c73o5lu38ewsf2bbr7kmrp82, browser: Microsoft Edge 147.0.0.0, browser_url: http://localhost:8080/, client_ip: 0:0:0:0:0:0:0:1, reason: close-tab-closed}
2026-05-03 18:58:56,125 [INFO] from com.jpro.activity in scala-execution-context-global-39 - Starting the server
2026-05-03 18:58:56,128 [INFO] from com.jpro.internal.server.JProInitializer$ in scala-execution-context-global-39 -  *** Starting JPro: https://www.jpro.one/ ***
2026-05-03 18:58:56,128 [INFO] from com.jpro.internal.server.JProInitializer$ in scala-execution-context-global-39 - OS: Windows 11
2026-05-03 18:58:56,135 [INFO] from com.jpro.internal.server.JProInitializer$ in scala-execution-context-global-39 - JPro: 2026.1.1
2026-05-03 18:58:56,135 [INFO] from com.jpro.internal.server.JProInitializer$ in scala-execution-context-global-39 - Java version: 26.0.1
2026-05-03 18:58:56,135 [INFO] from com.jpro.internal.server.JProInitializer$ in scala-execution-context-global-39 - JVM: 26.0.1 Oracle Corporation
2026-05-03 18:58:56,137 [INFO] from com.jpro.internal.server.JProInitializer$ in scala-execution-context-global-39 - JavaFX jar: file:/C:/Users/lehas/.m2/repository/org/openjfx/javafx-graphics/25.0.2-jpro+1/javafx-graphics-25.0.2-jpro+1-win.jar
2026-05-03 18:58:56,139 [INFO] from com.jpro.internal.server.JProInitializer$ in scala-execution-context-global-39 - Configuring logging from url: 'jar:file:/C:/Users/lehas/.m2/repository/one/jpro/jpro-server_2.12/2026.1.1/jpro-server_2.12-2026.1.1.jar!/logback-jpro-default.xml'
2026-05-03 18:58:57,256 [INFO] from com.jpro.internal.server.JProInitializer$ in JavaFX Application Thread - JavaFX version: 25.0.2-jpro+1
2026-05-03 18:58:57,349 [INFO] from com.jpro.internal.server.JProInitializer$ in scala-execution-context-global-39 - finished init!
2026-05-03 18:58:57,353 [INFO] from com.jpro.internal.server.JProInitializer$ in scala-execution-context-global-39 - [JPro] -> Server started: {start_time: 1777809536124, os_name: Windows 11, jpro_version: 2026.1.1, pid: 11600, servername: N590}
2026-05-03 18:58:57,432 [INFO] from com.jpro.internal.server.Route$ in Thread-0 - Creating routing for JPro server
2026-05-03 18:58:57,507 [INFO] from io.helidon.common.features.HelidonFeatures in features-thread - Helidon SE 4.2.6 features: [Config, Encoding, Media, Metrics, Registry, WebServer, WebSocket]
2026-05-03 18:58:57,513 [INFO] from io.helidon.webserver.ServerListener in start @default (/0.0.0.0:8080) - [0x2a3c5a78] http://0.0.0.0:8080 bound for socket '@default'
2026-05-03 18:58:57,519 [INFO] from io.helidon.webserver.LoomServer in Thread-0 - Started all channels in 18 milliseconds. 2961 milliseconds since JVM startup. Java 26.0.1+8-34
2026-05-03 18:58:58,391 [INFO] from com.jpro.internal.server.JProWSEndpoint in [0x2a3c5a78 0x1aa10c5b] WebServer socket - application requested: default params: Map()
2026-05-03 18:58:58,392 [INFO] from com.jpro.internal.server.JProWSEndpoint in [0x2a3c5a78 0x1aa10c5b] WebServer socket - Creating Application: default
2026-05-03 18:58:58,392 [INFO] from com.jpro.internal.server.JProWSEndpoint in [0x2a3c5a78 0x1aa10c5b] WebServer socket - remoteAddress 0:0:0:0:0:0:0:1
2026-05-03 18:58:58,392 [INFO] from com.jpro.internal.server.JProWSEndpoint in [0x2a3c5a78 0x1aa10c5b] WebServer socket - host          
2026-05-03 18:58:58,392 [INFO] from com.jpro.internal.server.JProWSEndpoint in [0x2a3c5a78 0x1aa10c5b] WebServer socket - uri           /app/ws/default
2026-05-03 18:58:58,422 [INFO] from com.jpro.internal.server.JProWSEndpoint in [0x2a3c5a78 0x1aa10c5b] WebServer socket - Application found.
2026-05-03 18:58:58,463 [INFO] from com.jpro.internal.server.JProWSEndpoint in [0x2a3c5a78 0x1aa10c5b] WebServer socket - Handshake received: 1fc848e7be83856bef963b103116f03f
2026-05-03 18:58:58,742 [INFO] from com.jpro.internal.stats.ViewInfo$ in JavaFX Application Thread - [JPro] -> View created: {app_name: default, host_name: localhost:8080, instance_id: eqhsbvh3t9w716uhikibvipxf, browser: Microsoft Edge 147.0.0.0, browser_url: http://localhost:8080/, client_ip: 0:0:0:0:0:0:0:1}
2026-05-03 18:59:02,279 [INFO] from com.jpro.internal.communicator.InstanceImpl in JavaFX Application Thread - [JPro] -> Instance created: {app_name: default, host_name: localhost:8080, instance_id: eqhsbvh3t9w716uhikibvipxf, browser: Microsoft Edge 147.0.0.0, browser_url: http://localhost:8080/, client_ip: 0:0:0:0:0:0:0:1}
2026-05-03 18:59:09,544 [INFO] from com.jpro.internal.server.JProWSEndpoint in [0x2a3c5a78 0x1aa10c5b] WebServer socket - Frame received after poison, ignoring
2026-05-03 18:59:09,544 [INFO] from com.jpro.internal.server.JProWSEndpoint in [0x2a3c5a78 0x1aa10c5b] WebServer socket - WebSocket for [default] closed: 1000 – tab-closed
2026-05-03 18:59:09,546 [INFO] from com.jpro.internal.stats.ViewInfo$ in JavaFX Application Thread - [JPro] -> View closed: {app_name: default, host_name: localhost:8080, instance_id: eqhsbvh3t9w716uhikibvipxf, browser: Microsoft Edge 147.0.0.0, browser_url: http://localhost:8080/, client_ip: 0:0:0:0:0:0:0:1, reason: tab-closed}
2026-05-03 18:59:09,548 [INFO] from com.jpro.internal.stats.ViewInfo$ in JavaFX Application Thread - 
2026-05-03 18:59:09,548 [INFO] from com.jpro.internal.stats.ViewInfo$ in JavaFX Application Thread - Application closed:
2026-05-03 18:59:09,557 [INFO] from com.jpro.internal.stats.ViewInfo$ in JavaFX Application Thread - startTime      : Sun May 03 18:58:58 GMT+07:00 2026      
2026-05-03 18:59:09,557 [INFO] from com.jpro.internal.stats.ViewInfo$ in JavaFX Application Thread - duration       : 00:00:10.907 
2026-05-03 18:59:09,557 [INFO] from com.jpro.internal.stats.ViewInfo$ in JavaFX Application Thread - averageLatency : 00:00:00.004 
2026-05-03 18:59:09,557 [INFO] from com.jpro.internal.stats.ViewInfo$ in JavaFX Application Thread - averageJitter  : 00:00:00.007  
2026-05-03 18:59:09,558 [INFO] from com.jpro.internal.stats.ViewInfo$ in JavaFX Application Thread - framerateServer: 00:00:00.000
2026-05-03 18:59:09,559 [INFO] from com.jpro.internal.stats.ViewInfo$ in JavaFX Application Thread - framerateClient: 00:00:00.000
2026-05-03 18:59:09,559 [INFO] from com.jpro.internal.stats.ViewInfo$ in JavaFX Application Thread - raw            : 32420
2026-05-03 18:59:09,559 [INFO] from com.jpro.internal.stats.ViewInfo$ in JavaFX Application Thread - zipped         : 5520
2026-05-03 18:59:09,559 [INFO] from com.jpro.internal.stats.ViewInfo$ in JavaFX Application Thread - 
2026-05-03 18:59:10,554 [INFO] from com.jpro.internal.communicator.InstanceImpl in JavaFX Application Thread - [JPro] -> Instance closed: {app_name: default, host_name: localhost:8080, instance_id: eqhsbvh3t9w716uhikibvipxf, browser: Microsoft Edge 147.0.0.0, browser_url: http://localhost:8080/, client_ip: 0:0:0:0:0:0:0:1, reason: close-tab-closed}
2026-05-03 19:03:42,414 [INFO] from com.jpro.activity in scala-execution-context-global-39 - Starting the server
2026-05-03 19:03:42,416 [INFO] from com.jpro.internal.server.JProInitializer$ in scala-execution-context-global-39 -  *** Starting JPro: https://www.jpro.one/ ***
2026-05-03 19:03:42,416 [INFO] from com.jpro.internal.server.JProInitializer$ in scala-execution-context-global-39 - OS: Windows 11
2026-05-03 19:03:42,422 [INFO] from com.jpro.internal.server.JProInitializer$ in scala-execution-context-global-39 - JPro: 2026.1.1
2026-05-03 19:03:42,423 [INFO] from com.jpro.internal.server.JProInitializer$ in scala-execution-context-global-39 - Java version: 26.0.1
2026-05-03 19:03:42,423 [INFO] from com.jpro.internal.server.JProInitializer$ in scala-execution-context-global-39 - JVM: 26.0.1 Oracle Corporation
2026-05-03 19:03:42,424 [INFO] from com.jpro.internal.server.JProInitializer$ in scala-execution-context-global-39 - JavaFX jar: file:/C:/Users/lehas/.m2/repository/org/openjfx/javafx-graphics/25.0.2-jpro+1/javafx-graphics-25.0.2-jpro+1-win.jar
2026-05-03 19:03:42,427 [INFO] from com.jpro.internal.server.JProInitializer$ in scala-execution-context-global-39 - Configuring logging from url: 'jar:file:/C:/Users/lehas/.m2/repository/one/jpro/jpro-server_2.12/2026.1.1/jpro-server_2.12-2026.1.1.jar!/logback-jpro-default.xml'
2026-05-03 19:03:43,046 [INFO] from com.jpro.internal.server.JProInitializer$ in JavaFX Application Thread - JavaFX version: 25.0.2-jpro+1
2026-05-03 19:03:43,152 [INFO] from com.jpro.internal.server.JProInitializer$ in scala-execution-context-global-39 - finished init!
2026-05-03 19:03:43,158 [INFO] from com.jpro.internal.server.JProInitializer$ in scala-execution-context-global-39 - [JPro] -> Server started: {start_time: 1777809822413, os_name: Windows 11, jpro_version: 2026.1.1, pid: 16136, servername: H788}
2026-05-03 19:03:43,242 [INFO] from com.jpro.internal.server.Route$ in Thread-0 - Creating routing for JPro server
2026-05-03 19:03:43,304 [INFO] from io.helidon.common.features.HelidonFeatures in features-thread - Helidon SE 4.2.6 features: [Config, Encoding, Media, Metrics, Registry, WebServer, WebSocket]
2026-05-03 19:03:43,311 [INFO] from io.helidon.webserver.ServerListener in start @default (/0.0.0.0:8080) - [0x579c290a] http://0.0.0.0:8080 bound for socket '@default'
2026-05-03 19:03:43,318 [INFO] from io.helidon.webserver.LoomServer in Thread-0 - Started all channels in 19 milliseconds. 1826 milliseconds since JVM startup. Java 26.0.1+8-34
2026-05-03 19:03:44,186 [INFO] from com.jpro.internal.server.JProWSEndpoint in [0x579c290a 0x09d169f2] WebServer socket - application requested: default params: Map()
2026-05-03 19:03:44,187 [INFO] from com.jpro.internal.server.JProWSEndpoint in [0x579c290a 0x09d169f2] WebServer socket - Creating Application: default
2026-05-03 19:03:44,187 [INFO] from com.jpro.internal.server.JProWSEndpoint in [0x579c290a 0x09d169f2] WebServer socket - remoteAddress 0:0:0:0:0:0:0:1
2026-05-03 19:03:44,187 [INFO] from com.jpro.internal.server.JProWSEndpoint in [0x579c290a 0x09d169f2] WebServer socket - host          
2026-05-03 19:03:44,187 [INFO] from com.jpro.internal.server.JProWSEndpoint in [0x579c290a 0x09d169f2] WebServer socket - uri           /app/ws/default
2026-05-03 19:03:44,195 [INFO] from com.jpro.internal.server.JProWSEndpoint in [0x579c290a 0x09d169f2] WebServer socket - Application found.
2026-05-03 19:03:44,253 [INFO] from com.jpro.internal.server.JProWSEndpoint in [0x579c290a 0x09d169f2] WebServer socket - Handshake received: 1fc848e7be83856bef963b103116f03f
2026-05-03 19:03:44,492 [INFO] from com.jpro.internal.stats.ViewInfo$ in JavaFX Application Thread - [JPro] -> View created: {app_name: default, host_name: localhost:8080, instance_id: 1jglnd5gedxldkxa3djwc5pdi, browser: Microsoft Edge 147.0.0.0, browser_url: http://localhost:8080/, client_ip: 0:0:0:0:0:0:0:1}
2026-05-03 19:03:46,073 [INFO] from com.jpro.internal.communicator.InstanceImpl in JavaFX Application Thread - [JPro] -> Instance created: {app_name: default, host_name: localhost:8080, instance_id: 1jglnd5gedxldkxa3djwc5pdi, browser: Microsoft Edge 147.0.0.0, browser_url: http://localhost:8080/, client_ip: 0:0:0:0:0:0:0:1}
2026-05-03 19:03:54,781 [INFO] from com.jpro.internal.server.JProWSEndpoint in [0x579c290a 0x09d169f2] WebServer socket - Frame received after poison, ignoring
2026-05-03 19:03:54,781 [INFO] from com.jpro.internal.server.JProWSEndpoint in [0x579c290a 0x09d169f2] WebServer socket - WebSocket for [default] closed: 1000 – tab-closed
2026-05-03 19:06:35,161 [INFO] from com.jpro.activity in scala-execution-context-global-39 - Starting the server
2026-05-03 19:06:35,163 [INFO] from com.jpro.internal.server.JProInitializer$ in scala-execution-context-global-39 -  *** Starting JPro: https://www.jpro.one/ ***
2026-05-03 19:06:35,163 [INFO] from com.jpro.internal.server.JProInitializer$ in scala-execution-context-global-39 - OS: Windows 11
2026-05-03 19:06:35,171 [INFO] from com.jpro.internal.server.JProInitializer$ in scala-execution-context-global-39 - JPro: 2026.1.1
2026-05-03 19:06:35,171 [INFO] from com.jpro.internal.server.JProInitializer$ in scala-execution-context-global-39 - Java version: 26.0.1
2026-05-03 19:06:35,171 [INFO] from com.jpro.internal.server.JProInitializer$ in scala-execution-context-global-39 - JVM: 26.0.1 Oracle Corporation
2026-05-03 19:06:35,173 [INFO] from com.jpro.internal.server.JProInitializer$ in scala-execution-context-global-39 - JavaFX jar: file:/C:/Users/lehas/.m2/repository/org/openjfx/javafx-graphics/25.0.2-jpro+1/javafx-graphics-25.0.2-jpro+1-win.jar
2026-05-03 19:06:35,175 [INFO] from com.jpro.internal.server.JProInitializer$ in scala-execution-context-global-39 - Configuring logging from url: 'jar:file:/C:/Users/lehas/.m2/repository/one/jpro/jpro-server_2.12/2026.1.1/jpro-server_2.12-2026.1.1.jar!/logback-jpro-default.xml'
2026-05-03 19:06:35,747 [INFO] from com.jpro.internal.server.JProInitializer$ in JavaFX Application Thread - JavaFX version: 25.0.2-jpro+1
2026-05-03 19:06:35,829 [INFO] from com.jpro.internal.server.JProInitializer$ in scala-execution-context-global-39 - finished init!
2026-05-03 19:06:35,832 [INFO] from com.jpro.internal.server.JProInitializer$ in scala-execution-context-global-39 - [JPro] -> Server started: {start_time: 1777809995160, os_name: Windows 11, jpro_version: 2026.1.1, pid: 12252, servername: E577}
2026-05-03 19:06:35,916 [INFO] from com.jpro.internal.server.Route$ in Thread-0 - Creating routing for JPro server
2026-05-03 19:06:35,979 [INFO] from io.helidon.common.features.HelidonFeatures in features-thread - Helidon SE 4.2.6 features: [Config, Encoding, Media, Metrics, Registry, WebServer, WebSocket]
2026-05-03 19:06:35,983 [INFO] from io.helidon.webserver.ServerListener in start @default (/0.0.0.0:8080) - [0x2746c1d1] http://0.0.0.0:8080 bound for socket '@default'
2026-05-03 19:06:35,989 [INFO] from io.helidon.webserver.LoomServer in Thread-0 - Started all channels in 18 milliseconds. 1656 milliseconds since JVM startup. Java 26.0.1+8-34
2026-05-03 19:06:36,889 [INFO] from com.jpro.internal.server.JProWSEndpoint in [0x2746c1d1 0x36d79111] WebServer socket - application requested: default params: Map()
2026-05-03 19:06:36,891 [INFO] from com.jpro.internal.server.JProWSEndpoint in [0x2746c1d1 0x36d79111] WebServer socket - Creating Application: default
2026-05-03 19:06:36,891 [INFO] from com.jpro.internal.server.JProWSEndpoint in [0x2746c1d1 0x36d79111] WebServer socket - remoteAddress 0:0:0:0:0:0:0:1
2026-05-03 19:06:36,891 [INFO] from com.jpro.internal.server.JProWSEndpoint in [0x2746c1d1 0x36d79111] WebServer socket - host          
2026-05-03 19:06:36,891 [INFO] from com.jpro.internal.server.JProWSEndpoint in [0x2746c1d1 0x36d79111] WebServer socket - uri           /app/ws/default
2026-05-03 19:06:36,903 [INFO] from com.jpro.internal.server.JProWSEndpoint in [0x2746c1d1 0x36d79111] WebServer socket - Application found.
2026-05-03 19:06:36,968 [INFO] from com.jpro.internal.server.JProWSEndpoint in [0x2746c1d1 0x36d79111] WebServer socket - Handshake received: 1fc848e7be83856bef963b103116f03f
2026-05-03 19:06:37,240 [INFO] from com.jpro.internal.stats.ViewInfo$ in JavaFX Application Thread - [JPro] -> View created: {app_name: default, host_name: localhost:8080, instance_id: c3mtokhptfd4tsomg4js3ozjt, browser: Microsoft Edge 147.0.0.0, browser_url: http://localhost:8080/, client_ip: 0:0:0:0:0:0:0:1}
2026-05-03 19:06:38,853 [INFO] from com.jpro.internal.communicator.InstanceImpl in JavaFX Application Thread - [JPro] -> Instance created: {app_name: default, host_name: localhost:8080, instance_id: c3mtokhptfd4tsomg4js3ozjt, browser: Microsoft Edge 147.0.0.0, browser_url: http://localhost:8080/, client_ip: 0:0:0:0:0:0:0:1}
2026-05-03 19:06:53,223 [INFO] from com.jpro.internal.server.JProWSEndpoint in [0x2746c1d1 0x36d79111] WebServer socket - Frame received after poison, ignoring
2026-05-03 19:06:53,223 [INFO] from com.jpro.internal.server.JProWSEndpoint in [0x2746c1d1 0x36d79111] WebServer socket - WebSocket for [default] closed: 1000 – tab-closed
2026-05-03 19:06:53,225 [INFO] from com.jpro.internal.stats.ViewInfo$ in JavaFX Application Thread - [JPro] -> View closed: {app_name: default, host_name: localhost:8080, instance_id: c3mtokhptfd4tsomg4js3ozjt, browser: Microsoft Edge 147.0.0.0, browser_url: http://localhost:8080/, client_ip: 0:0:0:0:0:0:0:1, reason: tab-closed}
2026-05-03 19:06:53,228 [INFO] from com.jpro.internal.stats.ViewInfo$ in JavaFX Application Thread - 
2026-05-03 19:06:53,228 [INFO] from com.jpro.internal.stats.ViewInfo$ in JavaFX Application Thread - Application closed:
2026-05-03 19:06:53,235 [INFO] from com.jpro.internal.stats.ViewInfo$ in JavaFX Application Thread - startTime      : Sun May 03 19:06:37 GMT+07:00 2026      
2026-05-03 19:06:53,235 [INFO] from com.jpro.internal.stats.ViewInfo$ in JavaFX Application Thread - duration       : 00:00:16.096 
2026-05-03 19:06:53,236 [INFO] from com.jpro.internal.stats.ViewInfo$ in JavaFX Application Thread - averageLatency : 00:00:00.004 
2026-05-03 19:06:53,236 [INFO] from com.jpro.internal.stats.ViewInfo$ in JavaFX Application Thread - averageJitter  : 00:00:00.006  
2026-05-03 19:06:53,239 [INFO] from com.jpro.internal.stats.ViewInfo$ in JavaFX Application Thread - framerateServer: 00:00:00.000
2026-05-03 19:06:53,240 [INFO] from com.jpro.internal.stats.ViewInfo$ in JavaFX Application Thread - framerateClient: 00:00:00.000
2026-05-03 19:06:53,240 [INFO] from com.jpro.internal.stats.ViewInfo$ in JavaFX Application Thread - raw            : 33444
2026-05-03 19:06:53,240 [INFO] from com.jpro.internal.stats.ViewInfo$ in JavaFX Application Thread - zipped         : 5621
2026-05-03 19:06:53,240 [INFO] from com.jpro.internal.stats.ViewInfo$ in JavaFX Application Thread - 
2026-05-03 19:06:54,234 [INFO] from com.jpro.internal.communicator.InstanceImpl in JavaFX Application Thread - [JPro] -> Instance closed: {app_name: default, host_name: localhost:8080, instance_id: c3mtokhptfd4tsomg4js3ozjt, browser: Microsoft Edge 147.0.0.0, browser_url: http://localhost:8080/, client_ip: 0:0:0:0:0:0:0:1, reason: close-tab-closed}
2026-05-03 19:09:06,998 [INFO] from com.jpro.activity in scala-execution-context-global-39 - Starting the server
2026-05-03 19:09:07,000 [INFO] from com.jpro.internal.server.JProInitializer$ in scala-execution-context-global-39 -  *** Starting JPro: https://www.jpro.one/ ***
2026-05-03 19:09:07,000 [INFO] from com.jpro.internal.server.JProInitializer$ in scala-execution-context-global-39 - OS: Windows 11
2026-05-03 19:09:07,007 [INFO] from com.jpro.internal.server.JProInitializer$ in scala-execution-context-global-39 - JPro: 2026.1.1
2026-05-03 19:09:07,007 [INFO] from com.jpro.internal.server.JProInitializer$ in scala-execution-context-global-39 - Java version: 26.0.1
2026-05-03 19:09:07,007 [INFO] from com.jpro.internal.server.JProInitializer$ in scala-execution-context-global-39 - JVM: 26.0.1 Oracle Corporation
2026-05-03 19:09:07,008 [INFO] from com.jpro.internal.server.JProInitializer$ in scala-execution-context-global-39 - JavaFX jar: file:/C:/Users/lehas/.m2/repository/org/openjfx/javafx-graphics/25.0.2-jpro+1/javafx-graphics-25.0.2-jpro+1-win.jar
2026-05-03 19:09:07,011 [INFO] from com.jpro.internal.server.JProInitializer$ in scala-execution-context-global-39 - Configuring logging from url: 'jar:file:/C:/Users/lehas/.m2/repository/one/jpro/jpro-server_2.12/2026.1.1/jpro-server_2.12-2026.1.1.jar!/logback-jpro-default.xml'
2026-05-03 19:09:07,585 [INFO] from com.jpro.internal.server.JProInitializer$ in JavaFX Application Thread - JavaFX version: 25.0.2-jpro+1
2026-05-03 19:09:07,687 [INFO] from com.jpro.internal.server.JProInitializer$ in scala-execution-context-global-39 - finished init!
2026-05-03 19:09:07,690 [INFO] from com.jpro.internal.server.JProInitializer$ in scala-execution-context-global-39 - [JPro] -> Server started: {start_time: 1777810146997, os_name: Windows 11, jpro_version: 2026.1.1, pid: 1176, servername: H198}
2026-05-03 19:09:07,770 [INFO] from com.jpro.internal.server.Route$ in Thread-0 - Creating routing for JPro server
2026-05-03 19:09:07,837 [INFO] from io.helidon.common.features.HelidonFeatures in features-thread - Helidon SE 4.2.6 features: [Config, Encoding, Media, Metrics, Registry, WebServer, WebSocket]
2026-05-03 19:09:07,844 [INFO] from io.helidon.webserver.ServerListener in start @default (/0.0.0.0:8080) - [0x02d90efa] http://0.0.0.0:8080 bound for socket '@default'
2026-05-03 19:09:07,852 [INFO] from io.helidon.webserver.LoomServer in Thread-0 - Started all channels in 21 milliseconds. 1742 milliseconds since JVM startup. Java 26.0.1+8-34
2026-05-03 19:09:08,676 [INFO] from com.jpro.internal.server.JProWSEndpoint in [0x02d90efa 0x18c77e4c] WebServer socket - application requested: default params: Map()
2026-05-03 19:09:08,677 [INFO] from com.jpro.internal.server.JProWSEndpoint in [0x02d90efa 0x18c77e4c] WebServer socket - Creating Application: default
2026-05-03 19:09:08,677 [INFO] from com.jpro.internal.server.JProWSEndpoint in [0x02d90efa 0x18c77e4c] WebServer socket - remoteAddress 0:0:0:0:0:0:0:1
2026-05-03 19:09:08,677 [INFO] from com.jpro.internal.server.JProWSEndpoint in [0x02d90efa 0x18c77e4c] WebServer socket - host          
2026-05-03 19:09:08,677 [INFO] from com.jpro.internal.server.JProWSEndpoint in [0x02d90efa 0x18c77e4c] WebServer socket - uri           /app/ws/default
2026-05-03 19:09:08,686 [INFO] from com.jpro.internal.server.JProWSEndpoint in [0x02d90efa 0x18c77e4c] WebServer socket - Application found.
2026-05-03 19:09:08,744 [INFO] from com.jpro.internal.server.JProWSEndpoint in [0x02d90efa 0x18c77e4c] WebServer socket - Handshake received: 1fc848e7be83856bef963b103116f03f
2026-05-03 19:09:09,003 [INFO] from com.jpro.internal.stats.ViewInfo$ in JavaFX Application Thread - [JPro] -> View created: {app_name: default, host_name: localhost:8080, instance_id: 338co29ogxtvejg4mwmjb5zbg, browser: Microsoft Edge 147.0.0.0, browser_url: http://localhost:8080/, client_ip: 0:0:0:0:0:0:0:1}
2026-05-03 19:09:10,170 [INFO] from com.jpro.internal.communicator.InstanceImpl in JavaFX Application Thread - [JPro] -> Instance created: {app_name: default, host_name: localhost:8080, instance_id: 338co29ogxtvejg4mwmjb5zbg, browser: Microsoft Edge 147.0.0.0, browser_url: http://localhost:8080/, client_ip: 0:0:0:0:0:0:0:1}
2026-05-03 19:09:12,250 [INFO] from com.jpro.meta.tk.SceneInputListener in JavaFX Application Thread - On disposing SceneInputListener: primaryScene.window was null. Skipped the forced release of the mouse.
2026-05-03 19:09:13,561 [INFO] from com.jpro.meta.tk.SceneInputListener in JavaFX Application Thread - On disposing SceneInputListener: primaryScene.window was null. Skipped the forced release of the mouse.
2026-05-03 19:09:19,097 [WARN] from com.jpro.meta.stream.FXSerializer$$anon$1 in JavaFX Application Thread - Unsupported Object: com.sun.scenario.effect.DropShadow@7a40683e ... com.sun.scenario.effect.DropShadow
2026-05-03 19:09:19,111 [WARN] from com.jpro.meta.stream.FXSerializer$$anon$1 in JavaFX Application Thread - Unsupported Object: com.sun.scenario.effect.DropShadow@13bcf334 ... com.sun.scenario.effect.DropShadow
2026-05-03 19:09:19,127 [WARN] from com.jpro.meta.stream.FXSerializer$$anon$1 in JavaFX Application Thread - Unsupported Object: com.sun.scenario.effect.DropShadow@620f07be ... com.sun.scenario.effect.DropShadow
2026-05-03 19:09:19,144 [WARN] from com.jpro.meta.stream.FXSerializer$$anon$1 in JavaFX Application Thread - Unsupported Object: com.sun.scenario.effect.DropShadow@21ccd0e7 ... com.sun.scenario.effect.DropShadow
2026-05-03 19:09:19,160 [WARN] from com.jpro.meta.stream.FXSerializer$$anon$1 in JavaFX Application Thread - Unsupported Object: com.sun.scenario.effect.DropShadow@4f5e7d95 ... com.sun.scenario.effect.DropShadow
2026-05-03 19:09:19,175 [WARN] from com.jpro.meta.stream.FXSerializer$$anon$1 in JavaFX Application Thread - Unsupported Object: com.sun.scenario.effect.DropShadow@1ca1a263 ... com.sun.scenario.effect.DropShadow
2026-05-03 19:09:19,191 [WARN] from com.jpro.meta.stream.FXSerializer$$anon$1 in JavaFX Application Thread - Unsupported Object: com.sun.scenario.effect.DropShadow@19152c0b ... com.sun.scenario.effect.DropShadow
2026-05-03 19:09:19,208 [WARN] from com.jpro.meta.stream.FXSerializer$$anon$1 in JavaFX Application Thread - Unsupported Object: com.sun.scenario.effect.DropShadow@3dbe605a ... com.sun.scenario.effect.DropShadow
2026-05-03 19:09:19,223 [WARN] from com.jpro.meta.stream.FXSerializer$$anon$1 in JavaFX Application Thread - Unsupported Object: com.sun.scenario.effect.DropShadow@2a0e7f7f ... com.sun.scenario.effect.DropShadow
2026-05-03 19:09:19,239 [WARN] from com.jpro.meta.stream.FXSerializer$$anon$1 in JavaFX Application Thread - Unsupported Object: com.sun.scenario.effect.DropShadow@70d835bc ... com.sun.scenario.effect.DropShadow
2026-05-03 19:09:19,255 [WARN] from com.jpro.meta.stream.FXSerializer$$anon$1 in JavaFX Application Thread - Unsupported Object: com.sun.scenario.effect.DropShadow@27c8b6e0 ... com.sun.scenario.effect.DropShadow
2026-05-03 19:09:19,271 [WARN] from com.jpro.meta.stream.FXSerializer$$anon$1 in JavaFX Application Thread - Unsupported Object: com.sun.scenario.effect.DropShadow@653afefa ... com.sun.scenario.effect.DropShadow
2026-05-03 19:09:19,288 [WARN] from com.jpro.meta.stream.FXSerializer$$anon$1 in JavaFX Application Thread - Unsupported Object: com.sun.scenario.effect.DropShadow@3c9d6d96 ... com.sun.scenario.effect.DropShadow
2026-05-03 19:09:19,301 [WARN] from com.jpro.meta.stream.FXSerializer$$anon$1 in JavaFX Application Thread - Unsupported Object: com.sun.scenario.effect.DropShadow@404696a3 ... com.sun.scenario.effect.DropShadow
2026-05-03 19:09:19,319 [WARN] from com.jpro.meta.stream.FXSerializer$$anon$1 in JavaFX Application Thread - Unsupported Object: com.sun.scenario.effect.DropShadow@39af7802 ... com.sun.scenario.effect.DropShadow
2026-05-03 19:09:19,335 [WARN] from com.jpro.meta.stream.FXSerializer$$anon$1 in JavaFX Application Thread - Unsupported Object: com.sun.scenario.effect.DropShadow@45462443 ... com.sun.scenario.effect.DropShadow
2026-05-03 19:09:19,351 [WARN] from com.jpro.meta.stream.FXSerializer$$anon$1 in JavaFX Application Thread - Unsupported Object: com.sun.scenario.effect.DropShadow@54bc962 ... com.sun.scenario.effect.DropShadow
2026-05-03 19:09:19,366 [WARN] from com.jpro.meta.stream.FXSerializer$$anon$1 in JavaFX Application Thread - Unsupported Object: com.sun.scenario.effect.DropShadow@bd359e2 ... com.sun.scenario.effect.DropShadow
2026-05-03 19:09:19,383 [WARN] from com.jpro.meta.stream.FXSerializer$$anon$1 in JavaFX Application Thread - Unsupported Object: com.sun.scenario.effect.DropShadow@6b1bb20d ... com.sun.scenario.effect.DropShadow
2026-05-03 19:09:23,879 [INFO] from com.jpro.internal.server.JProWSEndpoint in [0x02d90efa 0x18c77e4c] WebServer socket - Frame received after poison, ignoring
2026-05-03 19:09:23,879 [INFO] from com.jpro.internal.server.JProWSEndpoint in [0x02d90efa 0x18c77e4c] WebServer socket - WebSocket for [default] closed: 1000 – tab-closed
2026-05-03 19:09:23,882 [INFO] from com.jpro.internal.stats.ViewInfo$ in JavaFX Application Thread - [JPro] -> View closed: {app_name: default, host_name: localhost:8080, instance_id: 338co29ogxtvejg4mwmjb5zbg, browser: Microsoft Edge 147.0.0.0, browser_url: http://localhost:8080/, client_ip: 0:0:0:0:0:0:0:1, reason: tab-closed}
2026-05-03 19:09:23,903 [INFO] from com.jpro.internal.stats.ViewInfo$ in JavaFX Application Thread - 
2026-05-03 19:09:23,903 [INFO] from com.jpro.internal.stats.ViewInfo$ in JavaFX Application Thread - Application closed:
2026-05-03 19:09:23,914 [INFO] from com.jpro.internal.stats.ViewInfo$ in JavaFX Application Thread - startTime      : Sun May 03 19:09:08 GMT+07:00 2026      
2026-05-03 19:09:23,914 [INFO] from com.jpro.internal.stats.ViewInfo$ in JavaFX Application Thread - duration       : 00:00:14.991 
2026-05-03 19:09:23,914 [INFO] from com.jpro.internal.stats.ViewInfo$ in JavaFX Application Thread - averageLatency : 00:00:00.002 
2026-05-03 19:09:23,914 [INFO] from com.jpro.internal.stats.ViewInfo$ in JavaFX Application Thread - averageJitter  : 00:00:00.000  
2026-05-03 19:09:23,915 [INFO] from com.jpro.internal.stats.ViewInfo$ in JavaFX Application Thread - framerateServer: 00:00:00.000
2026-05-03 19:09:23,916 [INFO] from com.jpro.internal.stats.ViewInfo$ in JavaFX Application Thread - framerateClient: 00:00:00.000
2026-05-03 19:09:23,916 [INFO] from com.jpro.internal.stats.ViewInfo$ in JavaFX Application Thread - raw            : 5037188
2026-05-03 19:09:23,916 [INFO] from com.jpro.internal.stats.ViewInfo$ in JavaFX Application Thread - zipped         : 682726
2026-05-03 19:09:23,916 [INFO] from com.jpro.internal.stats.ViewInfo$ in JavaFX Application Thread - 
2026-05-03 19:09:24,893 [INFO] from com.jpro.internal.communicator.InstanceImpl in JavaFX Application Thread - [JPro] -> Instance closed: {app_name: default, host_name: localhost:8080, instance_id: 338co29ogxtvejg4mwmjb5zbg, browser: Microsoft Edge 147.0.0.0, browser_url: http://localhost:8080/, client_ip: 0:0:0:0:0:0:0:1, reason: close-tab-closed}
